2025-07-21 10:50:28,091 [INFO] Activator:179 - 


2025-07-21 10:50:28,092 [INFO] Activator:180 - !SESSION log4j initialized
2025-07-29 19:33:28,223 [INFO] Activator:179 - 


2025-07-29 19:33:28,225 [INFO] Activator:180 - !SESSION log4j initialized
2025-08-15 18:02:27,153 [INFO] Activator:179 - 


2025-08-15 18:02:27,154 [INFO] Activator:180 - !SESSION log4j initialized
2025-08-15 18:02:36,990 [INFO] McuFinderGlobals:52 - Set McuFinder mode to 2 (CubeIDE integrated)
2025-08-15 18:02:37,076 [INFO] ApplicationProperties:181 - Using Application install path: /opt/st/stm32cubeide_1.11.0/plugins/com.st.stm32cube.common.mx_6.7.0.202211181646
2025-08-15 18:02:37,090 [INFO] DbMcusXml:77 - Set database path to: /opt/st/stm32cubeide_1.11.0/plugins/com.st.stm32cube.common.mx_6.7.0.202211181646//db//mcu/
2025-08-15 18:02:37,090 [INFO] ApiDb:273 - Set plugin database path to: /opt/st/stm32cubeide_1.11.0/plugins/com.st.stm32cube.common.mx_6.7.0.202211181646//db//plugins/boardmanager/
2025-08-15 18:02:37,093 [WARN] ApiDb:258 - Overriding images path with different value:  => /opt/st/stm32cubeide_1.11.0/plugins/com.st.stm32cube.common.mx_6.7.0.202211181646//db//plugins/mcufinder/images/
2025-08-15 18:02:37,108 [INFO] ApiDb:249 - Set database path to: /home/boobathi/.stmcufinder/plugins/mcufinder//mcu/
2025-08-15 18:02:37,110 [INFO] DbMcusAds:124 - Set database path to: /home/boobathi/.stmcufinder/plugins/mcufinder//mcu/
2025-08-15 18:02:37,112 [INFO] CrossReferenceDbSqlite:202 - Set database path to: /home/boobathi/.stmcufinder/plugins/mcufinder//mcu/cs/
2025-08-15 18:02:37,203 [INFO] RulesReader:61 - Compatibility file has been processed (283 Rules)
2025-08-15 18:02:37,258 [INFO] DbMcusXml:77 - Set database path to: /opt/st/stm32cubeide_1.11.0/plugins/com.st.stm32cube.common.mx_6.7.0.202211181646//db//mcu/
2025-08-15 18:02:37,258 [INFO] ApiDb:273 - Set plugin database path to: /opt/st/stm32cubeide_1.11.0/plugins/com.st.stm32cube.common.mx_6.7.0.202211181646//db//plugins/boardmanager/
2025-08-15 18:02:37,258 [INFO] ApiDb:260 - Set plugin images path to: /opt/st/stm32cubeide_1.11.0/plugins/com.st.stm32cube.common.mx_6.7.0.202211181646//db//plugins/mcufinder/images/
2025-08-15 18:02:37,258 [WARN] DbFile:40 - Overriding database path with different value: /home/boobathi/.stmcufinder/plugins/mcufinder/ => /home/boobathi/.stmcufinder/plugins/mcufinder
2025-08-15 18:02:37,259 [INFO] ApiDb:249 - Set database path to: /home/boobathi/.stmcufinder/plugins/mcufinder//mcu/
2025-08-15 18:02:37,259 [WARN] DbFile:40 - Overriding database path with different value: /home/boobathi/.stmcufinder/plugins/mcufinder/ => /home/boobathi/.stmcufinder/plugins/mcufinder
2025-08-15 18:02:37,259 [INFO] DbMcusAds:124 - Set database path to: /home/boobathi/.stmcufinder/plugins/mcufinder//mcu/
2025-08-15 18:02:37,260 [WARN] DbFile:40 - Overriding database path with different value: /home/boobathi/.stmcufinder/plugins/mcufinder/ => /home/boobathi/.stmcufinder/plugins/mcufinder
2025-08-15 18:02:37,260 [WARN] DbFile:40 - Overriding database path with different value: /home/boobathi/.stmcufinder/plugins/mcufinder/ => /home/boobathi/.stmcufinder/plugins/mcufinder
2025-08-15 18:02:37,260 [INFO] CrossReferenceDbSqlite:202 - Set database path to: /home/boobathi/.stmcufinder/plugins/mcufinder//mcu/cs/
2025-08-15 18:02:37,328 [INFO] MainPanel:252 - HeapMemory: 268435456
2025-08-15 18:02:37,444 [INFO] DbMcusXml:77 - Set database path to: /opt/st/stm32cubeide_1.11.0/plugins/com.st.stm32cube.common.mx_6.7.0.202211181646//db//mcu/
2025-08-15 18:02:37,444 [INFO] ApiDb:273 - Set plugin database path to: /opt/st/stm32cubeide_1.11.0/plugins/com.st.stm32cube.common.mx_6.7.0.202211181646//db//plugins/boardmanager/
2025-08-15 18:02:37,444 [INFO] ApiDb:260 - Set plugin images path to: /opt/st/stm32cubeide_1.11.0/plugins/com.st.stm32cube.common.mx_6.7.0.202211181646//db//plugins/mcufinder/images/
2025-08-15 18:02:37,445 [WARN] DbFile:40 - Overriding database path with different value: /home/boobathi/.stmcufinder/plugins/mcufinder/ => /home/boobathi/.stmcufinder/plugins/mcufinder
2025-08-15 18:02:37,445 [INFO] ApiDb:249 - Set database path to: /home/boobathi/.stmcufinder/plugins/mcufinder//mcu/
2025-08-15 18:02:37,445 [WARN] DbFile:40 - Overriding database path with different value: /home/boobathi/.stmcufinder/plugins/mcufinder/ => /home/boobathi/.stmcufinder/plugins/mcufinder
2025-08-15 18:02:37,445 [INFO] DbMcusAds:124 - Set database path to: /home/boobathi/.stmcufinder/plugins/mcufinder//mcu/
2025-08-15 18:02:37,445 [WARN] DbFile:40 - Overriding database path with different value: /home/boobathi/.stmcufinder/plugins/mcufinder/ => /home/boobathi/.stmcufinder/plugins/mcufinder
2025-08-15 18:02:37,446 [WARN] DbFile:40 - Overriding database path with different value: /home/boobathi/.stmcufinder/plugins/mcufinder/ => /home/boobathi/.stmcufinder/plugins/mcufinder
2025-08-15 18:02:37,446 [INFO] CrossReferenceDbSqlite:202 - Set database path to: /home/boobathi/.stmcufinder/plugins/mcufinder//mcu/cs/
2025-08-15 18:02:37,466 [INFO] ApplicationProperties:181 - Using Application install path: /opt/st/stm32cubeide_1.11.0/plugins/com.st.stm32cube.common.mx_6.7.0.202211181646
2025-08-15 18:02:37,468 [INFO] PluginManage:193 - Search for loadable plugins [exclusion list=, ]
2025-08-15 18:02:37,470 [INFO] PluginManage:307 - Check plugin analytics
2025-08-15 18:02:37,794 [INFO] AnalyticsPlugin:262 - Accepted Software Licenses: 
2025-08-15 18:02:37,795 [INFO] AnalyticsPlugin:264 - Accepted CMSIS Pack Licenses: 
2025-08-15 18:02:37,795 [INFO] AnalyticsPlugin:266 - Accepted Firmware Licenses: FW.F4.1.27.0
2025-08-15 18:02:37,801 [INFO] PluginManage:356 - Loaded plugin analytics (category:tool,tabindex:-1)
2025-08-15 18:02:37,801 [INFO] PluginManage:307 - Check plugin cadmodel
2025-08-15 18:02:37,835 [INFO] CADModel:104 - Init CAD model plugin
2025-08-15 18:02:37,835 [INFO] PluginManage:356 - Loaded plugin cadmodel (category:power,tabindex:5)
2025-08-15 18:02:37,836 [INFO] PluginManage:307 - Check plugin clock
2025-08-15 18:02:37,846 [INFO] PluginManage:356 - Loaded plugin clock (category:base,tabindex:2)
2025-08-15 18:02:37,846 [INFO] PluginManage:307 - Check plugin ddr
2025-08-15 18:02:37,853 [INFO] PluginManage:356 - Loaded plugin ddr (category:tool,tabindex:6)
2025-08-15 18:02:37,853 [INFO] PluginManage:307 - Check plugin filemanager
2025-08-15 18:02:37,988 [INFO] PluginManage:356 - Loaded plugin filemanager (category:base,tabindex:10)
2025-08-15 18:02:37,988 [INFO] PluginManage:307 - Check plugin ipmanager
2025-08-15 18:02:37,993 [INFO] PluginManage:356 - Loaded plugin ipmanager (category:base,tabindex:5)
2025-08-15 18:02:37,993 [INFO] PluginManage:307 - Check plugin lpbam
2025-08-15 18:02:38,001 [INFO] PluginManage:356 - Loaded plugin lpbam (category:base,tabindex:0)
2025-08-15 18:02:38,001 [INFO] PluginManage:307 - Check plugin pinoutandconfiguration
2025-08-15 18:02:38,008 [INFO] PluginManage:356 - Loaded plugin pinoutandconfiguration (category:base,tabindex:1)
2025-08-15 18:02:38,008 [INFO] PluginManage:307 - Check plugin pinoutconfig
2025-08-15 18:02:38,077 [INFO] PluginManage:356 - Loaded plugin pinoutconfig (category:base,tabindex:0)
2025-08-15 18:02:38,078 [INFO] PluginManage:307 - Check plugin power
2025-08-15 18:02:38,105 [INFO] PluginManage:356 - Loaded plugin power (category:power,tabindex:4)
2025-08-15 18:02:38,105 [INFO] PluginManage:307 - Check plugin projectmanager
2025-08-15 18:02:38,127 [INFO] PluginManage:356 - Loaded plugin projectmanager (category:projectmanager,tabindex:3)
2025-08-15 18:02:38,128 [INFO] PluginManage:307 - Check plugin thirdparty
2025-08-15 18:02:38,233 [WARN] IntegrityCheckThread:82 - waiting for thirdparty lock release [integrity check]
2025-08-15 18:02:38,234 [INFO] PluginManage:356 - Loaded plugin thirdparty (category:base,tabindex:-1)
2025-08-15 18:02:38,234 [INFO] IntegrityCheckThread:84 - entering critical section [integrity check]
2025-08-15 18:02:38,234 [INFO] PluginManage:307 - Check plugin tools
2025-08-15 18:02:38,236 [INFO] ThirdPartyUpdaterWithRetryManager:70 - Updater plugin not ready yet. [1/15]
2025-08-15 18:02:38,237 [INFO] PluginManage:356 - Loaded plugin tools (category:base,tabindex:7)
2025-08-15 18:02:38,237 [INFO] PluginManage:307 - Check plugin tutovideos
2025-08-15 18:02:38,446 [INFO] PluginManage:356 - Loaded plugin tutovideos (category:base,tabindex:-1)
2025-08-15 18:02:38,447 [INFO] PluginManage:307 - Check plugin updater
2025-08-15 18:02:38,458 [INFO] PluginManage:356 - Loaded plugin updater (category:base,tabindex:12)
2025-08-15 18:02:38,459 [INFO] PluginManage:280 - PluginManage : Loaded plugins [15]
2025-08-15 18:02:38,658 [INFO] PinOutPanel:1477 - setPackage(No Configuration,No Configuration)
2025-08-15 18:02:38,720 [INFO] CADModel:164 - CPN selected for project level
2025-08-15 18:02:38,720 [INFO] CADModel:113 - Register for checkConnection events
2025-08-15 18:02:38,729 [INFO] IPUIPlugin:79 - create IPUIPlugin
2025-08-15 18:02:38,729 [INFO] PluginManager:219 - loadIPPluginJar : add ltdc
2025-08-15 18:02:38,731 [INFO] IPUIPlugin:79 - create IPUIPlugin
2025-08-15 18:02:38,731 [INFO] PluginManager:219 - loadIPPluginJar : add dfsdm
2025-08-15 18:02:38,737 [INFO] IPUIPlugin:79 - create IPUIPlugin
2025-08-15 18:02:38,737 [INFO] PluginManager:219 - loadIPPluginJar : add mdma
2025-08-15 18:02:38,739 [INFO] IPUIPlugin:79 - create IPUIPlugin
2025-08-15 18:02:38,739 [INFO] PluginManager:219 - loadIPPluginJar : add tsc
2025-08-15 18:02:38,745 [INFO] IPUIPlugin:79 - create IPUIPlugin
2025-08-15 18:02:38,745 [INFO] PluginManager:219 - loadIPPluginJar : add ipddr
2025-08-15 18:02:38,749 [INFO] IPUIPlugin:79 - create IPUIPlugin
2025-08-15 18:02:38,749 [INFO] PluginManager:219 - loadIPPluginJar : add opamp
2025-08-15 18:02:38,752 [INFO] IPUIPlugin:79 - create IPUIPlugin
2025-08-15 18:02:38,752 [INFO] PluginManager:219 - loadIPPluginJar : add can
2025-08-15 18:02:38,754 [INFO] IPUIPlugin:79 - create IPUIPlugin
2025-08-15 18:02:38,754 [INFO] PluginManager:219 - loadIPPluginJar : add dma3
2025-08-15 18:02:38,757 [INFO] IPUIPlugin:79 - create IPUIPlugin
2025-08-15 18:02:38,757 [INFO] PluginManager:219 - loadIPPluginJar : add gtzc
2025-08-15 18:02:38,758 [INFO] IPUIPlugin:79 - create IPUIPlugin
2025-08-15 18:02:38,759 [INFO] PluginManager:219 - loadIPPluginJar : add tim
2025-08-15 18:02:38,764 [INFO] IPUIPlugin:79 - create IPUIPlugin
2025-08-15 18:02:38,764 [INFO] PluginManager:219 - loadIPPluginJar : add freertos
2025-08-15 18:02:38,768 [INFO] IPUIPlugin:79 - create IPUIPlugin
2025-08-15 18:02:38,768 [INFO] PluginManager:219 - loadIPPluginJar : add fmc
2025-08-15 18:02:38,770 [INFO] IPUIPlugin:79 - create IPUIPlugin
2025-08-15 18:02:38,770 [INFO] PluginManager:219 - loadIPPluginJar : add tracer_emb
2025-08-15 18:02:38,774 [INFO] IPUIPlugin:79 - create IPUIPlugin
2025-08-15 18:02:38,774 [INFO] PluginManager:219 - loadIPPluginJar : add nvic
2025-08-15 18:02:38,776 [INFO] IPUIPlugin:79 - create IPUIPlugin
2025-08-15 18:02:38,776 [INFO] PluginManager:219 - loadIPPluginJar : add ts
2025-08-15 18:02:38,780 [INFO] IPUIPlugin:79 - create IPUIPlugin
2025-08-15 18:02:38,780 [INFO] PluginManager:219 - loadIPPluginJar : add gpio
2025-08-15 18:02:38,785 [INFO] IPUIPlugin:79 - create IPUIPlugin
2025-08-15 18:02:38,786 [INFO] PluginManager:219 - loadIPPluginJar : add dma
2025-08-15 18:02:38,792 [INFO] IPUIPlugin:79 - create IPUIPlugin
2025-08-15 18:02:38,794 [INFO] PluginManager:219 - loadIPPluginJar : add plateformsettings
2025-08-15 18:02:38,797 [INFO] IPUIPlugin:79 - create IPUIPlugin
2025-08-15 18:02:38,797 [INFO] PluginManager:219 - loadIPPluginJar : add sai
2025-08-15 18:02:38,798 [INFO] IPUIPlugin:79 - create IPUIPlugin
2025-08-15 18:02:38,798 [INFO] PluginManager:219 - loadIPPluginJar : add comp
2025-08-15 18:02:38,800 [INFO] IPUIPlugin:79 - create IPUIPlugin
2025-08-15 18:02:38,801 [INFO] PluginManager:219 - loadIPPluginJar : add gfxmmu
2025-08-15 18:02:38,802 [INFO] IPUIPlugin:79 - create IPUIPlugin
2025-08-15 18:02:38,802 [INFO] PluginManager:219 - loadIPPluginJar : add quadspi
2025-08-15 18:02:38,807 [INFO] IPUIPlugin:79 - create IPUIPlugin
2025-08-15 18:02:38,807 [INFO] PluginManager:219 - loadIPPluginJar : add gic
2025-08-15 18:02:38,810 [INFO] IPUIPlugin:79 - create IPUIPlugin
2025-08-15 18:02:38,810 [INFO] PluginManager:219 - loadIPPluginJar : add usart
2025-08-15 18:02:38,812 [INFO] IPUIPlugin:79 - create IPUIPlugin
2025-08-15 18:02:38,812 [INFO] PluginManager:219 - loadIPPluginJar : add aes
2025-08-15 18:02:38,816 [INFO] IPUIPlugin:79 - create IPUIPlugin
2025-08-15 18:02:38,816 [INFO] PluginManager:219 - loadIPPluginJar : add stm32_wpan
2025-08-15 18:02:38,818 [INFO] IPUIPlugin:79 - create IPUIPlugin
2025-08-15 18:02:38,818 [INFO] PluginManager:219 - loadIPPluginJar : add hash
2025-08-15 18:02:38,821 [INFO] IPUIPlugin:79 - create IPUIPlugin
2025-08-15 18:02:38,821 [INFO] PluginManager:219 - loadIPPluginJar : add openamp
2025-08-15 18:02:38,822 [INFO] IPUIPlugin:79 - create IPUIPlugin
2025-08-15 18:02:38,822 [INFO] PluginManager:219 - loadIPPluginJar : add fatfs
2025-08-15 18:02:38,825 [INFO] IPUIPlugin:79 - create IPUIPlugin
2025-08-15 18:02:38,826 [INFO] PluginManager:219 - loadIPPluginJar : add resmgrutility
2025-08-15 18:02:38,827 [INFO] IPUIPlugin:79 - create IPUIPlugin
2025-08-15 18:02:38,827 [INFO] PluginManager:219 - loadIPPluginJar : add ucpd
2025-08-15 18:02:38,829 [INFO] IPUIPlugin:79 - create IPUIPlugin
2025-08-15 18:02:38,830 [INFO] PluginManager:219 - loadIPPluginJar : add i2s
2025-08-15 18:02:38,832 [INFO] IPUIPlugin:79 - create IPUIPlugin
2025-08-15 18:02:38,832 [INFO] PluginManager:219 - loadIPPluginJar : add usbx
2025-08-15 18:02:38,837 [INFO] IPUIPlugin:79 - create IPUIPlugin
2025-08-15 18:02:38,837 [INFO] PluginManager:219 - loadIPPluginJar : add adc
2025-08-15 18:02:38,840 [INFO] IPUIPlugin:79 - create IPUIPlugin
2025-08-15 18:02:38,840 [INFO] PluginManager:219 - loadIPPluginJar : add touchsensing
2025-08-15 18:02:38,847 [INFO] IPUIPlugin:79 - create IPUIPlugin
2025-08-15 18:02:38,847 [INFO] PluginManager:219 - loadIPPluginJar : add linkedlist
2025-08-15 18:02:38,848 [INFO] IPUIPlugin:79 - create IPUIPlugin
2025-08-15 18:02:38,848 [INFO] PluginManager:219 - loadIPPluginJar : add genericplugin
2025-08-15 18:02:38,850 [INFO] IPUIPlugin:79 - create IPUIPlugin
2025-08-15 18:02:38,851 [INFO] PluginManager:219 - loadIPPluginJar : add cryp
2025-08-15 18:02:38,853 [INFO] IPUIPlugin:79 - create IPUIPlugin
2025-08-15 18:02:38,853 [INFO] PluginManager:219 - loadIPPluginJar : add spi
2025-08-15 18:02:38,855 [INFO] IPUIPlugin:79 - create IPUIPlugin
2025-08-15 18:02:38,855 [INFO] PluginManager:219 - loadIPPluginJar : add pdm2pcm
2025-08-15 18:02:38,857 [INFO] IPUIPlugin:79 - create IPUIPlugin
2025-08-15 18:02:38,858 [INFO] PluginManager:219 - loadIPPluginJar : add i2c
2025-08-15 18:02:38,860 [INFO] IPUIPlugin:79 - create IPUIPlugin
2025-08-15 18:02:38,860 [INFO] PluginManager:219 - loadIPPluginJar : add lorawan
2025-08-15 18:02:38,963 [INFO] CADModel:164 - CPN selected for project level
2025-08-15 18:02:38,963 [INFO] CADModel:113 - Register for checkConnection events
2025-08-15 18:02:38,963 [FATAL] Updater:308 - Updater called before beeing initialized
2025-08-15 18:02:38,963 [ERROR] CADModel:124 - Updater not yet initialized, retry later 
2025-08-15 18:02:39,072 [INFO] CADModel:164 - CPN selected for project level
2025-08-15 18:02:39,072 [INFO] CADModel:113 - Register for checkConnection events
2025-08-15 18:02:39,072 [FATAL] Updater:308 - Updater called before beeing initialized
2025-08-15 18:02:39,073 [ERROR] CADModel:124 - Updater not yet initialized, retry later 
2025-08-15 18:02:39,076 [FATAL] Updater:308 - Updater called before beeing initialized
2025-08-15 18:02:39,163 [FATAL] Updater:308 - Updater called before beeing initialized
2025-08-15 18:02:39,171 [INFO] DbMcusAds:52 - JSON generation date=Tue Jul 08 13:44:23 IST 2025 (1751962463562)
2025-08-15 18:02:39,171 [FATAL] Updater:308 - Updater called before beeing initialized
2025-08-15 18:02:39,219 [WARN] DetailPanel:344 - Failed to get advertising image, set to default
2025-08-15 18:02:39,331 [FATAL] Updater:308 - Updater called before beeing initialized
2025-08-15 18:02:39,332 [FATAL] Updater:308 - Updater called before beeing initialized
2025-08-15 18:02:39,333 [FATAL] Updater:308 - Updater called before beeing initialized
2025-08-15 18:02:39,333 [WARN] DetailPanel:344 - Failed to get advertising image, set to default
2025-08-15 18:02:39,334 [FATAL] Updater:308 - Updater called before beeing initialized
2025-08-15 18:02:39,374 [ERROR] Updater:1120 - MainUpdater not yet initialized. External WinMGr cannot be set.
2025-08-15 18:02:39,377 [INFO] Updater:1056 - Updater Version found : 6.7.0
2025-08-15 18:02:39,399 [INFO] ApplicationProperties:181 - Using Application install path: /opt/st/stm32cubeide_1.11.0/plugins/com.st.stm32cube.common.mx_6.7.0.202211181646
2025-08-15 18:02:39,612 [INFO] MainUpdater:2800 - connection check result : 10
2025-08-15 18:02:39,613 [INFO] MainUpdater:3494 - Updater definition file requires update
2025-08-15 18:02:39,613 [INFO] MainUpdater:282 - Updater Check For Update Now.
2025-08-15 18:02:39,614 [INFO] MicroXplorer:481 - Change Database Version : DB.6.0.70
2025-08-15 18:02:39,708 [INFO] ServerAccessManage:474 - Download File updaters.zip
2025-08-15 18:02:40,040 [INFO] FileExtend:239 - Unzip File : updaters.zip
2025-08-15 18:02:40,041 [INFO] FileExtend:254 - Standard Zip Deflate
2025-08-15 18:02:40,308 [INFO] ServerAccessManage:474 - Download File PacksControlFlags.xml
2025-08-15 18:02:40,491 [INFO] ServerAccessManage:474 - Download File cubemx.pidx
2025-08-15 18:02:40,793 [INFO] ServerAccessManage:474 - Download File STMicroelectronics.FP-SNS-STBOX1.pdsc
2025-08-15 18:02:41,238 [WARN] MainUpdater:1186 - Updater busy. Cannot search thirdparties
2025-08-15 18:02:41,238 [INFO] ThirdPartyUpdaterWithRetryManager:96 - Updater plugin is busy. [1/15]
2025-08-15 18:02:41,260 [INFO] ServerAccessManage:474 - Download File STMicroelectronics.X-CUBE-AI.pdsc
2025-08-15 18:02:43,719 [INFO] ServerAccessManage:474 - Download File STMicroelectronics.X-CUBE-FREERTOS.pdsc
2025-08-15 18:02:44,239 [WARN] MainUpdater:1186 - Updater busy. Cannot search thirdparties
2025-08-15 18:02:44,239 [INFO] ThirdPartyUpdaterWithRetryManager:96 - Updater plugin is busy. [2/15]
2025-08-15 18:02:45,051 [WARN] PopulateThirdPartyThread:104 - Error when creating pack: /home/boobathi/.stm32cubemx/thirdparties/pdsc/STMicroelectronics.FP-SNS-STBOX1.pdsc
2025-08-15 18:02:45,079 [WARN] PackLoader:242 - Cannot read IP mode file for STMicroelectronics.X-CUBE-AI.10.2.0
2025-08-15 18:02:45,094 [WARN] PackLoader:242 - Cannot read IP mode file for STMicroelectronics.X-CUBE-FREERTOS.1.3.1
2025-08-15 18:02:45,096 [INFO] PopulateThirdPartyThread:64 - Ending populate Thread
2025-08-15 18:02:45,098 [INFO] ThirdParty:999 - CMSIS Pack Vendor :STMicroelectronics X-CUBE-FREERTOS 1.3.1
2025-08-15 18:02:45,098 [INFO] ThirdParty:999 - CMSIS Pack Vendor :STMicroelectronics X-CUBE-AI 10.2.0
2025-08-15 18:02:45,099 [INFO] LoadServerUpdatesThread:367 - End of LoadServerUpdate Thread
2025-08-15 18:02:45,220 [INFO] CheckServerUpdateThread:119 - End of CheckServer Thread
2025-08-15 18:02:45,227 [INFO] MainUpdater:2800 - connection check result : 10
2025-08-15 18:02:45,234 [INFO] McuFinderGlobals:65 - Set McuFinderConnectedMode to true
2025-08-15 18:02:45,328 [INFO] ServerAccessManage:474 - Download File mcusAds.json._tmp_
2025-08-15 18:02:45,442 [INFO] LoadUrlFilesThread:150 - End of LoadUrlFiles Thread
2025-08-15 18:02:45,569 [INFO] ServerAccessManage:474 - Download File cube-finder-db.zip
2025-08-15 18:02:47,239 [WARN] MainUpdater:1186 - Updater busy. Cannot search thirdparties
2025-08-15 18:02:47,239 [INFO] ThirdPartyUpdaterWithRetryManager:96 - Updater plugin is busy. [3/15]
2025-08-15 18:02:50,240 [WARN] MainUpdater:1186 - Updater busy. Cannot search thirdparties
2025-08-15 18:02:50,240 [INFO] ThirdPartyUpdaterWithRetryManager:96 - Updater plugin is busy. [4/15]
2025-08-15 18:02:51,026 [ERROR] LogOutputStream:74 - [STDERR_REDIRECT] SLF4J: Failed to load class "org.slf4j.impl.StaticLoggerBinder".
2025-08-15 18:02:51,028 [ERROR] LogOutputStream:74 - [STDERR_REDIRECT] SLF4J: Defaulting to no-operation (NOP) logger implementation
2025-08-15 18:02:51,028 [ERROR] LogOutputStream:74 - [STDERR_REDIRECT] SLF4J: See http://www.slf4j.org/codes.html#StaticLoggerBinder for further details.
2025-08-15 18:02:53,240 [WARN] MainUpdater:1186 - Updater busy. Cannot search thirdparties
2025-08-15 18:02:53,240 [INFO] ThirdPartyUpdaterWithRetryManager:96 - Updater plugin is busy. [5/15]
2025-08-15 18:02:53,637 [INFO] FileExtend:239 - Unzip File : cube-finder-db.zip
2025-08-15 18:02:53,637 [INFO] FileExtend:254 - Standard Zip Deflate
2025-08-15 18:02:54,361 [INFO] LoadUrlFilesThread:150 - End of LoadUrlFiles Thread
2025-08-15 18:02:55,361 [INFO] ServerAccessManage:474 - Download File crdb.zip
2025-08-15 18:02:56,241 [WARN] MainUpdater:1186 - Updater busy. Cannot search thirdparties
2025-08-15 18:02:56,241 [INFO] ThirdPartyUpdaterWithRetryManager:96 - Updater plugin is busy. [6/15]
2025-08-15 18:02:57,482 [INFO] FileExtend:239 - Unzip File : crdb.zip
2025-08-15 18:02:57,482 [INFO] FileExtend:254 - Standard Zip Deflate
2025-08-15 18:02:57,618 [INFO] LoadUrlFilesThread:150 - End of LoadUrlFiles Thread
2025-08-15 18:02:58,969 [INFO] ServerAccessManage:474 - Download File tutoVideoDB.zip
2025-08-15 18:02:58,971 [ERROR] ServerAccessManage:652 - User Cancel Download : tutoVideoDB.zip.
2025-08-15 18:02:59,071 [INFO] LoadUrlFilesThread:150 - End of LoadUrlFiles Thread
2025-08-15 18:02:59,401 [WARN] PackLoader:242 - Cannot read IP mode file for STMicroelectronics.FP-SNS-MOTENVWB1.1.4.0
2025-08-15 18:02:59,406 [WARN] PackLoader:242 - Cannot read IP mode file for STMicroelectronics.FP-ATR-ASTRA1.2.0.2
2025-08-15 18:02:59,416 [WARN] PackLoader:242 - Cannot read IP mode file for STMicroelectronics.X-CUBE-SMBUS.2.1.0
2025-08-15 18:02:59,419 [ERROR] Engine:467 - /home/boobathi/.stm32cubemx/thirdparties/pdsc/STMicroelectronics.X-CUBE-ST60.1.0.0.pdsc: PDSC version is not supported
2025-08-15 18:02:59,424 [WARN] PackLoader:242 - Cannot read IP mode file for STMicroelectronics.X-CUBE-TOUCHGFX.4.23.0
2025-08-15 18:02:59,427 [WARN] PackLoader:242 - Cannot read IP mode file for STMicroelectronics.X-CUBE-TOUCHGFX.4.23.2
2025-08-15 18:02:59,461 [WARN] PackLoader:242 - Cannot read IP mode file for STMicroelectronics.X-CUBE-AZRTOS-F7.1.1.0
2025-08-15 18:02:59,474 [WARN] PackLoader:242 - Cannot read IP mode file for STMicroelectronics.FP-SNS-MOTENV1.4.3.2
2025-08-15 18:02:59,576 [WARN] PackLoader:242 - Cannot read IP mode file for STMicroelectronics.X-CUBE-MEMS1.11.0.0
2025-08-15 18:02:59,857 [WARN] PackLoader:242 - Cannot read IP mode file for STMicroelectronics.FP-SNS-FLIGHT1.5.0.2
2025-08-15 18:02:59,892 [WARN] PackLoader:242 - Cannot read IP mode file for STMicroelectronics.X-CUBE-AZRTOS-H7.3.4.0
2025-08-15 18:02:59,903 [WARN] PackLoader:242 - Cannot read IP mode file for STMicroelectronics.X-CUBE-BLE1.7.0.0
2025-08-15 18:02:59,912 [WARN] PackLoader:242 - Cannot read IP mode file for STMicroelectronics.X-CUBE-NFC10.1.0.0
2025-08-15 18:02:59,919 [ERROR] Engine:467 - /home/boobathi/.stm32cubemx/thirdparties/pdsc/STMicroelectronics.X-CUBE-BLEMGR.4.0.0.pdsc: PDSC version is not supported
2025-08-15 18:02:59,924 [WARN] PackLoader:242 - Cannot read IP mode file for emotas.I-CUBE-CANOPEN.1.3.0
2025-08-15 18:02:59,927 [ERROR] Engine:467 - /home/boobathi/.stm32cubemx/thirdparties/pdsc/quantropi.X-CUBE-qispace-sdk-base.2.0.0.pdsc: PDSC version is not supported
2025-08-15 18:02:59,940 [WARN] PackLoader:242 - Cannot read IP mode file for STMicroelectronics.X-CUBE-BLEMGR.3.1.0
2025-08-15 18:02:59,948 [ERROR] Engine:467 - /home/boobathi/.stm32cubemx/thirdparties/pdsc/STMicroelectronics.FP-SNS-STBOX1.2.1.0.pdsc: PDSC version is not supported
2025-08-15 18:02:59,950 [ERROR] Engine:467 - /home/boobathi/.stm32cubemx/thirdparties/pdsc/STMicroelectronics.FP-SNS-FLIGHT1.5.1.0.pdsc: PDSC version is not supported
2025-08-15 18:02:59,960 [INFO] LogOutputStream:76 - [STDOUT_REDIRECT] 1 : Invalid condition id : UX_CORESTACK_Condition cause : null
2025-08-15 18:02:59,961 [INFO] LogOutputStream:76 - [STDOUT_REDIRECT] 1 : Invalid condition id : UX_CORESTACK_Condition cause : null
2025-08-15 18:02:59,961 [INFO] LogOutputStream:76 - [STDOUT_REDIRECT] 1 : Invalid condition id : UX_CORESTACK_Condition cause : null
2025-08-15 18:02:59,961 [INFO] LogOutputStream:76 - [STDOUT_REDIRECT] 1 : Invalid condition id : UX_CORESTACK_Condition cause : null
2025-08-15 18:02:59,962 [INFO] LogOutputStream:76 - [STDOUT_REDIRECT] 1 : Invalid condition id : UX_CORESTACK_Condition cause : null
2025-08-15 18:02:59,968 [WARN] PackLoader:242 - Cannot read IP mode file for STMicroelectronics.X-CUBE-AZRTOS-WL.2.0.0
2025-08-15 18:02:59,974 [WARN] PackLoader:242 - Cannot read IP mode file for STMicroelectronics.FP-SNS-MOTENV1.5.0.0
2025-08-15 18:02:59,980 [WARN] PackLoader:242 - Cannot read IP mode file for wolfSSL.I-CUBE-wolfMQTT.1.19.0
2025-08-15 18:02:59,988 [WARN] PackLoader:242 - Cannot read IP mode file for WES.I-CUBE-Cesium.1.3.0
2025-08-15 18:02:59,994 [WARN] PackLoader:242 - Cannot read IP mode file for STMicroelectronics.X-CUBE-BLE2.3.3.0
2025-08-15 18:03:00,002 [WARN] PackLoader:242 - Cannot read IP mode file for STMicroelectronics.X-CUBE-NFC9.1.0.0
2025-08-15 18:03:00,038 [WARN] PackLoader:242 - Cannot read IP mode file for STMicroelectronics.X-CUBE-BLE1.7.1.0
2025-08-15 18:03:00,046 [WARN] PackLoader:242 - Cannot read IP mode file for STMicroelectronics.X-CUBE-TCPP.4.1.0
2025-08-15 18:03:00,069 [WARN] PackLoader:242 - Cannot read IP mode file for STMicroelectronics.X-CUBE-EEPRMA1.5.2.0
2025-08-15 18:03:00,077 [WARN] PackLoader:242 - Cannot read IP mode file for STMicroelectronics.X-CUBE-AI.10.1.0
2025-08-15 18:03:00,087 [WARN] PackLoader:242 - Cannot read IP mode file for STMicroelectronics.X-CUBE-ALGOBUILD.1.3.0
2025-08-15 18:03:00,203 [WARN] PackLoader:242 - Cannot read IP mode file for STMicroelectronics.X-CUBE-MEMS1.11.2.0
2025-08-15 18:03:00,523 [WARN] PackLoader:242 - Cannot read IP mode file for STMicroelectronics.X-CUBE-AZRTOS-G0.1.1.0
2025-08-15 18:03:00,533 [WARN] PackLoader:242 - Cannot read IP mode file for STMicroelectronics.X-CUBE-SAFEA1.1.2.2
2025-08-15 18:03:00,540 [WARN] PackLoader:242 - Cannot read IP mode file for STMicroelectronics.X-CUBE-NFC4.3.0.0
2025-08-15 18:03:00,544 [ERROR] Engine:467 - /home/boobathi/.stm32cubemx/thirdparties/pdsc/EmbeddedOffice.I-CUBE-FS-RTOS.1.0.1.pdsc: PDSC version is not supported
2025-08-15 18:03:00,547 [WARN] PackLoader:242 - Cannot read IP mode file for STMicroelectronics.X-CUBE-WB05N.2.0.0
2025-08-15 18:03:00,556 [WARN] PackLoader:242 - Cannot read IP mode file for STMicroelectronics.X-CUBE-BLEMGR.3.0.0
2025-08-15 18:03:00,560 [ERROR] Engine:467 - /home/boobathi/.stm32cubemx/thirdparties/pdsc/STMicroelectronics.X-CUBE-TCPP.4.2.0.pdsc: PDSC version is not supported
2025-08-15 18:03:00,563 [ERROR] Engine:467 - /home/boobathi/.stm32cubemx/thirdparties/pdsc/RealThread.X-CUBE-RT-Thread_Nano.4.1.1.pdsc: PDSC version is not supported
2025-08-15 18:03:00,566 [WARN] PackLoader:242 - Cannot read IP mode file for STMicroelectronics.FP-ATR-SIGFOX1.3.2.0
2025-08-15 18:03:00,572 [WARN] PackLoader:242 - Cannot read IP mode file for STMicroelectronics.X-CUBE-EEPRMA1.5.1.0
2025-08-15 18:03:00,576 [ERROR] Engine:467 - /home/boobathi/.stm32cubemx/thirdparties/pdsc/STMicroelectronics.X-CUBE-ST67W61.1.0.0.pdsc: PDSC version is not supported
2025-08-15 18:03:00,578 [WARN] PackLoader:242 - Cannot read IP mode file for STMicroelectronics.X-CUBE-AI.10.2.0
2025-08-15 18:03:00,624 [WARN] PackLoader:242 - Cannot read IP mode file for SEGGER.I-CUBE-embOS.1.3.1
2025-08-15 18:03:00,680 [WARN] PackLoader:242 - Cannot read IP mode file for STMicroelectronics.X-CUBE-ALGOBUILD.1.4.0
2025-08-15 18:03:00,776 [WARN] PackLoader:242 - Cannot read IP mode file for STMicroelectronics.X-CUBE-MEMS1.11.3.0
2025-08-15 18:03:01,018 [WARN] PackLoader:242 - Cannot read IP mode file for STMicroelectronics.X-CUBE-PM33A1.1.0.0
2025-08-15 18:03:01,024 [WARN] PackLoader:242 - Cannot read IP mode file for STMicroelectronics.X-CUBE-GNSS1.6.0.0
2025-08-15 18:03:01,049 [WARN] PackLoader:242 - Cannot read IP mode file for STMicroelectronics.X-CUBE-AZRTOS-F4.1.1.0
2025-08-15 18:03:01,066 [ERROR] Engine:467 - /home/boobathi/.stm32cubemx/thirdparties/pdsc/Avnet-IotConnect.X-CUBE-IoTC-DA16k-PMOD.1.0.0.pdsc: PDSC version is not supported
2025-08-15 18:03:01,075 [WARN] PackLoader:242 - Cannot read IP mode file for STMicroelectronics.X-CUBE-ISPU.2.1.0
2025-08-15 18:03:01,089 [WARN] PackLoader:242 - Cannot read IP mode file for STMicroelectronics.X-CUBE-FREERTOS.1.2.0
2025-08-15 18:03:01,096 [WARN] PackLoader:242 - Cannot read IP mode file for wolfSSL.I-CUBE-wolfSSL.5.6.6
2025-08-15 18:03:01,108 [WARN] PackLoader:242 - Cannot read IP mode file for STMicroelectronics.X-CUBE-NFC12.1.0.0
2025-08-15 18:03:01,138 [WARN] PackLoader:242 - Cannot read IP mode file for STMicroelectronics.X-CUBE-AZRTOS-L5.2.0.0
2025-08-15 18:03:01,156 [WARN] PackLoader:242 - Cannot read IP mode file for STMicroelectronics.X-CUBE-NFC6.3.1.0
2025-08-15 18:03:01,166 [WARN] PackLoader:242 - Cannot read IP mode file for ITTIA_DB.I-CUBE-ITTIADB.8.8.0
2025-08-15 18:03:01,176 [WARN] PackLoader:242 - Cannot read IP mode file for STMicroelectronics.X-CUBE-BLEMGR.2.0.0
2025-08-15 18:03:01,181 [ERROR] Engine:467 - /home/boobathi/.stm32cubemx/thirdparties/pdsc/STMicroelectronics.X-CUBE-DPower.1.2.0.pdsc: PDSC version is not supported
2025-08-15 18:03:01,187 [WARN] PackLoader:242 - Cannot read IP mode file for STMicroelectronics.X-CUBE-AI.9.0.0
2025-08-15 18:03:01,199 [WARN] PackLoader:242 - Cannot read IP mode file for STMicroelectronics.X-CUBE-FREERTOS.1.3.1
2025-08-15 18:03:01,209 [WARN] PackLoader:242 - Cannot read IP mode file for STMicroelectronics.X-CUBE-NFC7.1.0.1
2025-08-15 18:03:01,213 [WARN] PackLoader:242 - Cannot read IP mode file for wolfSSL.I-CUBE-wolfTPM.3.2.0
2025-08-15 18:03:01,225 [WARN] PackLoader:242 - Cannot read IP mode file for STMicroelectronics.X-CUBE-NFC6.3.0.0
2025-08-15 18:03:01,237 [WARN] PackLoader:242 - Cannot read IP mode file for STMicroelectronics.X-CUBE-EEPRMA1.4.1.0
2025-08-15 18:03:01,240 [ERROR] Engine:467 - /home/boobathi/.stm32cubemx/thirdparties/pdsc/STMicroelectronics.FP-SNS-STAIOTCFT.1.0.0.pdsc: PDSC version is not supported
2025-08-15 18:03:01,243 [ERROR] Engine:467 - /home/boobathi/.stm32cubemx/thirdparties/pdsc/STMicroelectronics.X-CUBE-DPower.1.3.0.pdsc: PDSC version is not supported
2025-08-15 18:03:01,247 [WARN] PackLoader:242 - Cannot read IP mode file for STMicroelectronics.X-CUBE-AI.8.1.0
2025-08-15 18:03:01,265 [WARN] ConditionMgr:437 - getConditionDescription Invalid condition id : LAN8742 Phy interface Condition cause : null
2025-08-15 18:03:01,266 [WARN] PackLoader:242 - Cannot read IP mode file for STMicroelectronics.X-CUBE-AZRTOS-L4.2.0.0
2025-08-15 18:03:01,269 [WARN] ConditionMgr:1038 - genDependencies : Invalid condition id : LAN8742 Phy interface Condition cause : null
2025-08-15 18:03:01,269 [WARN] ConditionMgr:1038 - genDependencies : Invalid condition id : LAN8742 Phy interface Condition cause : null
2025-08-15 18:03:01,270 [WARN] ConditionMgr:1038 - genDependencies : Invalid condition id : LAN8742 Phy interface Condition cause : null
2025-08-15 18:03:01,279 [WARN] PackLoader:242 - Cannot read IP mode file for STMicroelectronics.X-CUBE-SFXS2LP1.4.0.0
2025-08-15 18:03:01,310 [WARN] PackLoader:242 - Cannot read IP mode file for STMicroelectronics.X-CUBE-AZRTOS-H7.3.3.0
2025-08-15 18:03:01,320 [ERROR] Engine:467 - /home/boobathi/.stm32cubemx/thirdparties/pdsc/STMicroelectronics.X-CUBE-BLEMGR.4.1.0.pdsc: PDSC version is not supported
2025-08-15 18:03:01,335 [WARN] ConditionMgr:437 - getConditionDescription Invalid condition id : UX DEVICE CLASS RTOS Condition cause : null
2025-08-15 18:03:01,336 [WARN] ConditionMgr:437 - getConditionDescription Invalid condition id : UX DEVICE CLASS RTOS Condition cause : null
2025-08-15 18:03:01,339 [WARN] PackLoader:242 - Cannot read IP mode file for STMicroelectronics.X-CUBE-AZRTOS-WB.2.0.0
2025-08-15 18:03:01,340 [WARN] ConditionMgr:1038 - genDependencies : Invalid condition id : UX DEVICE CLASS RTOS Condition cause : null
2025-08-15 18:03:01,340 [WARN] ConditionMgr:1038 - genDependencies : Invalid condition id : UX DEVICE CLASS RTOS Condition cause : null
2025-08-15 18:03:01,340 [WARN] ConditionMgr:1038 - genDependencies : Invalid condition id : UX DEVICE CLASS RTOS Condition cause : null
2025-08-15 18:03:01,341 [WARN] ConditionMgr:1038 - genDependencies : Invalid condition id : UX DEVICE CLASS RTOS Condition cause : null
2025-08-15 18:03:01,341 [WARN] ConditionMgr:1038 - genDependencies : Invalid condition id : UX DEVICE CLASS RTOS Condition cause : null
2025-08-15 18:03:01,347 [WARN] PackLoader:242 - Cannot read IP mode file for STMicroelectronics.X-CUBE-GNSS1.7.0.1
2025-08-15 18:03:01,350 [WARN] PackLoader:242 - Cannot read IP mode file for STMicroelectronics.X-CUBE-TOUCHGFX.4.25.0
2025-08-15 18:03:01,354 [ERROR] Engine:467 - /home/boobathi/.stm32cubemx/thirdparties/pdsc/STMicroelectronics.FP-SNS-STBOX1.2.0.0.pdsc: PDSC version is not supported
2025-08-15 18:03:01,366 [WARN] PackLoader:242 - Cannot read IP mode file for STMicroelectronics.X-CUBE-SUBG2.5.0.0
2025-08-15 18:03:01,403 [WARN] PackLoader:242 - Cannot read IP mode file for STMicroelectronics.X-CUBE-AZRTOS-H7RS.1.1.0
2025-08-15 18:03:01,420 [WARN] PackLoader:242 - Cannot read IP mode file for STMicroelectronics.X-CUBE-AZRTOS-G4.2.0.0
2025-08-15 18:03:01,444 [WARN] PackLoader:242 - Cannot read IP mode file for Infineon.AIROC-Wi-Fi-Bluetooth-STM32.1.5.1
2025-08-15 18:03:01,452 [WARN] PackLoader:242 - Cannot read IP mode file for STMicroelectronics.X-CUBE-NFC7.2.0.0
2025-08-15 18:03:01,457 [WARN] PackLoader:242 - Cannot read IP mode file for STMicroelectronics.FP-SNS-MOTENVWB1.1.3.1
2025-08-15 18:03:01,461 [WARN] PackLoader:242 - Cannot read IP mode file for STMicroelectronics.X-CUBE-ISPU.2.0.0
2025-08-15 18:03:01,468 [ERROR] Engine:467 - /home/boobathi/.stm32cubemx/thirdparties/pdsc/STMicroelectronics.X-CUBE-IPS.3.1.0.pdsc: PDSC version is not supported
2025-08-15 18:03:01,473 [WARN] PackLoader:242 - Cannot read IP mode file for STMicroelectronics.X-CUBE-ALS.1.0.2
2025-08-15 18:03:01,518 [WARN] PackLoader:242 - Cannot read IP mode file for STMicroelectronics.X-CUBE-MEMS1.10.0.0
2025-08-15 18:03:01,687 [WARN] PackLoader:242 - Cannot read IP mode file for STMicroelectronics.X-CUBE-FREERTOS.1.1.0
2025-08-15 18:03:01,689 [WARN] PackLoader:242 - Cannot read IP mode file for STMicroelectronics.X-CUBE-TOUCHGFX.4.24.0
2025-08-15 18:03:01,693 [WARN] PackLoader:242 - Cannot read IP mode file for portGmbH.I-Cube-SoM-uGOAL.1.1.0
2025-08-15 18:03:01,696 [WARN] PackLoader:242 - Cannot read IP mode file for STMicroelectronics.X-CUBE-ALS.1.0.1
2025-08-15 18:03:01,715 [WARN] PackLoader:242 - Cannot read IP mode file for STMicroelectronics.X-CUBE-AZRTOS-H7RS.1.0.0
2025-08-15 18:03:01,722 [WARN] PackLoader:242 - Cannot read IP mode file for STMicroelectronics.FP-ATR-ASTRA1.2.0.0
2025-08-15 18:03:01,727 [ERROR] Engine:467 - /home/boobathi/.stm32cubemx/thirdparties/pdsc/STMicroelectronics.X-CUBE-TOF1.3.4.2.pdsc: PDSC version is not supported
2025-08-15 18:03:01,731 [ERROR] Engine:467 - /home/boobathi/.stm32cubemx/thirdparties/pdsc/STMicroelectronics.X-CUBE-TOF1.3.4.3.pdsc: PDSC version is not supported
2025-08-15 18:03:01,740 [WARN] PackLoader:242 - Cannot read IP mode file for STMicroelectronics.X-CUBE-TOF1.3.4.0
2025-08-15 18:03:01,773 [WARN] PackLoader:242 - Cannot read IP mode file for STMicroelectronics.X-CUBE-TOF1.3.4.1
2025-08-15 18:03:01,802 [INFO] DbMcusAds:52 - JSON generation date=Tue Jul 08 13:44:23 IST 2025 (1751962463593)
2025-08-15 18:03:01,834 [WARN] PackLoader:242 - Cannot read IP mode file for STMicroelectronics.X-CUBE-AZRTOS-H7.3.2.0
2025-08-15 18:03:01,841 [WARN] PackLoader:242 - Cannot read IP mode file for wolfSSL.I-CUBE-wolfSSH.1.4.17
2025-08-15 18:03:01,841 [INFO] ThirdParty:947 - Integrity check success = true
2025-08-15 18:03:01,841 [INFO] IntegrityCheckThread:98 - exiting critical section [integrity check]
2025-08-15 18:03:01,842 [INFO] IntegrityCheckThread:101 - End integrity checks thread
2025-08-15 18:03:01,883 [ERROR] TargetSelectorAdapter:266 - Unable to refresh data
2025-08-15 18:03:02,239 [INFO] ApiDb:580 - Connected to CubeFinder SQLite database (/home/boobathi/.stmcufinder/plugins/mcufinder/mcu/cube-finder-db.db)
2025-08-15 18:03:02,374 [INFO] ApiDb:667 - CubeFinder database Data Model version=2.1
2025-08-15 18:03:02,374 [INFO] ApiDb:668 - CubeFinder database Configuration version=3.0.39
2025-08-15 18:03:02,375 [INFO] ApiDb:669 - CubeFinder database generation date=2025-07-24 (1753349077)
2025-08-15 18:03:02,375 [INFO] ApiDb:670 - CubeFinder database FW Pack versions=[FP-ATR-ASTRA1_V2.0.0, FP-SNS-FLIGHT1_V5.1.0, FP-SNS-MOTENV1_V5.0.0, FP-SNS-MOTENVWB1_V1.4.0, FP-SNS-SMARTAG2_V1.2.0, FP-SNS-STBOX1_V2.0.0, STM32Cube_FW_C0_V1.4.0, STM32Cube_FW_F4_V1.28.2, STM32Cube_FW_F7_V1.17.3, STM32Cube_FW_G0_V1.6.2, STM32Cube_FW_G4_V1.6.1, STM32Cube_FW_H5_V1.5.0, STM32Cube_FW_H7RS_V1.2.0, STM32Cube_FW_H7_V1.12.1, STM32Cube_FW_L0_V1.12.2, STM32Cube_FW_L4_V1.18.1, STM32Cube_FW_L5_V1.5.1, STM32Cube_FW_N6_V1.2.0, STM32Cube_FW_U0_V1.3.0, STM32Cube_FW_U3_V1.2.0, STM32Cube_FW_U5_V1.8.0, STM32Cube_FW_WB0_V1.3.0, STM32Cube_FW_WBA_V1.7.0, STM32Cube_FW_WB_V1.23.0, STM32Cube_FW_WL3_V1.2.0, STM32Cube_FW_WL_V1.3.1, X-CUBE-ALGOBUILD_V1.4.0, X-CUBE-ALS_V1.0.2, X-CUBE-AZRTOS-F4_V1.1.0, X-CUBE-AZRTOS-F7_V1.1.0, X-CUBE-AZRTOS-G0_V1.1.0, X-CUBE-AZRTOS-G4_V2.0.0, X-CUBE-AZRTOS-H7RS_V1.1.0, X-CUBE-AZRTOS-H7_V3.4.0, X-CUBE-AZRTOS-L4_V2.0.0, X-CUBE-AZRTOS-L5_V2.0.0, X-CUBE-AZRTOS-WB_V2.0.0, X-CUBE-AZRTOS-WL_V2.0.0, X-CUBE-BLE1_V7.1.0, X-CUBE-BLE2_V3.3.0, X-CUBE-BLEMGR_V4.1.0, X-CUBE-EEPRMA1_V5.2.0, X-CUBE-FREERTOS_V1.3.1, X-CUBE-GNSS1_V6.0.0, X-CUBE-MEMS1_V11.3.0, X-CUBE-NFC4_V3.0.0, X-CUBE-NFC7_V2.0.0, X-CUBE-SFXS2LP1_V4.0.0, X-CUBE-ST67W61_V1.0.0, X-CUBE-SUBG2_V5.0.0, X-CUBE-TOF1_V3.4.3]
2025-08-15 18:03:07,071 [INFO] ApiDb:239 - Found 143 in-development CPN: [B-WB1M-WPAN1, B-WL5M-SUBG1, NUCLEO-C031C6, STEVAL-PROTEUS1, STEVAL-STWINBX1, STM320518-EVAL, STM32C0116-DK, STM32C011D6Y3TR, STM32C011D6Y6TR, STM32C011F4P3, STM32C011F4P6, STM32C011F4U3, STM32C011F4U6TR, STM32C011F6P3, STM32C011F6P6, STM32C011F6U3, STM32C011F6U6TR, STM32C011J4M3, STM32C011J4M6, STM32C011J6M3, STM32C011J6M6, STM32C0316-DK, STM32C031C4T3, STM32C031C4T6, STM32C031C4U3, STM32C031C4U6, STM32C031C6T3, STM32C031C6T6, STM32C031C6U3, STM32C031C6U6, STM32C031F4P3, STM32C031F4P6, STM32C031F6P3, STM32C031F6P6, STM32C031G4U3, STM32C031G4U6, STM32C031G6U3, STM32C031G6U6, STM32C031K4T3, STM32C031K4T6, STM32C031K4U3, STM32C031K4U6, STM32C031K6T3, STM32C031K6T6, STM32C031K6U3, STM32C031K6U6, STM32G071K8TXN, STM32G071K8UXN, STM32G081GBU6N, STM32G081KBT6N, STM32G081KBUXN, STM32G0B1CCT6N, STM32G0B1KCT6, STM32G0B1NEY6TR, STM32G0B1RCT6N, STM32G0C1CCT6, STM32G0C1CCT6N, STM32G0C1CCU6N, STM32G0C1CET6N, STM32G0C1CEU6N, STM32G0C1KCT6, STM32G0C1NEY6TR, STM32G0C1RCI6N, STM32G0C1RCT6N, STM32G0C1REI6N, STM32G0C1RET6N, STM32G0C1VCI6, STM32G0C1VEI6, STM32G471CCT6, STM32G471CCU6, STM32G471CET3, STM32G471CET6, STM32G471CEU3, STM32G471CEU6, STM32G471MCT6, STM32G471MET3, STM32G471MET6, STM32G471MEY6TR, STM32G471QCT6, STM32G471QET3, STM32G471RCT6, STM32G471RET3, STM32G471RET6, STM32G471VCH6, STM32G471VCI6, STM32G471VCT6, STM32G471VEH3, STM32G471VEH6, STM32G471VEI3, STM32G471VEI6, STM32G471VET3, STM32G471VET6, STM32G474CCT6, STM32L476VGY6PTR, STM32L4R5QGI6STR, STM32MP131AAE3, STM32MP131AAF3, STM32MP131AAG3, STM32MP131CAE3, STM32MP131CAF3, STM32MP131CAG3, STM32MP131DAE7, STM32MP131DAF7, STM32MP131DAG7, STM32MP131FAE7, STM32MP131FAF7, STM32MP131FAG7, STM32MP133AAE3, STM32MP133AAF3, STM32MP133AAG3, STM32MP133CAE3, STM32MP133CAF3, STM32MP133CAG3, STM32MP133DAE7, STM32MP133DAF7, STM32MP133DAG7, STM32MP133FAE7, STM32MP133FAF7, STM32MP133FAG7, STM32MP135AAE3, STM32MP135AAF3, STM32MP135AAG3, STM32MP135CAE3, STM32MP135CAF3, STM32MP135CAG3, STM32MP135DAE7, STM32MP135DAF7, STM32MP135DAG7, STM32MP135F-DK, STM32MP135FAE7, STM32MP135FAF7, STM32MP135FAF7T, STM32MP135FAF7U, STM32MP135FAG7, STM32U595ZJT6Q, STM32U599BJY6QTR, STM32U599NIH6Q, STM32U599NJH6Q, STM32U5A5ZJT6Q, STM32U5A9BJY6QTR, STM32U5A9NJH6Q, STM32WB1MMCH6, STM32WL5MOCH6TR]
2025-08-15 18:03:07,087 [INFO] DbMcus:215 - Found 4709 MCUs, 4709 are supported
2025-08-15 18:03:07,091 [INFO] ApiDb:422 - Load user favorites file /home/boobathi/.stm32cubeide/favorites.mcus.txt: 0 item(s)
2025-08-15 18:03:07,091 [INFO] ApiDb:426 - User favorites MCUs=[]
2025-08-15 18:03:07,091 [INFO] DbMcus:221 - Set 0 / 0 favorites MCUs
2025-08-15 18:03:08,774 [INFO] McuFinderGlobals:65 - Set McuFinderConnectedMode to true
2025-08-15 18:03:08,785 [INFO] MultiScanPanel:196 - Auto-refresh data requested => check proxy status ongoing
2025-08-15 18:03:08,790 [INFO] FinderPluginLoader:92 - Searching for filters in installed packs
2025-08-15 18:03:11,820 [INFO] ServerAccessManage:474 - Download File 
2025-08-15 18:03:11,935 [INFO] LoadUrlFilesThread:179 - End of LoadServerUrlFiles without Thread
2025-08-15 18:03:12,103 [INFO] DetailPanel:339 - Set advertising image to /home/boobathi/STM32Cube/Repository//en.2400x1350px.jpeg
2025-08-15 18:03:14,809 [INFO] ApiDb:667 - CubeFinder database Data Model version=2.1
2025-08-15 18:03:14,809 [INFO] ApiDb:668 - CubeFinder database Configuration version=3.0.39
2025-08-15 18:03:14,809 [INFO] ApiDb:669 - CubeFinder database generation date=2025-07-24 (1753349077)
2025-08-15 18:03:14,809 [INFO] ApiDb:670 - CubeFinder database FW Pack versions=[FP-ATR-ASTRA1_V2.0.0, FP-SNS-FLIGHT1_V5.1.0, FP-SNS-MOTENV1_V5.0.0, FP-SNS-MOTENVWB1_V1.4.0, FP-SNS-SMARTAG2_V1.2.0, FP-SNS-STBOX1_V2.0.0, STM32Cube_FW_C0_V1.4.0, STM32Cube_FW_F4_V1.28.2, STM32Cube_FW_F7_V1.17.3, STM32Cube_FW_G0_V1.6.2, STM32Cube_FW_G4_V1.6.1, STM32Cube_FW_H5_V1.5.0, STM32Cube_FW_H7RS_V1.2.0, STM32Cube_FW_H7_V1.12.1, STM32Cube_FW_L0_V1.12.2, STM32Cube_FW_L4_V1.18.1, STM32Cube_FW_L5_V1.5.1, STM32Cube_FW_N6_V1.2.0, STM32Cube_FW_U0_V1.3.0, STM32Cube_FW_U3_V1.2.0, STM32Cube_FW_U5_V1.8.0, STM32Cube_FW_WB0_V1.3.0, STM32Cube_FW_WBA_V1.7.0, STM32Cube_FW_WB_V1.23.0, STM32Cube_FW_WL3_V1.2.0, STM32Cube_FW_WL_V1.3.1, X-CUBE-ALGOBUILD_V1.4.0, X-CUBE-ALS_V1.0.2, X-CUBE-AZRTOS-F4_V1.1.0, X-CUBE-AZRTOS-F7_V1.1.0, X-CUBE-AZRTOS-G0_V1.1.0, X-CUBE-AZRTOS-G4_V2.0.0, X-CUBE-AZRTOS-H7RS_V1.1.0, X-CUBE-AZRTOS-H7_V3.4.0, X-CUBE-AZRTOS-L4_V2.0.0, X-CUBE-AZRTOS-L5_V2.0.0, X-CUBE-AZRTOS-WB_V2.0.0, X-CUBE-AZRTOS-WL_V2.0.0, X-CUBE-BLE1_V7.1.0, X-CUBE-BLE2_V3.3.0, X-CUBE-BLEMGR_V4.1.0, X-CUBE-EEPRMA1_V5.2.0, X-CUBE-FREERTOS_V1.3.1, X-CUBE-GNSS1_V6.0.0, X-CUBE-MEMS1_V11.3.0, X-CUBE-NFC4_V3.0.0, X-CUBE-NFC7_V2.0.0, X-CUBE-SFXS2LP1_V4.0.0, X-CUBE-ST67W61_V1.0.0, X-CUBE-SUBG2_V5.0.0, X-CUBE-TOF1_V3.4.3]
2025-08-15 18:03:14,941 [INFO] DbBoardsSqlite:225 - include board P-NUCLEO-WB55-NUCLEO as a kit item of type 'Nucleo-64'
2025-08-15 18:03:14,942 [INFO] DbBoardsSqlite:225 - include board P-NUCLEO-WB55-USBDONGLE as a kit item of type 'Nucleo USB Dongle'
2025-08-15 18:03:14,943 [INFO] DbBoardsSqlite:225 - include board STEVAL-IDP005V1 as a kit item of type 'Evaluation Board'
2025-08-15 18:03:14,943 [INFO] DbBoardsSqlite:225 - include board STEVAL-IDP005V2 as a kit item of type 'Evaluation Board'
2025-08-15 18:03:15,068 [INFO] ApiDb:239 - Found 143 in-development CPN: [B-WB1M-WPAN1, B-WL5M-SUBG1, NUCLEO-C031C6, STEVAL-PROTEUS1, STEVAL-STWINBX1, STM320518-EVAL, STM32C0116-DK, STM32C011D6Y3TR, STM32C011D6Y6TR, STM32C011F4P3, STM32C011F4P6, STM32C011F4U3, STM32C011F4U6TR, STM32C011F6P3, STM32C011F6P6, STM32C011F6U3, STM32C011F6U6TR, STM32C011J4M3, STM32C011J4M6, STM32C011J6M3, STM32C011J6M6, STM32C0316-DK, STM32C031C4T3, STM32C031C4T6, STM32C031C4U3, STM32C031C4U6, STM32C031C6T3, STM32C031C6T6, STM32C031C6U3, STM32C031C6U6, STM32C031F4P3, STM32C031F4P6, STM32C031F6P3, STM32C031F6P6, STM32C031G4U3, STM32C031G4U6, STM32C031G6U3, STM32C031G6U6, STM32C031K4T3, STM32C031K4T6, STM32C031K4U3, STM32C031K4U6, STM32C031K6T3, STM32C031K6T6, STM32C031K6U3, STM32C031K6U6, STM32G071K8TXN, STM32G071K8UXN, STM32G081GBU6N, STM32G081KBT6N, STM32G081KBUXN, STM32G0B1CCT6N, STM32G0B1KCT6, STM32G0B1NEY6TR, STM32G0B1RCT6N, STM32G0C1CCT6, STM32G0C1CCT6N, STM32G0C1CCU6N, STM32G0C1CET6N, STM32G0C1CEU6N, STM32G0C1KCT6, STM32G0C1NEY6TR, STM32G0C1RCI6N, STM32G0C1RCT6N, STM32G0C1REI6N, STM32G0C1RET6N, STM32G0C1VCI6, STM32G0C1VEI6, STM32G471CCT6, STM32G471CCU6, STM32G471CET3, STM32G471CET6, STM32G471CEU3, STM32G471CEU6, STM32G471MCT6, STM32G471MET3, STM32G471MET6, STM32G471MEY6TR, STM32G471QCT6, STM32G471QET3, STM32G471RCT6, STM32G471RET3, STM32G471RET6, STM32G471VCH6, STM32G471VCI6, STM32G471VCT6, STM32G471VEH3, STM32G471VEH6, STM32G471VEI3, STM32G471VEI6, STM32G471VET3, STM32G471VET6, STM32G474CCT6, STM32L476VGY6PTR, STM32L4R5QGI6STR, STM32MP131AAE3, STM32MP131AAF3, STM32MP131AAG3, STM32MP131CAE3, STM32MP131CAF3, STM32MP131CAG3, STM32MP131DAE7, STM32MP131DAF7, STM32MP131DAG7, STM32MP131FAE7, STM32MP131FAF7, STM32MP131FAG7, STM32MP133AAE3, STM32MP133AAF3, STM32MP133AAG3, STM32MP133CAE3, STM32MP133CAF3, STM32MP133CAG3, STM32MP133DAE7, STM32MP133DAF7, STM32MP133DAG7, STM32MP133FAE7, STM32MP133FAF7, STM32MP133FAG7, STM32MP135AAE3, STM32MP135AAF3, STM32MP135AAG3, STM32MP135CAE3, STM32MP135CAF3, STM32MP135CAG3, STM32MP135DAE7, STM32MP135DAF7, STM32MP135DAG7, STM32MP135F-DK, STM32MP135FAE7, STM32MP135FAF7, STM32MP135FAF7T, STM32MP135FAF7U, STM32MP135FAG7, STM32U595ZJT6Q, STM32U599BJY6QTR, STM32U599NIH6Q, STM32U599NJH6Q, STM32U5A5ZJT6Q, STM32U5A9BJY6QTR, STM32U5A9NJH6Q, STM32WB1MMCH6, STM32WL5MOCH6TR]
2025-08-15 18:03:15,097 [INFO] BoardInfo:879 - No configuration file found for board B-G473E-ZEST1S
2025-08-15 18:03:15,097 [INFO] DbBoards:156 - Board is not supported: B-G473E-ZEST1S
2025-08-15 18:03:15,116 [INFO] BoardInfo:879 - No configuration file found for board B-WBA5M-WPAN
2025-08-15 18:03:15,117 [INFO] DbBoards:156 - Board is not supported: B-WBA5M-WPAN
2025-08-15 18:03:15,123 [INFO] BoardInfo:879 - No configuration file found for board NUCLEO-C051C8
2025-08-15 18:03:15,123 [INFO] DbBoards:156 - Board is not supported: NUCLEO-C051C8
2025-08-15 18:03:15,134 [INFO] BoardInfo:879 - No configuration file found for board NUCLEO-C071RB
2025-08-15 18:03:15,134 [INFO] DbBoards:156 - Board is not supported: NUCLEO-C071RB
2025-08-15 18:03:15,136 [INFO] BoardInfo:879 - No configuration file found for board NUCLEO-C092RC
2025-08-15 18:03:15,136 [INFO] DbBoards:156 - Board is not supported: NUCLEO-C092RC
2025-08-15 18:03:15,225 [INFO] BoardInfo:879 - No configuration file found for board NUCLEO-H503RB
2025-08-15 18:03:15,226 [INFO] DbBoards:156 - Board is not supported: NUCLEO-H503RB
2025-08-15 18:03:15,228 [INFO] BoardInfo:879 - No configuration file found for board NUCLEO-H533RE
2025-08-15 18:03:15,228 [INFO] DbBoards:156 - Board is not supported: NUCLEO-H533RE
2025-08-15 18:03:15,230 [INFO] BoardInfo:879 - No configuration file found for board NUCLEO-H563ZI
2025-08-15 18:03:15,230 [INFO] DbBoards:156 - Board is not supported: NUCLEO-H563ZI
2025-08-15 18:03:15,247 [INFO] BoardInfo:879 - No configuration file found for board NUCLEO-H7S3L8
2025-08-15 18:03:15,247 [INFO] DbBoards:156 - Board is not supported: NUCLEO-H7S3L8
2025-08-15 18:03:15,324 [INFO] BoardInfo:879 - No configuration file found for board NUCLEO-N657X0-Q
2025-08-15 18:03:15,324 [INFO] DbBoards:156 - Board is not supported: NUCLEO-N657X0-Q
2025-08-15 18:03:15,331 [INFO] BoardInfo:879 - No configuration file found for board NUCLEO-U031R8
2025-08-15 18:03:15,331 [INFO] DbBoards:156 - Board is not supported: NUCLEO-U031R8
2025-08-15 18:03:15,333 [INFO] BoardInfo:879 - No configuration file found for board NUCLEO-U083RC
2025-08-15 18:03:15,333 [INFO] DbBoards:156 - Board is not supported: NUCLEO-U083RC
2025-08-15 18:03:15,335 [INFO] BoardInfo:879 - No configuration file found for board NUCLEO-U385RG-Q
2025-08-15 18:03:15,335 [INFO] DbBoards:156 - Board is not supported: NUCLEO-U385RG-Q
2025-08-15 18:03:15,336 [INFO] BoardInfo:879 - No configuration file found for board NUCLEO-U545RE-Q
2025-08-15 18:03:15,337 [INFO] DbBoards:156 - Board is not supported: NUCLEO-U545RE-Q
2025-08-15 18:03:15,359 [INFO] BoardInfo:879 - No configuration file found for board NUCLEO-U5A5ZJ-Q
2025-08-15 18:03:15,359 [INFO] DbBoards:156 - Board is not supported: NUCLEO-U5A5ZJ-Q
2025-08-15 18:03:15,364 [INFO] BoardInfo:879 - No configuration file found for board NUCLEO-WB05KZ
2025-08-15 18:03:15,365 [INFO] DbBoards:156 - Board is not supported: NUCLEO-WB05KZ
2025-08-15 18:03:15,367 [INFO] BoardInfo:879 - No configuration file found for board NUCLEO-WB07CC
2025-08-15 18:03:15,367 [INFO] DbBoards:156 - Board is not supported: NUCLEO-WB07CC
2025-08-15 18:03:15,369 [INFO] BoardInfo:879 - No configuration file found for board NUCLEO-WB09KE
2025-08-15 18:03:15,369 [INFO] DbBoards:156 - Board is not supported: NUCLEO-WB09KE
2025-08-15 18:03:15,393 [INFO] BoardInfo:879 - No configuration file found for board NUCLEO-WBA52CG
2025-08-15 18:03:15,394 [INFO] DbBoards:156 - Board is not supported: NUCLEO-WBA52CG
2025-08-15 18:03:15,401 [INFO] BoardInfo:879 - No configuration file found for board NUCLEO-WBA55CG
2025-08-15 18:03:15,401 [INFO] DbBoards:156 - Board is not supported: NUCLEO-WBA55CG
2025-08-15 18:03:15,403 [INFO] BoardInfo:879 - No configuration file found for board NUCLEO-WBA65RI
2025-08-15 18:03:15,403 [INFO] DbBoards:156 - Board is not supported: NUCLEO-WBA65RI
2025-08-15 18:03:15,425 [INFO] BoardInfo:879 - No configuration file found for board NUCLEO-WL33CC1
2025-08-15 18:03:15,425 [INFO] DbBoards:156 - Board is not supported: NUCLEO-WL33CC1
2025-08-15 18:03:15,427 [INFO] BoardInfo:879 - No configuration file found for board NUCLEO-WL33CC2
2025-08-15 18:03:15,429 [INFO] DbBoards:156 - Board is not supported: NUCLEO-WL33CC2
2025-08-15 18:03:15,440 [INFO] BoardInfo:879 - No configuration file found for board P-NUCLEO-WB55
2025-08-15 18:03:15,443 [INFO] DbBoards:156 - Kit is not supported: P-NUCLEO-WB55
2025-08-15 18:03:15,453 [INFO] BoardInfo:879 - No configuration file found for board STEVAL-BFA001V1B
2025-08-15 18:03:15,454 [INFO] DbBoards:156 - Kit is not supported: STEVAL-BFA001V1B
2025-08-15 18:03:15,455 [INFO] BoardInfo:879 - No configuration file found for board STEVAL-BFA001V2B
2025-08-15 18:03:15,455 [INFO] DbBoards:156 - Kit is not supported: STEVAL-BFA001V2B
2025-08-15 18:03:15,499 [INFO] BoardInfo:879 - No configuration file found for board STEVAL-MKBOXPRO
2025-08-15 18:03:15,499 [INFO] DbBoards:156 - Board is not supported: STEVAL-MKBOXPRO
2025-08-15 18:03:15,506 [INFO] BoardInfo:879 - No configuration file found for board STEVAL-SMARTAG2
2025-08-15 18:03:15,506 [INFO] DbBoards:156 - Board is not supported: STEVAL-SMARTAG2
2025-08-15 18:03:15,758 [INFO] BoardInfo:879 - No configuration file found for board STM32H573I-DK
2025-08-15 18:03:15,758 [INFO] DbBoards:156 - Board is not supported: STM32H573I-DK
2025-08-15 18:03:15,841 [INFO] BoardInfo:879 - No configuration file found for board STM32H7S78-DK
2025-08-15 18:03:15,841 [INFO] DbBoards:156 - Board is not supported: STM32H7S78-DK
2025-08-15 18:03:15,933 [INFO] BoardInfo:879 - No configuration file found for board STM32MP257F-DK
2025-08-15 18:03:15,934 [INFO] DbBoards:156 - Board is not supported: STM32MP257F-DK
2025-08-15 18:03:15,936 [INFO] BoardInfo:879 - No configuration file found for board STM32MP257F-EV1
2025-08-15 18:03:15,936 [INFO] DbBoards:156 - Board is not supported: STM32MP257F-EV1
2025-08-15 18:03:15,938 [INFO] BoardInfo:879 - No configuration file found for board STM32N6570-DK
2025-08-15 18:03:15,938 [INFO] DbBoards:156 - Board is not supported: STM32N6570-DK
2025-08-15 18:03:15,940 [INFO] BoardInfo:879 - No configuration file found for board STM32U083C-DK
2025-08-15 18:03:15,957 [INFO] DbBoards:156 - Board is not supported: STM32U083C-DK
2025-08-15 18:03:15,965 [INFO] BoardInfo:879 - No configuration file found for board STM32U5A9J-DK
2025-08-15 18:03:15,965 [INFO] DbBoards:156 - Board is not supported: STM32U5A9J-DK
2025-08-15 18:03:15,967 [INFO] BoardInfo:879 - No configuration file found for board STM32U5G9J-DK1
2025-08-15 18:03:15,967 [INFO] DbBoards:156 - Board is not supported: STM32U5G9J-DK1
2025-08-15 18:03:15,969 [INFO] BoardInfo:879 - No configuration file found for board STM32U5G9J-DK2
2025-08-15 18:03:15,969 [INFO] DbBoards:156 - Board is not supported: STM32U5G9J-DK2
2025-08-15 18:03:15,987 [INFO] BoardInfo:879 - No configuration file found for board STM32WBA55G-DK1
2025-08-15 18:03:15,988 [INFO] DbBoards:156 - Board is not supported: STM32WBA55G-DK1
2025-08-15 18:03:15,990 [INFO] BoardInfo:879 - No configuration file found for board STM32WBA65I-DK1
2025-08-15 18:03:15,990 [INFO] DbBoards:156 - Board is not supported: STM32WBA65I-DK1
2025-08-15 18:03:15,991 [INFO] DbBoards:160 - Found 211 boards, 172 are supported
2025-08-15 18:03:16,028 [INFO] ApiDb:422 - Load user favorites file /home/boobathi/.stm32cubeide/favorites.boards.txt: 1 item(s)
2025-08-15 18:03:16,028 [INFO] ApiDb:426 - User favorites Boards=[NUCLEO-F446RE]
2025-08-15 18:03:16,028 [INFO] DbBoards:189 - Set 1 / 1 favorites Boards
2025-08-15 18:03:23,272 [INFO] MultiScanPanel:196 - Auto-refresh data requested => check proxy status ongoing
2025-08-15 18:03:23,739 [INFO] LoadUrlFilesThread:179 - End of LoadServerUrlFiles without Thread
2025-08-15 18:03:23,739 [INFO] DetailPanel:339 - Set advertising image to /home/boobathi/STM32Cube/Repository//en.2400x1350px.jpeg
2025-08-15 18:03:23,768 [INFO] DbBoards:633 - Loading board mini-images...
2025-08-15 18:03:28,792 [INFO] DbBoards:656 - Loaded 211 board mini-images
2025-08-15 18:04:02,854 [INFO] MainUpdater:2800 - connection check result : 10
2025-08-15 18:04:02,855 [INFO] MainUpdater:2800 - connection check result : 10
2025-08-15 18:04:02,872 [INFO] MicroXplorer:451 - Change Database Path : 
2025-08-15 18:04:02,891 [INFO] MicroXplorer:481 - Change Database Version : DB.6.0.70
2025-08-15 18:04:02,891 [WARN] ThirdParty:845 - waiting for thirdparty lock release [close project]
2025-08-15 18:04:02,891 [INFO] ThirdParty:847 - entering critical section [close project]
2025-08-15 18:04:02,892 [INFO] ThirdParty:857 - exiting critical section [close project]
2025-08-15 18:04:02,895 [INFO] PinOutPanel:1477 - setPackage(No Configuration,No Configuration)
2025-08-15 18:04:02,902 [INFO] UtilMem:74 - Begin LoadConfig() Used Memory: 674959704 Bytes (709885952)
2025-08-15 18:04:02,907 [INFO] OpenFileManager:307 - Change cursor
2025-08-15 18:04:02,949 [INFO] ProjectFactory:399 - No CPN specified for board NUCLEO-F446RE => set CPN to STM32F446RET6
2025-08-15 18:04:02,949 [INFO] Mcu:1925 - Initializing MCU STM32F446R(C-E)Tx STM32F446RETx STM32F446RET6
2025-08-15 18:04:05,183 [INFO] Context:654 - Trying to add GPIOservice into a context  which must be forbidden
2025-08-15 18:04:06,265 [INFO] Rule:225 - rule 117617 - U5Cobra4M][GTZC] default value MPCBB3 and MPCBB5 - Not Secured memory - MPCBB1 is applicable
2025-08-15 18:04:06,265 [INFO] Rule:225 - rule 117617 - U5Cobra4M][GTZC] default value MPCBB3 and MPCBB5 - Not Secured memory - MPCBB1 is applicable
2025-08-15 18:04:06,265 [INFO] Rule:225 - rule 117617 - U5Cobra4M][GTZC] default value MPCBB3 and MPCBB5 - Not Secured memory - MPCBB2 is applicable
2025-08-15 18:04:06,265 [INFO] Rule:225 - rule 117617 - U5Cobra4M][GTZC] default value MPCBB3 and MPCBB5 - Not Secured memory - MPCBB2 is applicable
2025-08-15 18:04:06,265 [INFO] Rule:225 - rule 117617 - U5Cobra4M][GTZC] default value MPCBB3 and MPCBB5 - Not Secured memory - MPCBB3 is applicable
2025-08-15 18:04:06,265 [INFO] Rule:225 - rule 117617 - U5Cobra4M][GTZC] default value MPCBB3 and MPCBB5 - Not Secured memory - MPCBB3 is applicable
2025-08-15 18:04:06,265 [INFO] Rule:225 - rule 117617 - U5Cobra4M][GTZC] default value MPCBB3 and MPCBB5 - Not Secured memory - MPCBB4 is applicable
2025-08-15 18:04:06,265 [INFO] Rule:225 - rule 117617 - U5Cobra4M][GTZC] default value MPCBB3 and MPCBB5 - Not Secured memory - MPCBB4 is applicable
2025-08-15 18:04:06,265 [INFO] Rule:225 - rule 117617 - U5Cobra4M][GTZC] default value MPCBB3 and MPCBB5 - Secured memory - MPCBB1 is applicable
2025-08-15 18:04:06,265 [INFO] Rule:225 - rule 117617 - U5Cobra4M][GTZC] default value MPCBB3 and MPCBB5 - Secured memory - MPCBB2 is applicable
2025-08-15 18:04:06,265 [INFO] Rule:225 - rule 117617 - U5Cobra4M][GTZC] default value MPCBB3 and MPCBB5 - Secured memory - MPCBB3 is applicable
2025-08-15 18:04:06,265 [INFO] Rule:225 - rule 117617 - U5Cobra4M][GTZC] default value MPCBB3 and MPCBB5 - Secured memory - MPCBB4 is applicable
2025-08-15 18:04:06,266 [INFO] Rule:225 - rule 117617 - U5Cobra4M][GTZC] default value MPCBB3 and MPCBB5 - Privileged memory - MPCBB1 is applicable
2025-08-15 18:04:06,270 [INFO] Rule:225 - rule 117617 - U5Cobra4M][GTZC] default value MPCBB3 and MPCBB5 - Privileged memory - MPCBB2 is applicable
2025-08-15 18:04:06,270 [INFO] Rule:225 - rule 117617 - U5Cobra4M][GTZC] default value MPCBB3 and MPCBB5 - Privileged memory - MPCBB3 is applicable
2025-08-15 18:04:06,270 [INFO] Rule:225 - rule 117617 - U5Cobra4M][GTZC] default value MPCBB3 and MPCBB5 - Privileged memory - MPCBB4 is applicable
2025-08-15 18:04:06,270 [INFO] Rule:225 - rule 117617 - U5Cobra4M][GTZC] default value MPCBB3 and MPCBB5 - Not Privileged memory - MPCBB1 is applicable
2025-08-15 18:04:06,270 [INFO] Rule:225 - rule 117617 - U5Cobra4M][GTZC] default value MPCBB3 and MPCBB5 - Not Privileged memory - MPCBB2 is applicable
2025-08-15 18:04:06,270 [INFO] Rule:225 - rule 117617 - U5Cobra4M][GTZC] default value MPCBB3 and MPCBB5 - Not Privileged memory - MPCBB3 is applicable
2025-08-15 18:04:06,270 [INFO] Rule:225 - rule 117617 - U5Cobra4M][GTZC] default value MPCBB3 and MPCBB5 - Not Privileged memory - MPCBB4 is applicable
2025-08-15 18:04:06,270 [INFO] Rule:225 - rule 117617 - U5Cobra4M][GTZC] default value MPCBB3 and MPCBB5 - Privileged memory - MPCBB1 is applicable
2025-08-15 18:04:06,271 [INFO] Rule:225 - rule 117617 - U5Cobra4M][GTZC] default value MPCBB3 and MPCBB5 - Privileged memory - MPCBB2 is applicable
2025-08-15 18:04:06,271 [INFO] Rule:225 - rule 117617 - U5Cobra4M][GTZC] default value MPCBB3 and MPCBB5 - Privileged memory - MPCBB3 is applicable
2025-08-15 18:04:06,271 [INFO] Rule:225 - rule 117617 - U5Cobra4M][GTZC] default value MPCBB3 and MPCBB5 - Privileged memory - MPCBB4 is applicable
2025-08-15 18:04:06,271 [INFO] Rule:225 - rule 117617 - U5Cobra4M][GTZC] default value MPCBB3 and MPCBB5 - Privileged memory - MPCBB1 is applicable
2025-08-15 18:04:06,271 [INFO] Rule:225 - rule 117617 - U5Cobra4M][GTZC] default value MPCBB3 and MPCBB5 - Privileged memory - MPCBB2 is applicable
2025-08-15 18:04:06,271 [INFO] Rule:225 - rule 117617 - U5Cobra4M][GTZC] default value MPCBB3 and MPCBB5 - Privileged memory - MPCBB3 is applicable
2025-08-15 18:04:06,271 [INFO] Rule:225 - rule 117617 - U5Cobra4M][GTZC] default value MPCBB3 and MPCBB5 - Privileged memory - MPCBB4 is applicable
2025-08-15 18:04:06,271 [INFO] Rule:225 - rule 117617 - U5Cobra4M][GTZC] default value MPCBB3 and MPCBB5 - Not Privileged memory - MPCBB1 is applicable
2025-08-15 18:04:06,271 [INFO] Rule:225 - rule 117617 - U5Cobra4M][GTZC] default value MPCBB3 and MPCBB5 - Not Privileged memory - MPCBB2 is applicable
2025-08-15 18:04:06,271 [INFO] Rule:225 - rule 117617 - U5Cobra4M][GTZC] default value MPCBB3 and MPCBB5 - Not Privileged memory - MPCBB3 is applicable
2025-08-15 18:04:06,271 [INFO] Rule:225 - rule 117617 - U5Cobra4M][GTZC] default value MPCBB3 and MPCBB5 - Not Privileged memory - MPCBB4 is applicable
2025-08-15 18:04:06,271 [INFO] Rule:225 - rule 117617 - U5Cobra4M][GTZC] default value MPCBB3 and MPCBB5 - Privileged memory - MPCBB1 is applicable
2025-08-15 18:04:06,271 [INFO] Rule:225 - rule 117617 - U5Cobra4M][GTZC] default value MPCBB3 and MPCBB5 - Privileged memory - MPCBB2 is applicable
2025-08-15 18:04:06,271 [INFO] Rule:225 - rule 117617 - U5Cobra4M][GTZC] default value MPCBB3 and MPCBB5 - Privileged memory - MPCBB3 is applicable
2025-08-15 18:04:06,272 [INFO] Rule:225 - rule 117617 - U5Cobra4M][GTZC] default value MPCBB3 and MPCBB5 - Privileged memory - MPCBB4 is applicable
2025-08-15 18:04:06,272 [INFO] Rule:225 - rule Rename SubGHz_Phy SUBGHZ_APPLICATION SUBGHZ_PINGPONG to SUBGHZ_ADV_APPLICATION is applicable
2025-08-15 18:04:06,272 [INFO] Rule:225 - rule Rename Enabled to IBEACON is applicable
2025-08-15 18:04:06,272 [INFO] Rule:225 - rule GTZC_S instance for project manager is applicable
2025-08-15 18:04:06,272 [INFO] Rule:225 - rule GTZC_S instance for context M33S is applicable
2025-08-15 18:04:06,272 [INFO] Rule:225 - rule GTZC_S instance value for IP GTZC is applicable
2025-08-15 18:04:06,272 [INFO] Rule:225 - rule GTZC_S instance for mcu.IP is applicable
2025-08-15 18:04:06,272 [INFO] Rule:225 - rule GTZC_S instance for VP is applicable
2025-08-15 18:04:06,272 [INFO] Rule:225 - rule GTZC_S instance for signal is applicable
2025-08-15 18:04:06,272 [INFO] Rule:225 - rule GTZC_S instance for mcu.Pin is applicable
2025-08-15 18:04:06,272 [INFO] Rule:225 - rule GTZC_S instance for VP is applicable
2025-08-15 18:04:06,272 [INFO] Rule:225 - rule GTZC_S instance for signal is applicable
2025-08-15 18:04:06,273 [INFO] Rule:225 - rule GTZC_S instance for mcu is applicable
2025-08-15 18:04:06,274 [INFO] Rule:225 - rule GTZC_S instance for mcu.Pin is applicable
2025-08-15 18:04:06,274 [INFO] Rule:225 - rule GTZC_S instance value for IP GTZC is applicable
2025-08-15 18:04:06,274 [INFO] Rule:225 - rule GTZC_S instance for project manager is applicable
2025-08-15 18:04:06,274 [INFO] Rule:225 - rule GTZC_S instance for context M33S is applicable
2025-08-15 18:04:06,274 [INFO] Rule:225 - rule GTZC_S instance for VP is applicable
2025-08-15 18:04:06,274 [INFO] Rule:225 - rule GTZC_S instance for signal is applicable
2025-08-15 18:04:06,274 [INFO] Rule:225 - rule SPDIFRX instance for mcu is applicable
2025-08-15 18:04:06,274 [INFO] Rule:225 - rule Rename Tracer Mode is applicable
2025-08-15 18:04:06,274 [INFO] Rule:225 - rule SPDIFRX instance value for IP SPDIFRX is applicable
2025-08-15 18:04:06,274 [INFO] Rule:225 - rule SPDIFRX instance for signal is applicable
2025-08-15 18:04:06,274 [INFO] Rule:225 - rule SPDIFRX instance for project manager is applicable
2025-08-15 18:04:06,274 [INFO] Rule:225 - rule SPDIFRX instance for project manager is applicable
2025-08-15 18:04:06,274 [INFO] Rule:225 - rule ADC Scan  fix with FW F7 is applicable
2025-08-15 18:04:06,275 [INFO] Rule:225 - rule ADC Scan  fix with FW F7 is applicable
2025-08-15 18:04:06,275 [INFO] Rule:225 - rule Add RTC Activate Clock Source is applicable
2025-08-15 18:04:06,275 [INFO] Rule:225 - rule Add RTC Activate Calendar 1 is applicable
2025-08-15 18:04:06,275 [INFO] Rule:225 - rule Add RTC Activate Calendar 2 is applicable
2025-08-15 18:04:06,275 [INFO] Rule:225 - rule Add RTC Activate Calendar 3 is applicable
2025-08-15 18:04:06,275 [INFO] Rule:225 - rule UART/USART TX Mode is applicable
2025-08-15 18:04:06,275 [INFO] Rule:225 - rule UART/USART RX Mode is applicable
2025-08-15 18:04:06,275 [INFO] Rule:225 - rule UART/USART RX TX Mode is applicable
2025-08-15 18:04:06,275 [INFO] Rule:225 - rule UART/USART PARITY NONE is applicable
2025-08-15 18:04:06,275 [INFO] Rule:225 - rule UART/USART PARITY EVEN is applicable
2025-08-15 18:04:06,275 [INFO] Rule:225 - rule UART/USART PARITY ODD is applicable
2025-08-15 18:04:06,276 [INFO] Rule:225 - rule USART StopBits 1 is applicable
2025-08-15 18:04:06,276 [INFO] Rule:225 - rule USART StopBits 2 is applicable
2025-08-15 18:04:06,276 [INFO] Rule:225 - rule USART StopBits 1.5 is applicable
2025-08-15 18:04:06,276 [INFO] Rule:225 - rule USART StopBits 0.5 is applicable
2025-08-15 18:04:06,276 [INFO] Rule:225 - rule UART/USART WORD LENGTH 7 is applicable
2025-08-15 18:04:06,276 [INFO] Rule:225 - rule UART/USART WORD LENGTH 8 is applicable
2025-08-15 18:04:06,276 [INFO] Rule:225 - rule UART/USART WORD LENGTH 9 is applicable
2025-08-15 18:04:06,276 [INFO] Rule:225 - rule Rename FMC NAND NCE signal is applicable
2025-08-15 18:04:06,276 [INFO] Rule:225 - rule Rename FMC NAND INT signal is applicable
2025-08-15 18:04:06,276 [INFO] Rule:225 - rule Change Default Value for LSE Drive Capability for WB family is applicable
2025-08-15 18:04:06,276 [INFO] Rule:225 - rule Change Default Value for ADC Clock Prescaler G0 family is applicable
2025-08-15 18:04:06,276 [INFO] Rule:225 - rule Change Default Value for ADC ExternalTrigConv L4 family is applicable
2025-08-15 18:04:06,276 [INFO] Rule:225 - rule Change Default Value for ADC ExternalTrigInjecConv L4 family is applicable
2025-08-15 18:04:06,276 [INFO] Rule:225 - rule Change Default Value for ADC ExternalTrigConv F3 family is applicable
2025-08-15 18:04:06,277 [INFO] Rule:225 - rule Change Default Value for ADC ExternalTrigInjecConv F3 family is applicable
2025-08-15 18:04:06,277 [INFO] Rule:225 - rule Change Default Value for ADC ExternalTrigConv Goldfish serie is applicable
2025-08-15 18:04:06,277 [INFO] Rule:225 - rule Change Default Value for ADC ExternalTrigInjecConv Goldfish serie is applicable
2025-08-15 18:04:06,277 [INFO] Rule:225 - rule Change Default Value for ADC ExternalTrigConv L0 family is applicable
2025-08-15 18:04:06,277 [INFO] Rule:225 - rule Change Default Value for ADC ExternalTrigConv F0 family is applicable
2025-08-15 18:04:06,277 [INFO] Rule:225 - rule Change Default Value for ADC ExternalTrigConvn L1 family is applicable
2025-08-15 18:04:06,277 [INFO] Rule:225 - rule Change Default Value for ADC ExternalTrigInjecConv L1 family is applicable
2025-08-15 18:04:06,277 [INFO] Rule:225 - rule Change Default Value for ADC ExternalTrigConv F1 family is applicable
2025-08-15 18:04:06,277 [INFO] Rule:225 - rule Change Default Value for ADC ExternalTrigInjecConv F1 family is applicable
2025-08-15 18:04:06,277 [INFO] Rule:225 - rule Change Default Value for ADC ExternalTrigConv F7 family is applicable
2025-08-15 18:04:06,277 [INFO] Rule:225 - rule Change Default Value for ADC ExternalTrigInjecConv F7 family is applicable
2025-08-15 18:04:06,277 [INFO] Rule:225 - rule Change Default Value for ADC ExternalTrigConv F4 and F2 family is applicable
2025-08-15 18:04:06,277 [INFO] Rule:225 - rule Change Default Value for ADC ExternalTrigInjecConv F4 and F2 family is applicable
2025-08-15 18:04:06,277 [INFO] Rule:225 - rule ADC SamplingTime fix with FW L0  is applicable
2025-08-15 18:04:06,278 [INFO] Rule:225 - rule ADC SamplingTime fix with FW L0  is applicable
2025-08-15 18:04:06,278 [INFO] Rule:225 - rule ADC SamplingTime fix with FW L0 is applicable
2025-08-15 18:04:06,278 [INFO] Rule:225 - rule ADC SamplingTime fix with FW L0 is applicable
2025-08-15 18:04:06,278 [INFO] Rule:225 - rule ADC SamplingTime fix with FW L0  is applicable
2025-08-15 18:04:06,278 [INFO] Rule:225 - rule ADC SamplingTime fix with FW L0 is applicable
2025-08-15 18:04:06,278 [INFO] Rule:225 - rule Rename USB_OE Signal is applicable
2025-08-15 18:04:06,278 [INFO] Rule:225 - rule Rename Activate_OE Mode is applicable
2025-08-15 18:04:06,278 [INFO] Rule:225 - rule Rename DIE462/DIE415 pin PC14/OSC32_IN -> PC14-OSC32_IN (PC14) is applicable
2025-08-15 18:04:06,278 [INFO] Rule:225 - rule Rename DIE462/DIE415 pin PC15/OSC32_OUT -> PC15-OSC32_OUT (PC15) is applicable
2025-08-15 18:04:06,278 [INFO] Rule:225 - rule Rename DIE462/DIE415 pin PH0/OSC_IN -> PH0-OSC_IN (PH0) is applicable
2025-08-15 18:04:06,279 [INFO] Rule:225 - rule Rename DIE462/DIE415 pin PH1/OSC_OUT -> PH1-OSC_OUT (PH1) is applicable
2025-08-15 18:04:06,291 [INFO] Rule:225 - rule Rename DIE462 pin PA13 -> PA13 (JTMS/SWDIO) is applicable
2025-08-15 18:04:06,291 [INFO] Rule:225 - rule Rename DIE415 pin PA13 -> PA13 (JTMS/SWDIO) is applicable
2025-08-15 18:04:06,291 [INFO] Rule:225 - rule Rename DIE462 pin PA14 -> PA14 (JTCK/SWCLK) is applicable
2025-08-15 18:04:06,301 [INFO] Rule:225 - rule Rename DIE415 pin PA14 -> PA14 (JTCK/SWCLK) is applicable
2025-08-15 18:04:06,301 [INFO] Rule:225 - rule Rename DIE462/DIE415 pin PA15 -> PA15 (JTDI) is applicable
2025-08-15 18:04:06,301 [INFO] Rule:225 - rule Rename DIE462 pin PB3 -> PB3 (JTD0/TRACESWO) is applicable
2025-08-15 18:04:06,301 [INFO] Rule:225 - rule Rename DIE415 pin PB3 -> PB3 (JTD0-TRACESWO) is applicable
2025-08-15 18:04:06,301 [INFO] Rule:225 - rule Rename DIE462/DIE415 pin PB4 -> PB4 (NJTRST) is applicable
2025-08-15 18:04:06,301 [INFO] Rule:225 - rule Rename DIE462 pin PH3/BOOT0 -> PH3-BOOT0 (BOOT0) is applicable
2025-08-15 18:04:06,301 [INFO] Rule:225 - rule Rename CRYP DataEncryptionTypesList to Algorithm is applicable
2025-08-15 18:04:06,301 [INFO] Rule:225 - rule Rename AES DataEncryptionTypesList to Algorithm is applicable
2025-08-15 18:04:06,301 [INFO] Rule:225 - rule Rename TDESECB to CRYP_TDES_ECB is applicable
2025-08-15 18:04:06,301 [INFO] Rule:225 - rule Rename TDESCBC to CRYP_TDES_CBC is applicable
2025-08-15 18:04:06,301 [INFO] Rule:225 - rule Rename DESECB to CRYP_DES_ECB is applicable
2025-08-15 18:04:06,301 [INFO] Rule:225 - rule Rename DESCBC to CRYP_DES_CBC is applicable
2025-08-15 18:04:06,301 [INFO] Rule:225 - rule Rename AESECB to CRYP_AES_ECB is applicable
2025-08-15 18:04:06,302 [INFO] Rule:225 - rule Rename AESCBC to CRYP_AES_CBC is applicable
2025-08-15 18:04:06,302 [INFO] Rule:225 - rule Rename AESCTR to CRYP_AES_CTR is applicable
2025-08-15 18:04:06,302 [INFO] Rule:225 - rule Rename AESGCM to CRYP_AES_GCM is applicable
2025-08-15 18:04:06,302 [INFO] Rule:225 - rule Rename AESCCM to CRYP_AES_CCM is applicable
2025-08-15 18:04:06,302 [INFO] Rule:225 - rule Rename CAN TimeSeg1 to BS1 is applicable
2025-08-15 18:04:06,302 [INFO] Rule:225 - rule Rename CAN TimeSeg2 to BS2 is applicable
2025-08-15 18:04:06,302 [INFO] Rule:225 - rule Rename CAN SyncJumpWidth to SJW is applicable
2025-08-15 18:04:06,302 [INFO] Rule:225 - rule TimeTriggeredMode to TTCM is applicable
2025-08-15 18:04:06,302 [INFO] Rule:225 - rule Rename CAN AutoBusOff to ABOM is applicable
2025-08-15 18:04:06,302 [INFO] Rule:225 - rule Rename CAN AutoWakeUp to AWUM is applicable
2025-08-15 18:04:06,302 [INFO] Rule:225 - rule Rename CAN AutoRetransmission to NART is applicable
2025-08-15 18:04:06,302 [INFO] Rule:225 - rule Rename CAN ReceiveFifoLocked to RFLM is applicable
2025-08-15 18:04:06,302 [INFO] Rule:225 - rule Rename CAN TransmitFifoPriority to TXFP is applicable
2025-08-15 18:04:06,302 [INFO] Rule:225 - rule Rename HRTIMER HRTIM_OUTPUTFAULTLEVEL_HIGH in HRTIMER HRTIM_OUTPUTFAULTLEVEL_HIGHZ is applicable
2025-08-15 18:04:06,302 [INFO] Rule:225 - rule Rename TIMER TIM_CLEARINPUTSOURCE_OCREFCLR in  TIMER TIM_CLEARINPUTSOURCE_NONE for F7 family is applicable
2025-08-15 18:04:06,302 [INFO] Rule:225 - rule FDCAN_R1 - Rename FDCAN mode Master into Classic is applicable
2025-08-15 18:04:06,303 [INFO] Rule:225 - rule FDCAN_R2 - Rename FDCAN mode Slave into Classic is applicable
2025-08-15 18:04:06,303 [INFO] Rule:225 - rule FDCAN1_R3 - if PA10.Mode=FullDuplex, add Pin PA12 is applicable
2025-08-15 18:04:06,303 [INFO] Rule:225 - rule FDCAN1_R3 - if PA9.Mode=FullDuplex, add Pin PA11 is applicable
2025-08-15 18:04:06,303 [INFO] Rule:225 - rule FDCAN1_R3 - Alternatepin_1 - if PE1.Mode=FullDuplex, add Pin PB9 is applicable
2025-08-15 18:04:06,303 [INFO] Rule:225 - rule FDCAN1_R3 - Alternatepin_1 - if PE0.Mode=FullDuplex, add Pin PB8 is applicable
2025-08-15 18:04:06,303 [INFO] Rule:225 - rule FDCAN1_R3 - Alternatepin_2 - if PD5.Mode=FullDuplex, add Pin PD1 is applicable
2025-08-15 18:04:06,303 [INFO] Rule:225 - rule FDCAN1_R3 - Alternatepin_2 - if PD4.Mode=FullDuplex, add Pin PD0 is applicable
2025-08-15 18:04:06,303 [INFO] Rule:225 - rule FDCAN1_R4 - Rename Mode FullDuplex into Enable FDCAN_TXFD for pin PA10 is applicable
2025-08-15 18:04:06,303 [INFO] Rule:225 - rule FDCAN1_R4 - Rename Mode FullDuplex into Enable FDCAN_TXFD for pin PA9 is applicable
2025-08-15 18:04:06,303 [INFO] Rule:225 - rule FDCAN1_R4 - Alternatepin_1 - Rename Mode FullDuplex into Enable FDCAN_TXFD for pin PE1 is applicable
2025-08-15 18:04:06,303 [INFO] Rule:225 - rule FDCAN1_R4 - Alternatepin_1 - Rename Mode FullDuplex into Enable FDCAN_TXFD for pin PE0 is applicable
2025-08-15 18:04:06,303 [INFO] Rule:225 - rule FDCAN1_R4 - Alternatepin_2 - Rename Mode FullDuplex into Enable FDCAN_TXFD for pin PD5 is applicable
2025-08-15 18:04:06,303 [INFO] Rule:225 - rule FDCAN1_R4 - Alternatepin_2 - Rename Mode FullDuplex into Enable FDCAN_TXFD for pin PD4 is applicable
2025-08-15 18:04:06,303 [INFO] Rule:225 - rule FDCAN2_R3 - if PD10.Mode=FullDuplex, add Pin PB13 is applicable
2025-08-15 18:04:06,303 [INFO] Rule:225 - rule FDCAN2_R3 - if PD9.Mode=FullDuplex, add Pin PB12 is applicable
2025-08-15 18:04:06,303 [INFO] Rule:225 - rule FDCAN2_R3 - Alternatepin_1 - if PB7.Mode=FullDuplex, add Pin PB6 is applicable
2025-08-15 18:04:06,304 [INFO] Rule:225 - rule FDCAN2_R3 - Alternatepin_1 - if PD9.Mode=FullDuplex, add Pin PB12 is applicable
2025-08-15 18:04:06,304 [INFO] Rule:225 - rule FDCAN2_R4 - Rename Mode FullDuplex into Enable FDCAN_TXFD for pin PD10 is applicable
2025-08-15 18:04:06,304 [INFO] Rule:225 - rule FDCAN2_R4 - Rename Mode FullDuplex into Enable FDCAN_TXFD for pin PD9 is applicable
2025-08-15 18:04:06,304 [INFO] Rule:225 - rule FDCAN2_R4 - Alternatepin_1 - Rename Mode FullDuplex into Enable FDCAN_TXFD for pin PB7 is applicable
2025-08-15 18:04:06,304 [INFO] Rule:225 - rule FDCAN2_R4 - Alternatepin_1 - Rename Mode FullDuplex into Enable FDCAN_TXFD for pin PD6 is applicable
2025-08-15 18:04:06,304 [INFO] Rule:225 - rule USART TxPinLevelInvertParam Mode is applicable
2025-08-15 18:04:06,304 [INFO] Rule:225 - rule USART RxPinLevelInvertParam Mode is applicable
2025-08-15 18:04:06,304 [INFO] Rule:225 - rule USART DataInvertParam Mode is applicable
2025-08-15 18:04:06,304 [INFO] Rule:225 - rule USART SwapParam Mode is applicable
2025-08-15 18:04:06,304 [INFO] Rule:225 - rule USART OverrunDisableParam Mode is applicable
2025-08-15 18:04:06,304 [INFO] Rule:225 - rule USART DMADisableonRxErrorParam Mode is applicable
2025-08-15 18:04:06,304 [INFO] Rule:225 - rule USART MSBFirstParam Mode is applicable
2025-08-15 18:04:06,304 [INFO] Rule:225 - rule Update MwName for USB_DEVICE is applicable
2025-08-15 18:04:06,304 [INFO] Rule:225 - rule Change PWR_Regulator_Voltage_Scale Default Value for RCC  H7 family is applicable
2025-08-15 18:04:06,304 [INFO] Rule:225 - rule UART/USART IPParameter rename Prescaler parameter to ClockPrescaler is applicable
2025-08-15 18:04:06,304 [INFO] Rule:225 - rule UART/USART Prescaler rename Prescaler parameter to ClockPrescaler is applicable
2025-08-15 18:04:06,305 [INFO] Rule:225 - rule TIM1CLockSelection is applicable
2025-08-15 18:04:06,305 [INFO] Rule:225 - rule TIM15CLockSelection is applicable
2025-08-15 18:04:06,305 [INFO] Rule:225 - rule align RCC SDMMC3CLockSelection default value on MP1 is applicable
2025-08-15 18:04:06,305 [INFO] Rule:225 - rule align RCC SDMMC12CLockSelection default value on MP1 is applicable
2025-08-15 18:04:06,305 [INFO] Rule:225 - rule align RCC QSPICLockSelection default value on MP1 is applicable
2025-08-15 18:04:06,305 [INFO] Rule:225 - rule align RCC QSPICLockSelection default value on MP1 is applicable
2025-08-15 18:04:06,305 [INFO] Rule:225 - rule align RCC SPI6CLockSelection default value on MP1 is applicable
2025-08-15 18:04:06,305 [INFO] Rule:225 - rule align RCC LPTIM23CLockSelection default value on MP1 is applicable
2025-08-15 18:04:06,305 [INFO] Rule:225 - rule align RCC LPTIM1CLockSelection default value on MP1 is applicable
2025-08-15 18:04:06,305 [INFO] Rule:225 - rule align RCC USART1CLockSelection default value on MP1 is applicable
2025-08-15 18:04:06,305 [INFO] Rule:225 - rule align RCC USART24CLockSelection default value on MP1 is applicable
2025-08-15 18:04:06,305 [INFO] Rule:225 - rule align RCC USART6CLockSelection default value on MP1 is applicable
2025-08-15 18:04:06,305 [INFO] Rule:225 - rule align RCC UART78CLockSelection default value on MP1 is applicable
2025-08-15 18:04:06,305 [INFO] Rule:225 - rule align RCC USART35CLockSelection default value on MP1 is applicable
2025-08-15 18:04:06,305 [INFO] Rule:225 - rule align RCC SPI45CLockSelection default value on MP1 is applicable
2025-08-15 18:04:06,305 [INFO] Rule:225 - rule align RCC I2C46CLockSelection BCLK value on MP1 is applicable
2025-08-15 18:04:06,306 [INFO] Rule:225 - rule align RCC SPI45CLockSelection default value on MP1 is applicable
2025-08-15 18:04:06,306 [INFO] Rule:225 - rule align RCC I2C12CLockSelection default value on MP1 is applicable
2025-08-15 18:04:06,306 [INFO] Rule:225 - rule align RCC I2C35CLockSelection default value on MP1 is applicable
2025-08-15 18:04:06,306 [INFO] Rule:225 - rule align RCC LPTIM45CLockSelection default value on MP1 is applicable
2025-08-15 18:04:06,306 [INFO] Rule:225 - rule Rename DCMI PIXCK signal is applicable
2025-08-15 18:04:06,306 [INFO] Rule:225 - rule Change Default Value for I2C46CLockSelection MP1 family is applicable
2025-08-15 18:04:06,306 [INFO] Rule:225 - rule Change Default Value for UART for G4, G0 and WB families is applicable
2025-08-15 18:04:06,306 [INFO] Rule:225 - rule Change Default Value for USART for G4, G0 and WB families is applicable
2025-08-15 18:04:06,306 [INFO] Rule:225 - rule Change Default Value for USART for G4 family is applicable
2025-08-15 18:04:06,306 [INFO] Rule:225 - rule Change USART1CLockSelection refparam name for MP1 is applicable
2025-08-15 18:04:06,306 [INFO] Rule:225 - rule Change USART2CLockSelection refparam name for MP1 is applicable
2025-08-15 18:04:06,306 [INFO] Rule:225 - rule Change USART3CLockSelection refparam name for MP1 is applicable
2025-08-15 18:04:06,306 [INFO] Rule:225 - rule Change UART4CLockSelection refparam name for MP1 is applicable
2025-08-15 18:04:06,306 [INFO] Rule:225 - rule Change UART5CLockSelection refparam name for MP1 is applicable
2025-08-15 18:04:06,306 [INFO] Rule:225 - rule Change LPUART1CLockSelection refparam name for MP1 is applicable
2025-08-15 18:04:06,306 [INFO] Rule:225 - rule Change LPTIM1CLockSelection refparam name for MP1 is applicable
2025-08-15 18:04:06,307 [INFO] Rule:225 - rule Change LPTIM2CLockSelection refparam name for MP1 is applicable
2025-08-15 18:04:06,307 [INFO] Rule:225 - rule Change RCC_MCO1Source refparam name for MP1 is applicable
2025-08-15 18:04:06,307 [INFO] Rule:225 - rule Change LSCOSource1 refparam name for MP1 is applicable
2025-08-15 18:04:06,307 [INFO] Rule:225 - rule Change SMPSCLockSelection refparam name for MP1 is applicable
2025-08-15 18:04:06,307 [INFO] Rule:225 - rule Change LPTIM3CLockSelection refparam name for MP1 is applicable
2025-08-15 18:04:06,307 [INFO] Rule:225 - rule Change MPCBB* Default Template Mode to Parameters is applicable
2025-08-15 18:04:06,307 [INFO] Rule:225 - rule Change MPCWM* or MPCBB* Secure Mode to Parameters is applicable
2025-08-15 18:04:06,307 [INFO] Rule:225 - rule Change MPCWM* or MPCBB* No Secure Mode to Parameters is applicable
2025-08-15 18:04:06,307 [INFO] Rule:225 - rule Change TZSC IP Secure Mode to Parameters is applicable
2025-08-15 18:04:06,307 [INFO] Rule:225 - rule Change TZSC IP No Secure Mode to Parameters is applicable
2025-08-15 18:04:06,307 [INFO] Rule:225 - rule Change TZSC IP Privilege Mode to Parameters is applicable
2025-08-15 18:04:06,307 [INFO] Rule:225 - rule Change TZSC IP No Privilege Mode to Parameters is applicable
2025-08-15 18:04:06,307 [INFO] Rule:225 - rule Change TZIC IT Secure Mode to Parameters is applicable
2025-08-15 18:04:06,307 [INFO] Rule:225 - rule Change TZIC IT No Secure Mode to Parameters is applicable
2025-08-15 18:04:06,307 [INFO] Rule:225 - rule Add MPCBB1_NonSecureArea_Start_Address value with referenced to MPCBB1_NonSecureArea_Start value is applicable
2025-08-15 18:04:06,308 [INFO] Rule:225 - rule Add MPCBB2_NonSecureArea_Start_Address value with referenced to MPCBB2_NonSecureArea_Start value is applicable
2025-08-15 18:04:06,308 [INFO] Rule:225 - rule Add MPCWM1_NonSecureArea*_Start_Address value with referenced to MPCWM1_NonSecureArea*_Start value is applicable
2025-08-15 18:04:06,308 [INFO] Rule:225 - rule Add MPCWM2_NonSecureArea*_Start_Address value with referenced to MPCWM2_NonSecureArea*_Start value is applicable
2025-08-15 18:04:06,308 [INFO] Rule:225 - rule Add MPCWM3_NonSecureArea_Start_Address value with referenced to MPCWM3_NonSecureArea_Start value is applicable
2025-08-15 18:04:06,308 [INFO] Rule:225 - rule Change Default Value for PLL1UserDefinedConfig is applicable
2025-08-15 18:04:06,308 [INFO] Rule:225 - rule Change GPIO_PuPd Default Value for USART in async mode is applicable
2025-08-15 18:04:06,308 [INFO] Rule:225 - rule Change SMPSDivider Default Value is applicable
2025-08-15 18:04:06,308 [INFO] Rule:225 - rule OPAMP is applicable
2025-08-15 18:04:06,308 [INFO] Rule:225 - rule LPUART IPParameter rename Prescaler parameter to ClockPrescaler for STM32H7 is applicable
2025-08-15 18:04:06,308 [INFO] Rule:225 - rule LPUART IPParameter rename Prescaler parameter to ClockPrescaler for STM32H7 is applicable
2025-08-15 18:04:06,308 [INFO] Rule:225 - rule LPUART IPParameter rename Prescaler parameter to ClockPrescaler for STM32WB is applicable
2025-08-15 18:04:06,308 [INFO] Rule:225 - rule LPUART IPParameter rename Prescaler parameter to ClockPrescaler for STM32WB is applicable
2025-08-15 18:04:06,308 [INFO] Rule:225 - rule LPUART IPParameter rename Prescaler parameter to ClockPrescaler for STM32G4 is applicable
2025-08-15 18:04:06,308 [INFO] Rule:225 - rule LPUART IPParameter rename Prescaler parameter to ClockPrescaler for STM32G4 is applicable
2025-08-15 18:04:06,308 [INFO] Rule:225 - rule LPUART IPParameter rename Prescaler parameter to ClockPrescaler for STM32L5 is applicable
2025-08-15 18:04:06,308 [INFO] Rule:225 - rule LPUART IPParameter rename Prescaler parameter to ClockPrescaler for STM32L5 is applicable
2025-08-15 18:04:06,309 [INFO] Rule:225 - rule LPUART IPParameter rename Prescaler parameter to ClockPrescaler for STM32G4 is applicable
2025-08-15 18:04:06,309 [INFO] Rule:225 - rule LPUART IPParameter rename Prescaler parameter to ClockPrescaler for STM32G4 is applicable
2025-08-15 18:04:06,309 [INFO] Rule:225 - rule USB device lib V2.5.3 for L0 rename USBD_SUPPORT_USER_STRING parameter to USBD_SUPPORT_USER_STRING_DESC4 is applicable
2025-08-15 18:04:06,309 [INFO] Rule:225 - rule I2SCLockSelection clock entry align is applicable
2025-08-15 18:04:06,309 [INFO] Rule:225 - rule Assign TIMx context if used as SYS timebase is applicable
2025-08-15 18:04:06,309 [INFO] Rule:225 - rule Change GPIO_Pu Default Value for I2C is applicable
2025-08-15 18:04:06,309 [INFO] Rule:225 - rule Change GPIO_Pu Default Value for SMBus is applicable
2025-08-15 18:04:06,309 [INFO] Rule:225 - rule change FDCAN default value is applicable
2025-08-15 18:04:06,309 [INFO] Rule:225 - rule Change mode sai is applicable
2025-08-15 18:04:06,309 [INFO] Rule:225 - rule **Change sai mode is applicable
2025-08-15 18:04:06,357 [INFO] DbConfProperties:305 - Apply Compatibility (49/248 Rules)
2025-08-15 18:04:06,380 [INFO] ImportTextPane:193 - (OptionalMessage_ERROR) Unable to find key (Mcu.ThirdPartyNb) in loaded IOC file
2025-08-15 18:04:07,038 [INFO] RtosManager:489 - Registered RTOS mode: class=CMSIS, group=RTOS, mode=CMSIS_V1, owner=FREERTOS
2025-08-15 18:04:07,038 [INFO] RtosManager:489 - Registered RTOS mode: class=CMSIS, group=RTOS2, mode=CMSIS_V2, owner=FREERTOS
2025-08-15 18:04:07,038 [INFO] RtosManager:489 - Registered RTOS mode: class=RTOS, group=Core, mode=CMSIS_V1, owner=FREERTOS
2025-08-15 18:04:07,039 [INFO] RtosManager:489 - Registered RTOS mode: class=RTOS, group=Core, mode=CMSIS_V2, owner=FREERTOS
2025-08-15 18:04:07,039 [WARN] ModelIntegratedComponent:185 - Missing modes for component STMicroelectronics:FreeRTOS:0.0.1:STMicroelectronics:RTOS:FreeRTOS:Core:::10.2.0:
2025-08-15 18:04:07,046 [WARN] ModelIntegratedComponent:64 - No mode defined for component null
2025-08-15 18:04:07,047 [WARN] ModelIntegratedComponent:64 - No mode defined for component null
2025-08-15 18:04:07,047 [WARN] ModelIntegratedComponent:64 - No mode defined for component null
2025-08-15 18:04:07,047 [WARN] ModelIntegratedComponent:64 - No mode defined for component null
2025-08-15 18:04:07,047 [WARN] ModelIntegratedComponent:64 - No mode defined for component null
2025-08-15 18:04:07,047 [WARN] ModelIntegratedComponent:64 - No mode defined for component null
2025-08-15 18:04:07,047 [WARN] ModelIntegratedComponent:64 - No mode defined for component null
2025-08-15 18:04:07,047 [WARN] ModelIntegratedComponent:64 - No mode defined for component null
2025-08-15 18:04:07,047 [WARN] ModelIntegratedComponent:64 - No mode defined for component null
2025-08-15 18:04:07,047 [WARN] ModelIntegratedComponent:64 - No mode defined for component null
2025-08-15 18:04:07,047 [WARN] ModelIntegratedComponent:64 - No mode defined for component null
2025-08-15 18:04:07,047 [WARN] ModelIntegratedComponent:64 - No mode defined for component null
2025-08-15 18:04:07,047 [WARN] ModelIntegratedComponent:64 - No mode defined for component null
2025-08-15 18:04:07,047 [WARN] ModelIntegratedComponent:64 - No mode defined for component null
2025-08-15 18:04:07,047 [WARN] ModelIntegratedComponent:64 - No mode defined for component null
2025-08-15 18:04:07,047 [WARN] ModelIntegratedComponent:64 - No mode defined for component null
2025-08-15 18:04:07,047 [WARN] ModelIntegratedComponent:64 - No mode defined for component null
2025-08-15 18:04:07,048 [WARN] ModelIntegratedComponent:64 - No mode defined for component null
2025-08-15 18:04:07,048 [WARN] ModelIntegratedComponent:64 - No mode defined for component null
2025-08-15 18:04:07,048 [WARN] ModelIntegratedComponent:64 - No mode defined for component null
2025-08-15 18:04:07,048 [WARN] ModelIntegratedComponent:64 - No mode defined for component null
2025-08-15 18:04:07,048 [WARN] ModelIntegratedComponent:64 - No mode defined for component null
2025-08-15 18:04:07,048 [WARN] ModelIntegratedComponent:64 - No mode defined for component null
2025-08-15 18:04:07,048 [WARN] ModelIntegratedComponent:64 - No mode defined for component null
2025-08-15 18:04:07,048 [WARN] ModelIntegratedComponent:64 - No mode defined for component null
2025-08-15 18:04:07,048 [WARN] ModelIntegratedComponent:64 - No mode defined for component null
2025-08-15 18:04:07,048 [WARN] ModelIntegratedComponent:64 - No mode defined for component null
2025-08-15 18:04:07,048 [WARN] ModelIntegratedComponent:64 - No mode defined for component null
2025-08-15 18:04:07,048 [WARN] ModelIntegratedComponent:64 - No mode defined for component null
2025-08-15 18:04:07,048 [WARN] ModelIntegratedComponent:64 - No mode defined for component null
2025-08-15 18:04:07,048 [WARN] ModelIntegratedComponent:64 - No mode defined for component null
2025-08-15 18:04:07,048 [WARN] ModelIntegratedComponent:64 - No mode defined for component null
2025-08-15 18:04:07,048 [WARN] ModelIntegratedComponent:64 - No mode defined for component null
2025-08-15 18:04:07,870 [INFO] ThirdPartyModel:294 - Start build external matchings
2025-08-15 18:04:10,571 [INFO] ThirdPartyModel:310 - End build external matchings
2025-08-15 18:04:10,613 [INFO] ImportTextPane:193 - (OptionalMessage_ERROR) IP (RCC) : Invalid parameter (48MHZClocksFreq_Value)
2025-08-15 18:04:10,613 [INFO] ImportTextPane:193 - (OptionalMessage_ERROR) IP (RCC) : Invalid parameter (EthernetFreq_Value)
2025-08-15 18:04:10,616 [INFO] ImportTextPane:193 - (OptionalMessage_ERROR) IP (RCC) : Parameter (FLatency) has Id (AdvancedSettings) currently not set
2025-08-15 18:04:10,616 [INFO] ImportTextPane:193 - (OptionalMessage_ERROR) IP (RCC) : Invalid parameter (FamilyName)
2025-08-15 18:04:10,616 [INFO] ImportTextPane:193 - (OptionalMessage_ERROR) IP (RCC) : Invalid parameter (I2SClocksFreq_Value)
2025-08-15 18:04:10,618 [INFO] ImportTextPane:193 - (OptionalMessage_ERROR) IP (RCC) : Parameter (SDIOFreq_Value) has invalid value (168000000)
2025-08-15 18:04:10,618 [INFO] ImportTextPane:193 - (OptionalMessage_ERROR) IP (RCC) : Parameter (USBFreq_Value) has invalid value (168000000)
2025-08-15 18:04:10,619 [INFO] ImportTextPane:193 - (OptionalMessage_ERROR) IP (RCC) : Invalid parameter (VCOInputMFreq_Value)
2025-08-15 18:04:10,619 [INFO] ImportTextPane:193 - (OptionalMessage_ERROR) IP (RCC) : Invalid parameter (VcooutputI2S)
2025-08-15 18:04:10,863 [INFO] UtilMem:74 - End LoadConfig() Used Memory: 768574616 Bytes (930086912)
2025-08-15 18:04:11,040 [WARN] ThirdParty:807 - waiting for thirdparty lock release [change project]
2025-08-15 18:04:11,040 [INFO] ThirdParty:809 - entering critical section [change project]
2025-08-15 18:04:11,040 [INFO] ThirdParty:999 - CMSIS Pack Vendor :STMicroelectronics X-CUBE-PM33A1 1.0.0
2025-08-15 18:04:11,040 [INFO] ThirdParty:999 - CMSIS Pack Vendor :STMicroelectronics X-CUBE-GNSS1 6.0.0
2025-08-15 18:04:11,040 [INFO] ThirdParty:999 - CMSIS Pack Vendor :STMicroelectronics USB_HOST 2.0.0
2025-08-15 18:04:11,040 [INFO] ThirdParty:999 - CMSIS Pack Vendor :STMicroelectronics FP-SNS-MOTENVWB1 1.4.0
2025-08-15 18:04:11,040 [INFO] ThirdParty:999 - CMSIS Pack Vendor :STMicroelectronics X-CUBE-AZRTOS-F4 1.1.0
2025-08-15 18:04:11,040 [INFO] ThirdParty:999 - CMSIS Pack Vendor :STMicroelectronics LIBJPEG 8.0.0
2025-08-15 18:04:11,041 [INFO] ThirdParty:999 - CMSIS Pack Vendor :STMicroelectronics FP-ATR-ASTRA1 2.0.2
2025-08-15 18:04:11,041 [INFO] ThirdParty:999 - CMSIS Pack Vendor :STMicroelectronics X-CUBE-SMBUS 2.1.0
2025-08-15 18:04:11,041 [INFO] ThirdParty:999 - CMSIS Pack Vendor :STMicroelectronics X-CUBE-ISPU 2.1.0
2025-08-15 18:04:11,041 [INFO] ThirdParty:999 - CMSIS Pack Vendor :STMicroelectronics X-CUBE-FREERTOS 1.2.0
2025-08-15 18:04:11,041 [INFO] ThirdParty:999 - CMSIS Pack Vendor :wolfSSL I-CUBE-wolfSSL 5.6.6
2025-08-15 18:04:11,041 [INFO] ThirdParty:999 - CMSIS Pack Vendor :STMicroelectronics X-CUBE-TOUCHGFX 4.23.0
2025-08-15 18:04:11,041 [INFO] ThirdParty:999 - CMSIS Pack Vendor :STMicroelectronics X-CUBE-NFC12 1.0.0
2025-08-15 18:04:11,041 [INFO] ThirdParty:999 - CMSIS Pack Vendor :STMicroelectronics X-CUBE-TOUCHGFX 4.23.2
2025-08-15 18:04:11,041 [INFO] ThirdParty:999 - CMSIS Pack Vendor :STMicroelectronics X-CUBE-AZRTOS-F7 1.1.0
2025-08-15 18:04:11,041 [INFO] ThirdParty:999 - CMSIS Pack Vendor :STMicroelectronics X-CUBE-AZRTOS-L5 2.0.0
2025-08-15 18:04:11,041 [INFO] ThirdParty:999 - CMSIS Pack Vendor :STMicroelectronics USB_DEVICE 2.0.0
2025-08-15 18:04:11,041 [INFO] ThirdParty:999 - CMSIS Pack Vendor :STMicroelectronics X-CUBE-NFC6 3.1.0
2025-08-15 18:04:11,041 [INFO] ThirdParty:999 - CMSIS Pack Vendor :ITTIA_DB I-CUBE-ITTIADB 8.8.0
2025-08-15 18:04:11,041 [INFO] ThirdParty:999 - CMSIS Pack Vendor :STMicroelectronics FP-SNS-MOTENV1 4.3.2
2025-08-15 18:04:11,041 [INFO] ThirdParty:999 - CMSIS Pack Vendor :STMicroelectronics X-CUBE-MEMS1 11.0.0
2025-08-15 18:04:11,041 [INFO] ThirdParty:999 - CMSIS Pack Vendor :STMicroelectronics FreeRTOS 0.0.1
2025-08-15 18:04:11,041 [INFO] ThirdParty:999 - CMSIS Pack Vendor :STMicroelectronics X-CUBE-BLEMGR 2.0.0
2025-08-15 18:04:11,041 [INFO] ThirdParty:999 - CMSIS Pack Vendor :STMicroelectronics FP-SNS-FLIGHT1 5.0.2
2025-08-15 18:04:11,041 [INFO] ThirdParty:999 - CMSIS Pack Vendor :STMicroelectronics X-CUBE-AI 9.0.0
2025-08-15 18:04:11,041 [INFO] ThirdParty:999 - CMSIS Pack Vendor :STMicroelectronics PDM2PCM 3.3.0
2025-08-15 18:04:11,041 [INFO] ThirdParty:999 - CMSIS Pack Vendor :STMicroelectronics X-CUBE-AZRTOS-H7 3.4.0
2025-08-15 18:04:11,041 [INFO] ThirdParty:999 - CMSIS Pack Vendor :STMicroelectronics X-CUBE-BLE1 7.0.0
2025-08-15 18:04:11,042 [INFO] ThirdParty:999 - CMSIS Pack Vendor :STMicroelectronics X-CUBE-NFC10 1.0.0
2025-08-15 18:04:11,042 [INFO] ThirdParty:999 - CMSIS Pack Vendor :STMicroelectronics X-CUBE-FREERTOS 1.3.1
2025-08-15 18:04:11,042 [INFO] ThirdParty:999 - CMSIS Pack Vendor :STMicroelectronics HAL Drivers 0.0.0
2025-08-15 18:04:11,042 [INFO] ThirdParty:999 - CMSIS Pack Vendor :emotas I-CUBE-CANOPEN 1.3.0
2025-08-15 18:04:11,042 [INFO] ThirdParty:999 - CMSIS Pack Vendor :STMicroelectronics X-CUBE-NFC7 1.0.1
2025-08-15 18:04:11,042 [INFO] ThirdParty:999 - CMSIS Pack Vendor :STMicroelectronics MBEDTLS 2.14.1
2025-08-15 18:04:11,042 [INFO] ThirdParty:999 - CMSIS Pack Vendor :wolfSSL I-CUBE-wolfTPM 3.2.0
2025-08-15 18:04:11,042 [INFO] ThirdParty:999 - CMSIS Pack Vendor :STMicroelectronics X-CUBE-NFC6 3.0.0
2025-08-15 18:04:11,042 [INFO] ThirdParty:999 - CMSIS Pack Vendor :STMicroelectronics X-CUBE-EEPRMA1 4.1.0
2025-08-15 18:04:11,042 [INFO] ThirdParty:999 - CMSIS Pack Vendor :STMicroelectronics X-CUBE-BLEMGR 3.1.0
2025-08-15 18:04:11,042 [INFO] ThirdParty:999 - CMSIS Pack Vendor :STMicroelectronics X-CUBE-AZRTOS-WL 2.0.0
2025-08-15 18:04:11,042 [INFO] ThirdParty:999 - CMSIS Pack Vendor :STMicroelectronics FP-SNS-MOTENV1 5.0.0
2025-08-15 18:04:11,042 [INFO] ThirdParty:999 - CMSIS Pack Vendor :STMicroelectronics USB_DEVICE 1.0.0
2025-08-15 18:04:11,042 [INFO] ThirdParty:999 - CMSIS Pack Vendor :STMicroelectronics X-CUBE-AI 8.1.0
2025-08-15 18:04:11,042 [INFO] ThirdParty:999 - CMSIS Pack Vendor :wolfSSL I-CUBE-wolfMQTT 1.19.0
2025-08-15 18:04:11,042 [INFO] ThirdParty:999 - CMSIS Pack Vendor :STMicroelectronics X-CUBE-AZRTOS-L4 2.0.0
2025-08-15 18:04:11,042 [INFO] ThirdParty:999 - CMSIS Pack Vendor :STMicroelectronics ThreadX 0.0.2
2025-08-15 18:04:11,042 [INFO] ThirdParty:999 - CMSIS Pack Vendor :WES I-CUBE-Cesium 1.3.0
2025-08-15 18:04:11,043 [INFO] ThirdParty:999 - CMSIS Pack Vendor :STMicroelectronics lwIP 2.1.2
2025-08-15 18:04:11,043 [INFO] ThirdParty:999 - CMSIS Pack Vendor :STMicroelectronics X-CUBE-SFXS2LP1 4.0.0
2025-08-15 18:04:11,043 [INFO] ThirdParty:999 - CMSIS Pack Vendor :STMicroelectronics X-CUBE-BLE2 3.3.0
2025-08-15 18:04:11,043 [INFO] ThirdParty:999 - CMSIS Pack Vendor :STMicroelectronics PDM2PCM 3.2.0
2025-08-15 18:04:11,043 [INFO] ThirdParty:999 - CMSIS Pack Vendor :STMicroelectronics X-CUBE-AZRTOS-H7 3.3.0
2025-08-15 18:04:11,043 [INFO] ThirdParty:999 - CMSIS Pack Vendor :STMicroelectronics X-CUBE-NFC9 1.0.0
2025-08-15 18:04:11,043 [INFO] ThirdParty:999 - CMSIS Pack Vendor :STMicroelectronics X-CUBE-BLE1 7.1.0
2025-08-15 18:04:11,043 [INFO] ThirdParty:999 - CMSIS Pack Vendor :STMicroelectronics USB_DEVICE 3.0.0
2025-08-15 18:04:11,043 [INFO] ThirdParty:999 - CMSIS Pack Vendor :STMicroelectronics X-CUBE-TCPP 4.1.0
2025-08-15 18:04:11,043 [INFO] ThirdParty:999 - CMSIS Pack Vendor :STMicroelectronics X-CUBE-EEPRMA1 5.2.0
2025-08-15 18:04:11,043 [INFO] ThirdParty:999 - CMSIS Pack Vendor :STMicroelectronics X-CUBE-AZRTOS-WB 2.0.0
2025-08-15 18:04:11,043 [INFO] ThirdParty:999 - CMSIS Pack Vendor :STMicroelectronics X-CUBE-GNSS1 7.0.1
2025-08-15 18:04:11,043 [INFO] ThirdParty:999 - CMSIS Pack Vendor :STMicroelectronics X-CUBE-TOUCHGFX 4.25.0
2025-08-15 18:04:11,043 [INFO] ThirdParty:999 - CMSIS Pack Vendor :STMicroelectronics X-CUBE-AI 10.1.0
2025-08-15 18:04:11,043 [INFO] ThirdParty:999 - CMSIS Pack Vendor :STMicroelectronics X-CUBE-ALGOBUILD 1.3.0
2025-08-15 18:04:11,043 [INFO] ThirdParty:999 - CMSIS Pack Vendor :STMicroelectronics X-CUBE-MEMS1 11.2.0
2025-08-15 18:04:11,043 [INFO] ThirdParty:999 - CMSIS Pack Vendor :STMicroelectronics X-CUBE-AZRTOS-G0 1.1.0
2025-08-15 18:04:11,043 [INFO] ThirdParty:999 - CMSIS Pack Vendor :STMicroelectronics X-CUBE-SAFEA1 1.2.2
2025-08-15 18:04:11,043 [INFO] ThirdParty:999 - CMSIS Pack Vendor :STMicroelectronics X-CUBE-NFC4 3.0.0
2025-08-15 18:04:11,043 [INFO] ThirdParty:999 - CMSIS Pack Vendor :STMicroelectronics X-CUBE-SUBG2 5.0.0
2025-08-15 18:04:11,043 [INFO] ThirdParty:999 - CMSIS Pack Vendor :STMicroelectronics X-CUBE-AZRTOS-H7RS 1.1.0
2025-08-15 18:04:11,043 [INFO] ThirdParty:999 - CMSIS Pack Vendor :STMicroelectronics STM32_WPAN 1.0.0
2025-08-15 18:04:11,044 [INFO] ThirdParty:999 - CMSIS Pack Vendor :STMicroelectronics lwIP 2.0.3
2025-08-15 18:04:11,044 [INFO] ThirdParty:999 - CMSIS Pack Vendor :STMicroelectronics USB_HOST 1.0.0
2025-08-15 18:04:11,044 [INFO] ThirdParty:999 - CMSIS Pack Vendor :STMicroelectronics X-CUBE-AZRTOS-G4 2.0.0
2025-08-15 18:04:11,044 [INFO] ThirdParty:999 - CMSIS Pack Vendor :STMicroelectronics X-CUBE-WB05N 2.0.0
2025-08-15 18:04:11,044 [INFO] ThirdParty:999 - CMSIS Pack Vendor :STMicroelectronics PDM2PCM 3.1.0
2025-08-15 18:04:11,044 [INFO] ThirdParty:999 - CMSIS Pack Vendor :Infineon AIROC-Wi-Fi-Bluetooth-STM32 1.5.1
2025-08-15 18:04:11,044 [INFO] ThirdParty:999 - CMSIS Pack Vendor :STMicroelectronics X-CUBE-BLEMGR 3.0.0
2025-08-15 18:04:11,044 [INFO] ThirdParty:999 - CMSIS Pack Vendor :STMicroelectronics X-CUBE-NFC7 2.0.0
2025-08-15 18:04:11,044 [INFO] ThirdParty:999 - CMSIS Pack Vendor :STMicroelectronics FP-SNS-MOTENVWB1 1.3.1
2025-08-15 18:04:11,044 [INFO] ThirdParty:999 - CMSIS Pack Vendor :STMicroelectronics FP-ATR-SIGFOX1 3.2.0
2025-08-15 18:04:11,044 [INFO] ThirdParty:999 - CMSIS Pack Vendor :STMicroelectronics X-CUBE-ISPU 2.0.0
2025-08-15 18:04:11,044 [INFO] ThirdParty:999 - CMSIS Pack Vendor :STMicroelectronics X-CUBE-EEPRMA1 5.1.0
2025-08-15 18:04:11,044 [INFO] ThirdParty:999 - CMSIS Pack Vendor :STMicroelectronics MBEDTLS 2.16.2
2025-08-15 18:04:11,044 [INFO] ThirdParty:999 - CMSIS Pack Vendor :STMicroelectronics X-CUBE-ALS 1.0.2
2025-08-15 18:04:11,044 [INFO] ThirdParty:999 - CMSIS Pack Vendor :STMicroelectronics X-CUBE-MEMS1 10.0.0
2025-08-15 18:04:11,044 [INFO] ThirdParty:999 - CMSIS Pack Vendor :STMicroelectronics X-CUBE-FREERTOS 1.1.0
2025-08-15 18:04:11,044 [INFO] ThirdParty:999 - CMSIS Pack Vendor :STMicroelectronics X-CUBE-TOUCHGFX 4.24.0
2025-08-15 18:04:11,044 [INFO] ThirdParty:999 - CMSIS Pack Vendor :portGmbH I-Cube-SoM-uGOAL 1.1.0
2025-08-15 18:04:11,044 [INFO] ThirdParty:999 - CMSIS Pack Vendor :STMicroelectronics X-CUBE-ALS 1.0.1
2025-08-15 18:04:11,044 [INFO] ThirdParty:999 - CMSIS Pack Vendor :STMicroelectronics X-CUBE-AI 10.2.0
2025-08-15 18:04:11,044 [INFO] ThirdParty:999 - CMSIS Pack Vendor :STMicroelectronics ThreadX 1.0.0
2025-08-15 18:04:11,044 [INFO] ThirdParty:999 - CMSIS Pack Vendor :SEGGER I-CUBE-embOS 1.3.1
2025-08-15 18:04:11,044 [INFO] ThirdParty:999 - CMSIS Pack Vendor :STMicroelectronics X-CUBE-ALGOBUILD 1.4.0
2025-08-15 18:04:11,044 [INFO] ThirdParty:999 - CMSIS Pack Vendor :STMicroelectronics X-CUBE-MEMS1 11.3.0
2025-08-15 18:04:11,044 [INFO] ThirdParty:999 - CMSIS Pack Vendor :STMicroelectronics X-CUBE-AZRTOS-H7RS 1.0.0
2025-08-15 18:04:11,044 [INFO] ThirdParty:999 - CMSIS Pack Vendor :STMicroelectronics FP-ATR-ASTRA1 2.0.0
2025-08-15 18:04:11,044 [INFO] ThirdParty:999 - CMSIS Pack Vendor :STMicroelectronics X-CUBE-TOF1 3.4.0
2025-08-15 18:04:11,044 [INFO] ThirdParty:999 - CMSIS Pack Vendor :STMicroelectronics X-CUBE-TOF1 3.4.1
2025-08-15 18:04:11,044 [INFO] ThirdParty:999 - CMSIS Pack Vendor :STMicroelectronics X-CUBE-AZRTOS-H7 3.2.0
2025-08-15 18:04:11,044 [INFO] ThirdParty:999 - CMSIS Pack Vendor :wolfSSL I-CUBE-wolfSSH 1.4.17
2025-08-15 18:04:11,045 [INFO] ThirdParty:815 - exiting critical section [change project]
2025-08-15 18:04:11,500 [INFO] PinOutPanel:1477 - setPackage(No Configuration,No Configuration)
2025-08-15 18:04:11,501 [INFO] PinOutPanel:1477 - setPackage(STM32F446RETx,LQFP64)
2025-08-15 18:04:12,142 [INFO] UtilMem:74 - Before build in PCC Used Memory: 820363248 Bytes (945815552)
2025-08-15 18:04:12,833 [INFO] UtilMem:74 - After build in PCC Used Memory: 813469656 Bytes (945815552)
2025-08-15 18:04:12,879 [INFO] IPUIPlugin:79 - create IPUIPlugin
2025-08-15 18:04:12,879 [INFO] IPUIPlugin:79 - create IPUIPlugin
2025-08-15 18:04:12,880 [INFO] IPUIPlugin:79 - create IPUIPlugin
2025-08-15 18:04:12,880 [INFO] IPUIPlugin:79 - create IPUIPlugin
2025-08-15 18:04:12,880 [INFO] IPUIPlugin:79 - create IPUIPlugin
2025-08-15 18:04:12,881 [INFO] IPUIPlugin:79 - create IPUIPlugin
2025-08-15 18:04:12,881 [INFO] IPUIPlugin:79 - create IPUIPlugin
2025-08-15 18:04:12,882 [INFO] IPUIPlugin:79 - create IPUIPlugin
2025-08-15 18:04:12,882 [INFO] IPUIPlugin:79 - create IPUIPlugin
2025-08-15 18:04:12,882 [INFO] IPUIPlugin:79 - create IPUIPlugin
2025-08-15 18:04:12,882 [INFO] IPUIPlugin:79 - create IPUIPlugin
2025-08-15 18:04:12,882 [INFO] IPUIPlugin:79 - create IPUIPlugin
2025-08-15 18:04:12,883 [INFO] IPUIPlugin:79 - create IPUIPlugin
2025-08-15 18:04:12,883 [INFO] IPUIPlugin:79 - create IPUIPlugin
2025-08-15 18:04:12,883 [INFO] IPUIPlugin:79 - create IPUIPlugin
2025-08-15 18:04:12,883 [INFO] IPUIPlugin:79 - create IPUIPlugin
2025-08-15 18:04:12,884 [INFO] IPUIPlugin:79 - create IPUIPlugin
2025-08-15 18:04:12,884 [INFO] IPUIPlugin:79 - create IPUIPlugin
2025-08-15 18:04:12,897 [INFO] IPUIPlugin:79 - create IPUIPlugin
2025-08-15 18:04:12,898 [INFO] IPUIPlugin:79 - create IPUIPlugin
2025-08-15 18:04:12,898 [INFO] IPUIPlugin:79 - create IPUIPlugin
2025-08-15 18:04:12,898 [INFO] IPUIPlugin:79 - create IPUIPlugin
2025-08-15 18:04:12,899 [INFO] IPUIPlugin:79 - create IPUIPlugin
2025-08-15 18:04:12,899 [INFO] IPUIPlugin:79 - create IPUIPlugin
2025-08-15 18:04:12,899 [INFO] IPUIPlugin:79 - create IPUIPlugin
2025-08-15 18:04:12,900 [INFO] IPUIPlugin:79 - create IPUIPlugin
2025-08-15 18:04:12,900 [INFO] IPUIPlugin:79 - create IPUIPlugin
2025-08-15 18:04:12,900 [INFO] IPUIPlugin:79 - create IPUIPlugin
2025-08-15 18:04:12,900 [INFO] IPUIPlugin:79 - create IPUIPlugin
2025-08-15 18:04:12,901 [INFO] IPUIPlugin:79 - create IPUIPlugin
2025-08-15 18:04:12,901 [INFO] IPUIPlugin:79 - create IPUIPlugin
2025-08-15 18:04:12,902 [INFO] IPUIPlugin:79 - create IPUIPlugin
2025-08-15 18:04:12,902 [INFO] IPUIPlugin:79 - create IPUIPlugin
2025-08-15 18:04:12,903 [INFO] IPUIPlugin:79 - create IPUIPlugin
2025-08-15 18:04:12,903 [INFO] IPUIPlugin:79 - create IPUIPlugin
2025-08-15 18:04:12,903 [INFO] IPUIPlugin:79 - create IPUIPlugin
2025-08-15 18:04:12,903 [INFO] IPUIPlugin:79 - create IPUIPlugin
2025-08-15 18:04:12,903 [INFO] IPUIPlugin:79 - create IPUIPlugin
2025-08-15 18:04:12,904 [INFO] IPUIPlugin:79 - create IPUIPlugin
2025-08-15 18:04:12,904 [INFO] IPUIPlugin:79 - create IPUIPlugin
2025-08-15 18:04:12,904 [INFO] IPUIPlugin:79 - create IPUIPlugin
2025-08-15 18:04:12,904 [INFO] IPUIPlugin:79 - create IPUIPlugin
2025-08-15 18:04:12,904 [INFO] IPUIPlugin:79 - create IPUIPlugin
2025-08-15 18:04:12,905 [INFO] IPUIPlugin:79 - create IPUIPlugin
2025-08-15 18:04:12,905 [INFO] IPUIPlugin:79 - create IPUIPlugin
2025-08-15 18:04:12,905 [INFO] IPUIPlugin:79 - create IPUIPlugin
2025-08-15 18:04:12,905 [INFO] IPUIPlugin:79 - create IPUIPlugin
2025-08-15 18:04:12,905 [INFO] IPUIPlugin:79 - create IPUIPlugin
2025-08-15 18:04:12,905 [INFO] IPUIPlugin:79 - create IPUIPlugin
2025-08-15 18:04:12,906 [INFO] IPUIPlugin:79 - create IPUIPlugin
2025-08-15 18:04:12,906 [INFO] IPUIPlugin:79 - create IPUIPlugin
2025-08-15 18:04:12,906 [INFO] IPUIPlugin:79 - create IPUIPlugin
2025-08-15 18:04:12,907 [INFO] IPUIPlugin:79 - create IPUIPlugin
2025-08-15 18:04:12,907 [INFO] IPUIPlugin:79 - create IPUIPlugin
2025-08-15 18:04:12,907 [INFO] IPUIPlugin:79 - create IPUIPlugin
2025-08-15 18:04:12,908 [INFO] IPUIPlugin:79 - create IPUIPlugin
2025-08-15 18:04:12,908 [INFO] IPUIPlugin:79 - create IPUIPlugin
2025-08-15 18:04:12,909 [INFO] IPUIPlugin:79 - create IPUIPlugin
2025-08-15 18:04:12,909 [INFO] IPUIPlugin:79 - create IPUIPlugin
2025-08-15 18:04:12,910 [INFO] IPUIPlugin:79 - create IPUIPlugin
2025-08-15 18:04:12,962 [INFO] ApiDbMcu:505 - Load IP Config File for PDM2PCM
2025-08-15 18:04:13,220 [INFO] CADModel:164 - CPN selected for project levelSTM32F446RET6
2025-08-15 18:04:13,220 [INFO] CADModel:113 - Register for checkConnection events
2025-08-15 18:04:13,261 [INFO] OpenFileManager:327 - Restore cursor
2025-08-15 18:04:13,992 [INFO] UtilMem:74 - End SaveConfig() Used Memory: 832950320 Bytes (945815552)
2025-08-15 18:04:14,937 [INFO] ServerAccessManage:474 - Download File stm32cube_fw_f4_v1270.zip
2025-08-15 18:06:37,185 [INFO] AnalyticsPlugin:363 - Accepted License(s): [FW.F4.1.27.0]
2025-08-15 18:06:37,186 [INFO] FileExtend:239 - Unzip File : stm32cube_fw_f4_v1270.zip
2025-08-15 18:06:37,186 [INFO] FileExtend:254 - Standard Zip Deflate
2025-08-15 18:06:48,326 [INFO] ServerAccessManage:474 - Download File stm32cube_fw_f4_v1271.zip
2025-08-15 18:07:01,510 [INFO] FileExtend:239 - Unzip File : stm32cube_fw_f4_v1271.zip
2025-08-15 18:07:01,511 [INFO] FileExtend:254 - Standard Zip Deflate
2025-08-15 18:07:02,081 [INFO] LoadServerPackagesThread:190 - End of LoadServerPackages Thread
2025-08-15 18:07:02,221 [INFO] ThirdPartyModel:294 - Start build external matchings
2025-08-15 18:07:02,237 [INFO] UtilMem:74 - End SaveConfig() Used Memory: 883726536 Bytes (1073741824)
2025-08-15 18:07:03,032 [INFO] BlockDiagram:2759 - set Specific Code input for plugin: SYS
2025-08-15 18:07:03,033 [INFO] BlockDiagram:2759 - set Specific Code input for plugin: RCC
2025-08-15 18:07:03,033 [INFO] BlockDiagram:2759 - set Specific Code input for plugin: NVIC
2025-08-15 18:07:03,033 [INFO] BlockDiagram:2759 - set Specific Code input for plugin: USART
2025-08-15 18:07:03,033 [INFO] BlockDiagram:2759 - set Specific Code input for plugin: GPIO
2025-08-15 18:07:03,034 [INFO] CodeGenerator:692 - code generatio: config db path: /opt/st/stm32cubeide_1.11.0/plugins/com.st.stm32cube.common.mx_6.7.0.202211181646//db/
2025-08-15 18:07:03,588 [INFO] CodeEngine:247 - oldGeneratedFile, /home/boobathi/new_stm32_workspace/FreeRTO_test/MXTmpFiles/license.tmp_save
2025-08-15 18:07:04,116 [INFO] CodeEngine:271 - Generated code: /home/boobathi/new_stm32_workspace/FreeRTO_test/MXTmpFiles/license.tmp
2025-08-15 18:07:04,168 [INFO] CodeEngine:247 - oldGeneratedFile, /home/boobathi/new_stm32_workspace/FreeRTO_test/MXTmpFiles/gpio.tmp_save
2025-08-15 18:07:04,338 [INFO] CodeEngine:271 - Generated code: /home/boobathi/new_stm32_workspace/FreeRTO_test/MXTmpFiles/gpio.tmp
2025-08-15 18:07:04,436 [INFO] CodeEngine:247 - oldGeneratedFile, /home/boobathi/new_stm32_workspace/FreeRTO_test/Core/Src/stm32f4xx_it.c_save
2025-08-15 18:07:04,603 [INFO] CodeEngine:271 - Generated code: /home/boobathi/new_stm32_workspace/FreeRTO_test/Core/Src/stm32f4xx_it.c
2025-08-15 18:07:04,604 [INFO] CodeEngine:247 - oldGeneratedFile, /home/boobathi/new_stm32_workspace/FreeRTO_test/Core/Inc/stm32f4xx_it.h_save
2025-08-15 18:07:04,717 [INFO] CodeEngine:271 - Generated code: /home/boobathi/new_stm32_workspace/FreeRTO_test/Core/Inc/stm32f4xx_it.h
2025-08-15 18:07:04,724 [INFO] CodeEngine:247 - oldGeneratedFile, /home/boobathi/new_stm32_workspace/FreeRTO_test/Core/Src/stm32f4xx_hal_msp.c_save
2025-08-15 18:07:04,959 [INFO] CodeEngine:271 - Generated code: /home/boobathi/new_stm32_workspace/FreeRTO_test/Core/Src/stm32f4xx_hal_msp.c
2025-08-15 18:07:04,961 [INFO] CodeEngine:247 - oldGeneratedFile, /home/boobathi/new_stm32_workspace/FreeRTO_test/MXTmpFiles/system.tmp_save
2025-08-15 18:07:05,029 [INFO] CodeEngine:271 - Generated code: /home/boobathi/new_stm32_workspace/FreeRTO_test/MXTmpFiles/system.tmp
2025-08-15 18:07:05,034 [INFO] CodeEngine:303 - oldGeneratedFile, /home/boobathi/new_stm32_workspace/FreeRTO_test/Core/Inc/stm32f4xx_hal_conf.h_save
2025-08-15 18:07:05,178 [INFO] CodeEngine:327 - Generated code: /home/boobathi/new_stm32_workspace/FreeRTO_test/Core/Inc/stm32f4xx_hal_conf.h
2025-08-15 18:07:05,220 [WARN] IPConfigManager:2928 - Warning: the RefConfig PLL2P_FOR_MCO is not available in your config.xml file
2025-08-15 18:07:05,233 [INFO] CodeEngine:247 - oldGeneratedFile, /home/boobathi/new_stm32_workspace/FreeRTO_test/Core/Inc/main.h_save
2025-08-15 18:07:05,384 [INFO] CodeEngine:271 - Generated code: /home/boobathi/new_stm32_workspace/FreeRTO_test/Core/Inc/main.h
2025-08-15 18:07:05,386 [INFO] CodeEngine:247 - oldGeneratedFile, /home/boobathi/new_stm32_workspace/FreeRTO_test/Core/Src/main.c_save
2025-08-15 18:07:05,591 [INFO] CodeEngine:271 - Generated code: /home/boobathi/new_stm32_workspace/FreeRTO_test/Core/Src/main.c
2025-08-15 18:07:06,500 [INFO] ProjectBuilder:2919 - Time for Copy HAL[1] : 23mS.
2025-08-15 18:07:06,545 [INFO] ProjectBuilder:4183 - Project Generator version: 3.18.0-B7
2025-08-15 18:07:06,589 [INFO] ThirdPartyModel:310 - End build external matchings
2025-08-15 18:07:06,644 [INFO] CheckServerUpdateThread:119 - End of CheckServer Thread
2025-08-15 18:07:06,913 [INFO] ConfigFileManager:1396 - The Die is : DIE421
2025-08-15 18:07:06,924 [INFO] ApiDbMcu:505 - Load IP Config File for FATFS
2025-08-15 18:07:06,928 [INFO] ApiDbMcu:505 - Load IP Config File for FREERTOS
2025-08-15 18:07:06,930 [INFO] ApiDbMcu:505 - Load IP Config File for LIBJPEG
2025-08-15 18:07:06,935 [INFO] ApiDbMcu:505 - Load IP Config File for MBEDTLS
2025-08-15 18:07:06,941 [INFO] ApiDbMcu:505 - Load IP Config File for USB_DEVICE
2025-08-15 18:07:06,944 [INFO] ApiDbMcu:505 - Load IP Config File for USB_HOST
2025-08-15 18:07:13,740 [INFO] ProjectBuilder:4351 - Time for Generating toolchain IDE Files: 7193mS.
2025-08-15 18:07:13,743 [INFO] ProjectBuilder:2790 - Time for Copy CMSIS : 2mS.
2025-08-15 18:07:13,744 [INFO] ProjectBuilder:2790 - Time for Copy CMSIS : 0mS.
2025-08-15 18:07:14,261 [INFO] McuFinderGlobals:65 - Set McuFinderConnectedMode to true
2025-08-15 18:07:14,265 [INFO] ApiDb:447 - Save user favorites file /home/boobathi/.stm32cubeide/favorites.mcus.txt: 0 item(s)
2025-08-15 18:07:14,266 [INFO] ApiDb:451 - User favorites MCUs=[]
2025-08-15 18:07:14,267 [INFO] ApiDb:447 - Save user favorites file /home/boobathi/.stm32cubeide/favorites.boards.txt: 1 item(s)
2025-08-15 18:07:14,268 [INFO] ApiDb:451 - User favorites Boards=[NUCLEO-F446RE]
2025-08-15 18:11:23,744 [INFO] RtosManager:802 - Current active RTOS is FREERTOS [Cortex-M4NS]
2025-08-15 18:11:24,210 [ERROR] RtosPanel:557 - Can not restore the selected Tab for FREERTOS(A reason can be that the tab is no more available.)
2025-08-15 18:11:24,310 [ERROR] RtosPanel:557 - Can not restore the selected Tab for FREERTOS(A reason can be that the tab is no more available.)
2025-08-15 18:12:08,596 [INFO] TasksAndQueuesTab:756 - Dynamic
2025-08-15 18:12:08,596 [WARN] TasksAndQueuesTab:762 - 128 128
2025-08-15 18:12:08,597 [WARN] TasksAndQueuesTab:774 - max value is: 3840.0
2025-08-15 18:12:10,687 [INFO] EditThreadDialog:703 - RAM SIZE (in KB): 128
2025-08-15 18:12:10,688 [INFO] EditThreadDialog:705 - RAM SIZE (in words): 32768
2025-08-15 18:12:13,455 [INFO] TasksAndQueuesTab:756 - Dynamic
2025-08-15 18:12:13,456 [WARN] TasksAndQueuesTab:762 - 128 128
2025-08-15 18:12:13,456 [WARN] TasksAndQueuesTab:774 - max value is: 3840.0
2025-08-15 18:12:13,456 [INFO] TasksAndQueuesTab:756 - Dynamic
2025-08-15 18:12:13,456 [WARN] TasksAndQueuesTab:762 - 128 128
2025-08-15 18:12:13,456 [WARN] TasksAndQueuesTab:774 - max value is: 3840.0
2025-08-15 18:12:13,555 [ERROR] RtosPanel:557 - Can not restore the selected Tab for FREERTOS(A reason can be that the tab is no more available.)
2025-08-15 18:12:15,889 [INFO] TasksAndQueuesTab:756 - Dynamic
2025-08-15 18:12:15,889 [WARN] TasksAndQueuesTab:762 - 128 128
2025-08-15 18:12:15,889 [WARN] TasksAndQueuesTab:774 - max value is: 3840.0
2025-08-15 18:12:15,890 [INFO] TasksAndQueuesTab:756 - Dynamic
2025-08-15 18:12:15,890 [WARN] TasksAndQueuesTab:762 - 128 128
2025-08-15 18:12:15,890 [WARN] TasksAndQueuesTab:774 - max value is: 3840.0
2025-08-15 18:12:22,816 [INFO] EditThreadDialog:703 - RAM SIZE (in KB): 128
2025-08-15 18:12:22,816 [INFO] EditThreadDialog:705 - RAM SIZE (in words): 32768
2025-08-15 18:12:38,863 [INFO] TasksAndQueuesTab:756 - Dynamic
2025-08-15 18:12:38,863 [WARN] TasksAndQueuesTab:762 - 128 128
2025-08-15 18:12:38,863 [WARN] TasksAndQueuesTab:774 - max value is: 3840.0
2025-08-15 18:12:38,863 [INFO] TasksAndQueuesTab:756 - Dynamic
2025-08-15 18:12:38,863 [WARN] TasksAndQueuesTab:762 - 128 128
2025-08-15 18:12:38,863 [WARN] TasksAndQueuesTab:774 - max value is: 3840.0
2025-08-15 18:12:40,917 [INFO] EditThreadDialog:703 - RAM SIZE (in KB): 128
2025-08-15 18:12:40,917 [INFO] EditThreadDialog:705 - RAM SIZE (in words): 32768
2025-08-15 18:12:48,567 [INFO] TasksAndQueuesTab:756 - Dynamic
2025-08-15 18:12:48,567 [WARN] TasksAndQueuesTab:762 - 128 128
2025-08-15 18:12:48,568 [WARN] TasksAndQueuesTab:774 - max value is: 3840.0
2025-08-15 18:12:48,568 [INFO] TasksAndQueuesTab:756 - Dynamic
2025-08-15 18:12:48,568 [WARN] TasksAndQueuesTab:762 - 128 128
2025-08-15 18:12:48,568 [WARN] TasksAndQueuesTab:774 - max value is: 3840.0
2025-08-15 18:15:28,726 [INFO] UtilMem:74 - End SaveConfig() Used Memory: 930597752 Bytes (1073741824)
2025-08-15 18:15:30,218 [INFO] UtilMem:74 - End SaveConfig() Used Memory: 699721432 Bytes (1073741824)
2025-08-15 18:15:32,548 [INFO] UtilMem:74 - End SaveConfig() Used Memory: 772595416 Bytes (1073741824)
2025-08-15 18:16:00,418 [INFO] BlockDiagram:2759 - set Specific Code input for plugin: FREERTOS
2025-08-15 18:16:00,418 [INFO] BlockDiagram:2759 - set Specific Code input for plugin: SYS
2025-08-15 18:16:00,418 [INFO] BlockDiagram:2759 - set Specific Code input for plugin: RCC
2025-08-15 18:16:00,419 [INFO] BlockDiagram:2759 - set Specific Code input for plugin: NVIC
2025-08-15 18:16:00,419 [INFO] BlockDiagram:2759 - set Specific Code input for plugin: USART
2025-08-15 18:16:00,420 [INFO] BlockDiagram:2759 - set Specific Code input for plugin: GPIO
2025-08-15 18:16:00,421 [INFO] CodeGenerator:692 - code generatio: config db path: /opt/st/stm32cubeide_1.11.0/plugins/com.st.stm32cube.common.mx_6.7.0.202211181646//db/
2025-08-15 18:16:00,688 [INFO] CodeEngine:247 - oldGeneratedFile, /home/boobathi/new_stm32_workspace/FreeRTO_test/MXTmpFiles/license.tmp_save
2025-08-15 18:16:00,814 [INFO] CodeEngine:271 - Generated code: /home/boobathi/new_stm32_workspace/FreeRTO_test/MXTmpFiles/license.tmp
2025-08-15 18:16:00,827 [INFO] CodeEngine:247 - oldGeneratedFile, /home/boobathi/new_stm32_workspace/FreeRTO_test/MXTmpFiles/gpio.tmp_save
2025-08-15 18:16:00,920 [INFO] CodeEngine:271 - Generated code: /home/boobathi/new_stm32_workspace/FreeRTO_test/MXTmpFiles/gpio.tmp
2025-08-15 18:16:00,998 [INFO] Middleware:1435 - No code input for Bsp Dependency
2025-08-15 18:16:01,003 [INFO] CodeEngine:247 - oldGeneratedFile, /home/boobathi/new_stm32_workspace/FreeRTO_test/MXTmpFiles/rtos_inc.tmp_save
2025-08-15 18:16:01,074 [INFO] CodeEngine:271 - Generated code: /home/boobathi/new_stm32_workspace/FreeRTO_test/MXTmpFiles/rtos_inc.tmp
2025-08-15 18:16:01,075 [INFO] CodeEngine:247 - oldGeneratedFile, /home/boobathi/new_stm32_workspace/FreeRTO_test/MXTmpFiles/rtos_vars.tmp_save
2025-08-15 18:16:01,155 [INFO] CodeEngine:271 - Generated code: /home/boobathi/new_stm32_workspace/FreeRTO_test/MXTmpFiles/rtos_vars.tmp
2025-08-15 18:16:01,156 [INFO] CodeEngine:247 - oldGeneratedFile, /home/boobathi/new_stm32_workspace/FreeRTO_test/MXTmpFiles/rtos_pfp.tmp_save
2025-08-15 18:16:01,224 [INFO] CodeEngine:271 - Generated code: /home/boobathi/new_stm32_workspace/FreeRTO_test/MXTmpFiles/rtos_pfp.tmp
2025-08-15 18:16:01,224 [INFO] CodeEngine:247 - oldGeneratedFile, /home/boobathi/new_stm32_workspace/FreeRTO_test/MXTmpFiles/rtos_obj_creat.tmp_save
2025-08-15 18:16:01,289 [INFO] CodeEngine:271 - Generated code: /home/boobathi/new_stm32_workspace/FreeRTO_test/MXTmpFiles/rtos_obj_creat.tmp
2025-08-15 18:16:01,290 [INFO] CodeEngine:247 - oldGeneratedFile, /home/boobathi/new_stm32_workspace/FreeRTO_test/MXTmpFiles/rtos_kernelStart.tmp_save
2025-08-15 18:16:01,396 [INFO] CodeEngine:271 - Generated code: /home/boobathi/new_stm32_workspace/FreeRTO_test/MXTmpFiles/rtos_kernelStart.tmp
2025-08-15 18:16:01,403 [INFO] CodeEngine:247 - oldGeneratedFile, /home/boobathi/new_stm32_workspace/FreeRTO_test/MXTmpFiles/rtos_default_thread.tmp_save
2025-08-15 18:16:01,584 [INFO] CodeEngine:271 - Generated code: /home/boobathi/new_stm32_workspace/FreeRTO_test/MXTmpFiles/rtos_default_thread.tmp
2025-08-15 18:16:01,591 [INFO] CodeEngine:247 - oldGeneratedFile, /home/boobathi/new_stm32_workspace/FreeRTO_test/MXTmpFiles/rtos_threads.tmp_save
2025-08-15 18:16:01,653 [INFO] CodeEngine:271 - Generated code: /home/boobathi/new_stm32_workspace/FreeRTO_test/MXTmpFiles/rtos_threads.tmp
2025-08-15 18:16:01,662 [INFO] Middleware:1435 - No code input for Bsp Dependency
2025-08-15 18:16:01,665 [INFO] CodeEngine:247 - oldGeneratedFile, /home/boobathi/new_stm32_workspace/FreeRTO_test/MXTmpFiles/rtos_inc.tmp_save
2025-08-15 18:16:01,721 [INFO] CodeEngine:271 - Generated code: /home/boobathi/new_stm32_workspace/FreeRTO_test/MXTmpFiles/rtos_inc.tmp
2025-08-15 18:16:01,722 [INFO] CodeEngine:247 - oldGeneratedFile, /home/boobathi/new_stm32_workspace/FreeRTO_test/MXTmpFiles/rtos_vars.tmp_save
2025-08-15 18:16:01,776 [INFO] CodeEngine:271 - Generated code: /home/boobathi/new_stm32_workspace/FreeRTO_test/MXTmpFiles/rtos_vars.tmp
2025-08-15 18:16:01,777 [INFO] CodeEngine:247 - oldGeneratedFile, /home/boobathi/new_stm32_workspace/FreeRTO_test/MXTmpFiles/rtos_pfp.tmp_save
2025-08-15 18:16:01,832 [INFO] CodeEngine:271 - Generated code: /home/boobathi/new_stm32_workspace/FreeRTO_test/MXTmpFiles/rtos_pfp.tmp
2025-08-15 18:16:01,833 [INFO] CodeEngine:247 - oldGeneratedFile, /home/boobathi/new_stm32_workspace/FreeRTO_test/MXTmpFiles/rtos_obj_creat.tmp_save
2025-08-15 18:16:01,888 [INFO] CodeEngine:271 - Generated code: /home/boobathi/new_stm32_workspace/FreeRTO_test/MXTmpFiles/rtos_obj_creat.tmp
2025-08-15 18:16:01,889 [INFO] CodeEngine:247 - oldGeneratedFile, /home/boobathi/new_stm32_workspace/FreeRTO_test/MXTmpFiles/rtos_kernelStart.tmp_save
2025-08-15 18:16:01,943 [INFO] CodeEngine:271 - Generated code: /home/boobathi/new_stm32_workspace/FreeRTO_test/MXTmpFiles/rtos_kernelStart.tmp
2025-08-15 18:16:01,944 [INFO] CodeEngine:247 - oldGeneratedFile, /home/boobathi/new_stm32_workspace/FreeRTO_test/MXTmpFiles/rtos_default_thread.tmp_save
2025-08-15 18:16:01,996 [INFO] CodeEngine:271 - Generated code: /home/boobathi/new_stm32_workspace/FreeRTO_test/MXTmpFiles/rtos_default_thread.tmp
2025-08-15 18:16:01,997 [INFO] CodeEngine:247 - oldGeneratedFile, /home/boobathi/new_stm32_workspace/FreeRTO_test/MXTmpFiles/rtos_threads.tmp_save
2025-08-15 18:16:02,043 [INFO] CodeEngine:271 - Generated code: /home/boobathi/new_stm32_workspace/FreeRTO_test/MXTmpFiles/rtos_threads.tmp
2025-08-15 18:16:02,045 [INFO] CodeEngine:247 - oldGeneratedFile, /home/boobathi/new_stm32_workspace/FreeRTO_test/Core/Inc/FreeRTOSConfig.h_save
2025-08-15 18:16:02,108 [INFO] CodeEngine:271 - Generated code: /home/boobathi/new_stm32_workspace/FreeRTO_test/Core/Inc/FreeRTOSConfig.h
2025-08-15 18:16:02,109 [INFO] CodeEngine:247 - oldGeneratedFile, /home/boobathi/new_stm32_workspace/FreeRTO_test/Core/Src/freertos.c_save
2025-08-15 18:16:02,168 [INFO] CodeEngine:271 - Generated code: /home/boobathi/new_stm32_workspace/FreeRTO_test/Core/Src/freertos.c
2025-08-15 18:16:02,174 [INFO] CodeEngine:247 - oldGeneratedFile, /home/boobathi/new_stm32_workspace/FreeRTO_test/Core/Src/stm32f4xx_it.c_save
2025-08-15 18:16:02,404 [INFO] CodeEngine:271 - Generated code: /home/boobathi/new_stm32_workspace/FreeRTO_test/Core/Src/stm32f4xx_it.c
2025-08-15 18:16:02,405 [INFO] CodeEngine:247 - oldGeneratedFile, /home/boobathi/new_stm32_workspace/FreeRTO_test/Core/Inc/stm32f4xx_it.h_save
2025-08-15 18:16:02,457 [INFO] CodeEngine:271 - Generated code: /home/boobathi/new_stm32_workspace/FreeRTO_test/Core/Inc/stm32f4xx_it.h
2025-08-15 18:16:02,461 [INFO] CodeEngine:247 - oldGeneratedFile, /home/boobathi/new_stm32_workspace/FreeRTO_test/Core/Src/stm32f4xx_hal_msp.c_save
2025-08-15 18:16:02,551 [INFO] CodeEngine:271 - Generated code: /home/boobathi/new_stm32_workspace/FreeRTO_test/Core/Src/stm32f4xx_hal_msp.c
2025-08-15 18:16:02,552 [INFO] CodeEngine:247 - oldGeneratedFile, /home/boobathi/new_stm32_workspace/FreeRTO_test/MXTmpFiles/system.tmp_save
2025-08-15 18:16:02,604 [INFO] CodeEngine:271 - Generated code: /home/boobathi/new_stm32_workspace/FreeRTO_test/MXTmpFiles/system.tmp
2025-08-15 18:16:02,605 [INFO] CodeEngine:247 - oldGeneratedFile, /home/boobathi/new_stm32_workspace/FreeRTO_test/Core/Src/stm32f4xx_hal_timebase_tim.c_save
2025-08-15 18:16:02,677 [INFO] CodeEngine:271 - Generated code: /home/boobathi/new_stm32_workspace/FreeRTO_test/Core/Src/stm32f4xx_hal_timebase_tim.c
2025-08-15 18:16:02,679 [INFO] CodeEngine:303 - oldGeneratedFile, /home/boobathi/new_stm32_workspace/FreeRTO_test/Core/Inc/stm32f4xx_hal_conf.h_save
2025-08-15 18:16:02,786 [INFO] CodeEngine:327 - Generated code: /home/boobathi/new_stm32_workspace/FreeRTO_test/Core/Inc/stm32f4xx_hal_conf.h
2025-08-15 18:16:02,810 [WARN] IPConfigManager:2928 - Warning: the RefConfig PLL2P_FOR_MCO is not available in your config.xml file
2025-08-15 18:16:02,822 [INFO] CodeEngine:247 - oldGeneratedFile, /home/boobathi/new_stm32_workspace/FreeRTO_test/Core/Inc/main.h_save
2025-08-15 18:16:02,948 [INFO] CodeEngine:271 - Generated code: /home/boobathi/new_stm32_workspace/FreeRTO_test/Core/Inc/main.h
2025-08-15 18:16:02,950 [INFO] CodeEngine:247 - oldGeneratedFile, /home/boobathi/new_stm32_workspace/FreeRTO_test/Core/Src/main.c_save
2025-08-15 18:16:03,122 [INFO] CodeEngine:271 - Generated code: /home/boobathi/new_stm32_workspace/FreeRTO_test/Core/Src/main.c
2025-08-15 18:16:03,701 [INFO] ProjectBuilder:2919 - Time for Copy HAL[1] : 34mS.
2025-08-15 18:16:03,704 [INFO] ProjectBuilder:4183 - Project Generator version: 3.18.0-B7
2025-08-15 18:16:04,012 [INFO] ConfigFileManager:1396 - The Die is : DIE421
2025-08-15 18:16:05,694 [INFO] ProjectBuilder:4351 - Time for Generating toolchain IDE Files: 1990mS.
2025-08-15 18:16:05,695 [INFO] ProjectBuilder:2790 - Time for Copy CMSIS : 0mS.
2025-08-15 18:16:05,696 [INFO] ProjectBuilder:2790 - Time for Copy CMSIS : 0mS.
2025-08-15 18:17:36,831 [ERROR] RtosPanel:557 - Can not restore the selected Tab for FREERTOS(A reason can be that the tab is no more available.)
2025-08-15 18:17:43,283 [INFO] UtilMem:74 - End SaveConfig() Used Memory: 884606592 Bytes (1073741824)
2025-08-15 18:17:44,311 [INFO] UtilMem:74 - End SaveConfig() Used Memory: 723472200 Bytes (1073741824)
2025-08-15 18:17:45,192 [INFO] UtilMem:74 - End SaveConfig() Used Memory: 763211912 Bytes (1073741824)
2025-08-15 18:17:45,386 [INFO] BlockDiagram:2759 - set Specific Code input for plugin: FREERTOS
2025-08-15 18:17:45,387 [INFO] BlockDiagram:2759 - set Specific Code input for plugin: SYS
2025-08-15 18:17:45,387 [INFO] BlockDiagram:2759 - set Specific Code input for plugin: RCC
2025-08-15 18:17:45,387 [INFO] BlockDiagram:2759 - set Specific Code input for plugin: NVIC
2025-08-15 18:17:45,387 [INFO] BlockDiagram:2759 - set Specific Code input for plugin: USART
2025-08-15 18:17:45,387 [INFO] BlockDiagram:2759 - set Specific Code input for plugin: GPIO
2025-08-15 18:17:45,388 [INFO] CodeGenerator:692 - code generatio: config db path: /opt/st/stm32cubeide_1.11.0/plugins/com.st.stm32cube.common.mx_6.7.0.202211181646//db/
2025-08-15 18:17:45,599 [INFO] CodeEngine:247 - oldGeneratedFile, /home/boobathi/new_stm32_workspace/FreeRTO_test/MXTmpFiles/license.tmp_save
2025-08-15 18:17:45,670 [INFO] CodeEngine:271 - Generated code: /home/boobathi/new_stm32_workspace/FreeRTO_test/MXTmpFiles/license.tmp
2025-08-15 18:17:45,680 [INFO] CodeEngine:247 - oldGeneratedFile, /home/boobathi/new_stm32_workspace/FreeRTO_test/MXTmpFiles/gpio.tmp_save
2025-08-15 18:17:45,745 [INFO] CodeEngine:271 - Generated code: /home/boobathi/new_stm32_workspace/FreeRTO_test/MXTmpFiles/gpio.tmp
2025-08-15 18:17:45,800 [INFO] Middleware:1435 - No code input for Bsp Dependency
2025-08-15 18:17:45,803 [INFO] CodeEngine:247 - oldGeneratedFile, /home/boobathi/new_stm32_workspace/FreeRTO_test/MXTmpFiles/rtos_inc.tmp_save
2025-08-15 18:17:45,896 [INFO] CodeEngine:271 - Generated code: /home/boobathi/new_stm32_workspace/FreeRTO_test/MXTmpFiles/rtos_inc.tmp
2025-08-15 18:17:45,897 [INFO] CodeEngine:247 - oldGeneratedFile, /home/boobathi/new_stm32_workspace/FreeRTO_test/MXTmpFiles/rtos_vars.tmp_save
2025-08-15 18:17:45,978 [INFO] CodeEngine:271 - Generated code: /home/boobathi/new_stm32_workspace/FreeRTO_test/MXTmpFiles/rtos_vars.tmp
2025-08-15 18:17:45,979 [INFO] CodeEngine:247 - oldGeneratedFile, /home/boobathi/new_stm32_workspace/FreeRTO_test/MXTmpFiles/rtos_pfp.tmp_save
2025-08-15 18:17:46,031 [INFO] CodeEngine:271 - Generated code: /home/boobathi/new_stm32_workspace/FreeRTO_test/MXTmpFiles/rtos_pfp.tmp
2025-08-15 18:17:46,032 [INFO] CodeEngine:247 - oldGeneratedFile, /home/boobathi/new_stm32_workspace/FreeRTO_test/MXTmpFiles/rtos_obj_creat.tmp_save
2025-08-15 18:17:46,117 [INFO] CodeEngine:271 - Generated code: /home/boobathi/new_stm32_workspace/FreeRTO_test/MXTmpFiles/rtos_obj_creat.tmp
2025-08-15 18:17:46,118 [INFO] CodeEngine:247 - oldGeneratedFile, /home/boobathi/new_stm32_workspace/FreeRTO_test/MXTmpFiles/rtos_kernelStart.tmp_save
2025-08-15 18:17:46,174 [INFO] CodeEngine:271 - Generated code: /home/boobathi/new_stm32_workspace/FreeRTO_test/MXTmpFiles/rtos_kernelStart.tmp
2025-08-15 18:17:46,175 [INFO] CodeEngine:247 - oldGeneratedFile, /home/boobathi/new_stm32_workspace/FreeRTO_test/MXTmpFiles/rtos_default_thread.tmp_save
2025-08-15 18:17:46,231 [INFO] CodeEngine:271 - Generated code: /home/boobathi/new_stm32_workspace/FreeRTO_test/MXTmpFiles/rtos_default_thread.tmp
2025-08-15 18:17:46,232 [INFO] CodeEngine:247 - oldGeneratedFile, /home/boobathi/new_stm32_workspace/FreeRTO_test/MXTmpFiles/rtos_threads.tmp_save
2025-08-15 18:17:46,283 [INFO] CodeEngine:271 - Generated code: /home/boobathi/new_stm32_workspace/FreeRTO_test/MXTmpFiles/rtos_threads.tmp
2025-08-15 18:17:46,290 [INFO] Middleware:1435 - No code input for Bsp Dependency
2025-08-15 18:17:46,293 [INFO] CodeEngine:247 - oldGeneratedFile, /home/boobathi/new_stm32_workspace/FreeRTO_test/MXTmpFiles/rtos_inc.tmp_save
2025-08-15 18:17:46,357 [INFO] CodeEngine:271 - Generated code: /home/boobathi/new_stm32_workspace/FreeRTO_test/MXTmpFiles/rtos_inc.tmp
2025-08-15 18:17:46,358 [INFO] CodeEngine:247 - oldGeneratedFile, /home/boobathi/new_stm32_workspace/FreeRTO_test/MXTmpFiles/rtos_vars.tmp_save
2025-08-15 18:17:46,433 [INFO] CodeEngine:271 - Generated code: /home/boobathi/new_stm32_workspace/FreeRTO_test/MXTmpFiles/rtos_vars.tmp
2025-08-15 18:17:46,434 [INFO] CodeEngine:247 - oldGeneratedFile, /home/boobathi/new_stm32_workspace/FreeRTO_test/MXTmpFiles/rtos_pfp.tmp_save
2025-08-15 18:17:46,487 [INFO] CodeEngine:271 - Generated code: /home/boobathi/new_stm32_workspace/FreeRTO_test/MXTmpFiles/rtos_pfp.tmp
2025-08-15 18:17:46,488 [INFO] CodeEngine:247 - oldGeneratedFile, /home/boobathi/new_stm32_workspace/FreeRTO_test/MXTmpFiles/rtos_obj_creat.tmp_save
2025-08-15 18:17:46,537 [INFO] CodeEngine:271 - Generated code: /home/boobathi/new_stm32_workspace/FreeRTO_test/MXTmpFiles/rtos_obj_creat.tmp
2025-08-15 18:17:46,538 [INFO] CodeEngine:247 - oldGeneratedFile, /home/boobathi/new_stm32_workspace/FreeRTO_test/MXTmpFiles/rtos_kernelStart.tmp_save
2025-08-15 18:17:46,592 [INFO] CodeEngine:271 - Generated code: /home/boobathi/new_stm32_workspace/FreeRTO_test/MXTmpFiles/rtos_kernelStart.tmp
2025-08-15 18:17:46,592 [INFO] CodeEngine:247 - oldGeneratedFile, /home/boobathi/new_stm32_workspace/FreeRTO_test/MXTmpFiles/rtos_default_thread.tmp_save
2025-08-15 18:17:46,641 [INFO] CodeEngine:271 - Generated code: /home/boobathi/new_stm32_workspace/FreeRTO_test/MXTmpFiles/rtos_default_thread.tmp
2025-08-15 18:17:46,642 [INFO] CodeEngine:247 - oldGeneratedFile, /home/boobathi/new_stm32_workspace/FreeRTO_test/MXTmpFiles/rtos_threads.tmp_save
2025-08-15 18:17:46,690 [INFO] CodeEngine:271 - Generated code: /home/boobathi/new_stm32_workspace/FreeRTO_test/MXTmpFiles/rtos_threads.tmp
2025-08-15 18:17:46,691 [INFO] CodeEngine:247 - oldGeneratedFile, /home/boobathi/new_stm32_workspace/FreeRTO_test/Core/Inc/FreeRTOSConfig.h_save
2025-08-15 18:17:46,781 [INFO] CodeEngine:271 - Generated code: /home/boobathi/new_stm32_workspace/FreeRTO_test/Core/Inc/FreeRTOSConfig.h
2025-08-15 18:17:46,782 [INFO] CodeEngine:247 - oldGeneratedFile, /home/boobathi/new_stm32_workspace/FreeRTO_test/Core/Src/freertos.c_save
2025-08-15 18:17:46,833 [INFO] CodeEngine:271 - Generated code: /home/boobathi/new_stm32_workspace/FreeRTO_test/Core/Src/freertos.c
2025-08-15 18:17:46,838 [INFO] CodeEngine:247 - oldGeneratedFile, /home/boobathi/new_stm32_workspace/FreeRTO_test/Core/Src/stm32f4xx_it.c_save
2025-08-15 18:17:46,890 [INFO] CodeEngine:271 - Generated code: /home/boobathi/new_stm32_workspace/FreeRTO_test/Core/Src/stm32f4xx_it.c
2025-08-15 18:17:46,891 [INFO] CodeEngine:247 - oldGeneratedFile, /home/boobathi/new_stm32_workspace/FreeRTO_test/Core/Inc/stm32f4xx_it.h_save
2025-08-15 18:17:46,937 [INFO] CodeEngine:271 - Generated code: /home/boobathi/new_stm32_workspace/FreeRTO_test/Core/Inc/stm32f4xx_it.h
2025-08-15 18:17:46,941 [INFO] CodeEngine:247 - oldGeneratedFile, /home/boobathi/new_stm32_workspace/FreeRTO_test/Core/Src/stm32f4xx_hal_msp.c_save
2025-08-15 18:17:47,010 [INFO] CodeEngine:271 - Generated code: /home/boobathi/new_stm32_workspace/FreeRTO_test/Core/Src/stm32f4xx_hal_msp.c
2025-08-15 18:17:47,011 [INFO] CodeEngine:247 - oldGeneratedFile, /home/boobathi/new_stm32_workspace/FreeRTO_test/MXTmpFiles/system.tmp_save
2025-08-15 18:17:47,057 [INFO] CodeEngine:271 - Generated code: /home/boobathi/new_stm32_workspace/FreeRTO_test/MXTmpFiles/system.tmp
2025-08-15 18:17:47,057 [INFO] CodeEngine:247 - oldGeneratedFile, /home/boobathi/new_stm32_workspace/FreeRTO_test/Core/Src/stm32f4xx_hal_timebase_tim.c_save
2025-08-15 18:17:47,106 [INFO] CodeEngine:271 - Generated code: /home/boobathi/new_stm32_workspace/FreeRTO_test/Core/Src/stm32f4xx_hal_timebase_tim.c
2025-08-15 18:17:47,108 [INFO] CodeEngine:303 - oldGeneratedFile, /home/boobathi/new_stm32_workspace/FreeRTO_test/Core/Inc/stm32f4xx_hal_conf.h_save
2025-08-15 18:17:47,164 [INFO] CodeEngine:327 - Generated code: /home/boobathi/new_stm32_workspace/FreeRTO_test/Core/Inc/stm32f4xx_hal_conf.h
2025-08-15 18:17:47,182 [WARN] IPConfigManager:2928 - Warning: the RefConfig PLL2P_FOR_MCO is not available in your config.xml file
2025-08-15 18:17:47,193 [INFO] CodeEngine:247 - oldGeneratedFile, /home/boobathi/new_stm32_workspace/FreeRTO_test/Core/Inc/main.h_save
2025-08-15 18:17:47,242 [INFO] CodeEngine:271 - Generated code: /home/boobathi/new_stm32_workspace/FreeRTO_test/Core/Inc/main.h
2025-08-15 18:17:47,243 [INFO] CodeEngine:247 - oldGeneratedFile, /home/boobathi/new_stm32_workspace/FreeRTO_test/Core/Src/main.c_save
2025-08-15 18:17:47,367 [INFO] CodeEngine:271 - Generated code: /home/boobathi/new_stm32_workspace/FreeRTO_test/Core/Src/main.c
2025-08-15 18:17:47,883 [INFO] ProjectBuilder:2919 - Time for Copy HAL[1] : 31mS.
2025-08-15 18:17:47,885 [INFO] ProjectBuilder:4183 - Project Generator version: 3.18.0-B7
2025-08-15 18:17:48,276 [INFO] ConfigFileManager:1396 - The Die is : DIE421
2025-08-15 18:17:49,812 [INFO] ProjectBuilder:4351 - Time for Generating toolchain IDE Files: 1927mS.
2025-08-15 18:17:49,813 [INFO] ProjectBuilder:2790 - Time for Copy CMSIS : 1mS.
2025-08-15 18:17:49,814 [INFO] ProjectBuilder:2790 - Time for Copy CMSIS : 0mS.
2025-08-15 18:30:12,512 [ERROR] RtosPanel:557 - Can not restore the selected Tab for FREERTOS(A reason can be that the tab is no more available.)
2025-08-15 18:30:49,032 [INFO] LogOutputStream:76 - [STDOUT_REDIRECT] StartTraceHandler.execute(), success : Collect=true
2025-08-15 18:31:52,353 [INFO] LogOutputStream:76 - [STDOUT_REDIRECT] StartTraceHandler.execute(), success : Collect=false
2025-08-15 18:31:53,230 [INFO] LogOutputStream:76 - [STDOUT_REDIRECT] StartTraceHandler.execute(), success : Collect=true
2025-08-15 18:33:57,747 [INFO] TasksAndQueuesTab:756 - Dynamic
2025-08-15 18:33:57,747 [WARN] TasksAndQueuesTab:762 - 128 128
2025-08-15 18:33:57,747 [WARN] TasksAndQueuesTab:774 - max value is: 3840.0
2025-08-15 18:33:57,747 [INFO] TasksAndQueuesTab:756 - Dynamic
2025-08-15 18:33:57,747 [WARN] TasksAndQueuesTab:762 - 128 128
2025-08-15 18:33:57,747 [WARN] TasksAndQueuesTab:774 - max value is: 3840.0
2025-08-15 18:34:00,432 [INFO] EditThreadDialog:703 - RAM SIZE (in KB): 128
2025-08-15 18:34:00,432 [INFO] EditThreadDialog:705 - RAM SIZE (in words): 32768
2025-08-15 18:34:05,728 [INFO] TasksAndQueuesTab:756 - Dynamic
2025-08-15 18:34:05,728 [WARN] TasksAndQueuesTab:762 - 128 128
2025-08-15 18:34:05,728 [WARN] TasksAndQueuesTab:774 - max value is: 3840.0
2025-08-15 18:34:05,728 [INFO] TasksAndQueuesTab:756 - Dynamic
2025-08-15 18:34:05,728 [WARN] TasksAndQueuesTab:762 - 128 128
2025-08-15 18:34:05,728 [WARN] TasksAndQueuesTab:774 - max value is: 3840.0
2025-08-15 18:34:56,061 [INFO] UtilMem:74 - End SaveConfig() Used Memory: 859768992 Bytes (1073741824)
2025-08-15 18:37:04,095 [INFO] EditThreadDialog:703 - RAM SIZE (in KB): 128
2025-08-15 18:37:04,096 [INFO] EditThreadDialog:705 - RAM SIZE (in words): 32768
2025-08-15 18:37:08,692 [INFO] EditThreadDialog:703 - RAM SIZE (in KB): 128
2025-08-15 18:37:08,692 [INFO] EditThreadDialog:705 - RAM SIZE (in words): 32768
2025-08-15 18:37:16,888 [INFO] EditThreadDialog:703 - RAM SIZE (in KB): 128
2025-08-15 18:37:16,888 [INFO] EditThreadDialog:705 - RAM SIZE (in words): 32768
2025-08-15 18:37:26,295 [INFO] TasksAndQueuesTab:756 - Dynamic
2025-08-15 18:37:26,296 [WARN] TasksAndQueuesTab:762 - 128 128
2025-08-15 18:37:26,296 [WARN] TasksAndQueuesTab:774 - max value is: 3840.0
2025-08-15 18:37:26,296 [INFO] TasksAndQueuesTab:756 - Dynamic
2025-08-15 18:37:26,296 [WARN] TasksAndQueuesTab:762 - 128 128
2025-08-15 18:37:26,296 [WARN] TasksAndQueuesTab:774 - max value is: 3840.0
2025-08-15 18:37:29,096 [INFO] UtilMem:74 - End SaveConfig() Used Memory: 775062920 Bytes (1073741824)
2025-08-15 18:37:36,521 [INFO] UtilMem:74 - End SaveConfig() Used Memory: 775967936 Bytes (1073741824)
2025-08-15 18:37:39,206 [INFO] UtilMem:74 - End SaveConfig() Used Memory: 825038600 Bytes (1073741824)
2025-08-15 18:37:39,452 [INFO] BlockDiagram:2759 - set Specific Code input for plugin: FREERTOS
2025-08-15 18:37:39,452 [INFO] BlockDiagram:2759 - set Specific Code input for plugin: SYS
2025-08-15 18:37:39,452 [INFO] BlockDiagram:2759 - set Specific Code input for plugin: RCC
2025-08-15 18:37:39,452 [INFO] BlockDiagram:2759 - set Specific Code input for plugin: NVIC
2025-08-15 18:37:39,452 [INFO] BlockDiagram:2759 - set Specific Code input for plugin: USART
2025-08-15 18:37:39,452 [INFO] BlockDiagram:2759 - set Specific Code input for plugin: GPIO
2025-08-15 18:37:39,452 [INFO] CodeGenerator:692 - code generatio: config db path: /opt/st/stm32cubeide_1.11.0/plugins/com.st.stm32cube.common.mx_6.7.0.202211181646//db/
2025-08-15 18:37:39,744 [INFO] CodeEngine:247 - oldGeneratedFile, /home/boobathi/new_stm32_workspace/FreeRTO_test/MXTmpFiles/license.tmp_save
2025-08-15 18:37:39,853 [INFO] CodeEngine:271 - Generated code: /home/boobathi/new_stm32_workspace/FreeRTO_test/MXTmpFiles/license.tmp
2025-08-15 18:37:39,865 [INFO] CodeEngine:247 - oldGeneratedFile, /home/boobathi/new_stm32_workspace/FreeRTO_test/MXTmpFiles/gpio.tmp_save
2025-08-15 18:37:39,996 [INFO] CodeEngine:271 - Generated code: /home/boobathi/new_stm32_workspace/FreeRTO_test/MXTmpFiles/gpio.tmp
2025-08-15 18:37:40,068 [INFO] Middleware:1435 - No code input for Bsp Dependency
2025-08-15 18:37:40,071 [INFO] CodeEngine:247 - oldGeneratedFile, /home/boobathi/new_stm32_workspace/FreeRTO_test/MXTmpFiles/rtos_inc.tmp_save
2025-08-15 18:37:40,191 [INFO] CodeEngine:271 - Generated code: /home/boobathi/new_stm32_workspace/FreeRTO_test/MXTmpFiles/rtos_inc.tmp
2025-08-15 18:37:40,192 [INFO] CodeEngine:247 - oldGeneratedFile, /home/boobathi/new_stm32_workspace/FreeRTO_test/MXTmpFiles/rtos_vars.tmp_save
2025-08-15 18:37:40,274 [INFO] CodeEngine:271 - Generated code: /home/boobathi/new_stm32_workspace/FreeRTO_test/MXTmpFiles/rtos_vars.tmp
2025-08-15 18:37:40,276 [INFO] CodeEngine:247 - oldGeneratedFile, /home/boobathi/new_stm32_workspace/FreeRTO_test/MXTmpFiles/rtos_pfp.tmp_save
2025-08-15 18:37:40,342 [INFO] CodeEngine:271 - Generated code: /home/boobathi/new_stm32_workspace/FreeRTO_test/MXTmpFiles/rtos_pfp.tmp
2025-08-15 18:37:40,342 [INFO] CodeEngine:247 - oldGeneratedFile, /home/boobathi/new_stm32_workspace/FreeRTO_test/MXTmpFiles/rtos_obj_creat.tmp_save
2025-08-15 18:37:40,390 [INFO] CodeEngine:271 - Generated code: /home/boobathi/new_stm32_workspace/FreeRTO_test/MXTmpFiles/rtos_obj_creat.tmp
2025-08-15 18:37:40,391 [INFO] CodeEngine:247 - oldGeneratedFile, /home/boobathi/new_stm32_workspace/FreeRTO_test/MXTmpFiles/rtos_kernelStart.tmp_save
2025-08-15 18:37:40,438 [INFO] CodeEngine:271 - Generated code: /home/boobathi/new_stm32_workspace/FreeRTO_test/MXTmpFiles/rtos_kernelStart.tmp
2025-08-15 18:37:40,438 [INFO] CodeEngine:247 - oldGeneratedFile, /home/boobathi/new_stm32_workspace/FreeRTO_test/MXTmpFiles/rtos_default_thread.tmp_save
2025-08-15 18:37:40,486 [INFO] CodeEngine:271 - Generated code: /home/boobathi/new_stm32_workspace/FreeRTO_test/MXTmpFiles/rtos_default_thread.tmp
2025-08-15 18:37:40,487 [INFO] CodeEngine:247 - oldGeneratedFile, /home/boobathi/new_stm32_workspace/FreeRTO_test/MXTmpFiles/rtos_threads.tmp_save
2025-08-15 18:37:40,534 [INFO] CodeEngine:271 - Generated code: /home/boobathi/new_stm32_workspace/FreeRTO_test/MXTmpFiles/rtos_threads.tmp
2025-08-15 18:37:40,537 [INFO] Middleware:1435 - No code input for Bsp Dependency
2025-08-15 18:37:40,539 [INFO] CodeEngine:247 - oldGeneratedFile, /home/boobathi/new_stm32_workspace/FreeRTO_test/MXTmpFiles/rtos_inc.tmp_save
2025-08-15 18:37:40,597 [INFO] CodeEngine:271 - Generated code: /home/boobathi/new_stm32_workspace/FreeRTO_test/MXTmpFiles/rtos_inc.tmp
2025-08-15 18:37:40,597 [INFO] CodeEngine:247 - oldGeneratedFile, /home/boobathi/new_stm32_workspace/FreeRTO_test/MXTmpFiles/rtos_vars.tmp_save
2025-08-15 18:37:40,659 [INFO] CodeEngine:271 - Generated code: /home/boobathi/new_stm32_workspace/FreeRTO_test/MXTmpFiles/rtos_vars.tmp
2025-08-15 18:37:40,660 [INFO] CodeEngine:247 - oldGeneratedFile, /home/boobathi/new_stm32_workspace/FreeRTO_test/MXTmpFiles/rtos_pfp.tmp_save
2025-08-15 18:37:40,708 [INFO] CodeEngine:271 - Generated code: /home/boobathi/new_stm32_workspace/FreeRTO_test/MXTmpFiles/rtos_pfp.tmp
2025-08-15 18:37:40,710 [INFO] CodeEngine:247 - oldGeneratedFile, /home/boobathi/new_stm32_workspace/FreeRTO_test/MXTmpFiles/rtos_obj_creat.tmp_save
2025-08-15 18:37:40,760 [INFO] CodeEngine:271 - Generated code: /home/boobathi/new_stm32_workspace/FreeRTO_test/MXTmpFiles/rtos_obj_creat.tmp
2025-08-15 18:37:40,761 [INFO] CodeEngine:247 - oldGeneratedFile, /home/boobathi/new_stm32_workspace/FreeRTO_test/MXTmpFiles/rtos_kernelStart.tmp_save
2025-08-15 18:37:40,810 [INFO] CodeEngine:271 - Generated code: /home/boobathi/new_stm32_workspace/FreeRTO_test/MXTmpFiles/rtos_kernelStart.tmp
2025-08-15 18:37:40,811 [INFO] CodeEngine:247 - oldGeneratedFile, /home/boobathi/new_stm32_workspace/FreeRTO_test/MXTmpFiles/rtos_default_thread.tmp_save
2025-08-15 18:37:40,860 [INFO] CodeEngine:271 - Generated code: /home/boobathi/new_stm32_workspace/FreeRTO_test/MXTmpFiles/rtos_default_thread.tmp
2025-08-15 18:37:40,861 [INFO] CodeEngine:247 - oldGeneratedFile, /home/boobathi/new_stm32_workspace/FreeRTO_test/MXTmpFiles/rtos_threads.tmp_save
2025-08-15 18:37:40,906 [INFO] CodeEngine:271 - Generated code: /home/boobathi/new_stm32_workspace/FreeRTO_test/MXTmpFiles/rtos_threads.tmp
2025-08-15 18:37:40,907 [INFO] CodeEngine:247 - oldGeneratedFile, /home/boobathi/new_stm32_workspace/FreeRTO_test/Core/Inc/FreeRTOSConfig.h_save
2025-08-15 18:37:40,963 [INFO] CodeEngine:271 - Generated code: /home/boobathi/new_stm32_workspace/FreeRTO_test/Core/Inc/FreeRTOSConfig.h
2025-08-15 18:37:40,964 [INFO] CodeEngine:247 - oldGeneratedFile, /home/boobathi/new_stm32_workspace/FreeRTO_test/Core/Src/freertos.c_save
2025-08-15 18:37:41,030 [INFO] CodeEngine:271 - Generated code: /home/boobathi/new_stm32_workspace/FreeRTO_test/Core/Src/freertos.c
2025-08-15 18:37:41,034 [INFO] CodeEngine:247 - oldGeneratedFile, /home/boobathi/new_stm32_workspace/FreeRTO_test/Core/Src/stm32f4xx_it.c_save
2025-08-15 18:37:41,178 [INFO] CodeEngine:271 - Generated code: /home/boobathi/new_stm32_workspace/FreeRTO_test/Core/Src/stm32f4xx_it.c
2025-08-15 18:37:41,179 [INFO] CodeEngine:247 - oldGeneratedFile, /home/boobathi/new_stm32_workspace/FreeRTO_test/Core/Inc/stm32f4xx_it.h_save
2025-08-15 18:37:41,235 [INFO] CodeEngine:271 - Generated code: /home/boobathi/new_stm32_workspace/FreeRTO_test/Core/Inc/stm32f4xx_it.h
2025-08-15 18:37:41,239 [INFO] CodeEngine:247 - oldGeneratedFile, /home/boobathi/new_stm32_workspace/FreeRTO_test/Core/Src/stm32f4xx_hal_msp.c_save
2025-08-15 18:37:41,342 [INFO] CodeEngine:271 - Generated code: /home/boobathi/new_stm32_workspace/FreeRTO_test/Core/Src/stm32f4xx_hal_msp.c
2025-08-15 18:37:41,343 [INFO] CodeEngine:247 - oldGeneratedFile, /home/boobathi/new_stm32_workspace/FreeRTO_test/MXTmpFiles/system.tmp_save
2025-08-15 18:37:41,420 [INFO] CodeEngine:271 - Generated code: /home/boobathi/new_stm32_workspace/FreeRTO_test/MXTmpFiles/system.tmp
2025-08-15 18:37:41,420 [INFO] CodeEngine:247 - oldGeneratedFile, /home/boobathi/new_stm32_workspace/FreeRTO_test/Core/Src/stm32f4xx_hal_timebase_tim.c_save
2025-08-15 18:37:41,479 [INFO] CodeEngine:271 - Generated code: /home/boobathi/new_stm32_workspace/FreeRTO_test/Core/Src/stm32f4xx_hal_timebase_tim.c
2025-08-15 18:37:41,481 [INFO] CodeEngine:303 - oldGeneratedFile, /home/boobathi/new_stm32_workspace/FreeRTO_test/Core/Inc/stm32f4xx_hal_conf.h_save
2025-08-15 18:37:41,542 [INFO] CodeEngine:327 - Generated code: /home/boobathi/new_stm32_workspace/FreeRTO_test/Core/Inc/stm32f4xx_hal_conf.h
2025-08-15 18:37:41,557 [WARN] IPConfigManager:2928 - Warning: the RefConfig PLL2P_FOR_MCO is not available in your config.xml file
2025-08-15 18:37:41,564 [INFO] CodeEngine:247 - oldGeneratedFile, /home/boobathi/new_stm32_workspace/FreeRTO_test/Core/Inc/main.h_save
2025-08-15 18:37:41,650 [INFO] CodeEngine:271 - Generated code: /home/boobathi/new_stm32_workspace/FreeRTO_test/Core/Inc/main.h
2025-08-15 18:37:41,651 [INFO] CodeEngine:247 - oldGeneratedFile, /home/boobathi/new_stm32_workspace/FreeRTO_test/Core/Src/main.c_save
2025-08-15 18:37:41,779 [INFO] CodeEngine:271 - Generated code: /home/boobathi/new_stm32_workspace/FreeRTO_test/Core/Src/main.c
2025-08-15 18:37:42,267 [INFO] ProjectBuilder:2919 - Time for Copy HAL[1] : 29mS.
2025-08-15 18:37:42,268 [INFO] ProjectBuilder:4183 - Project Generator version: 3.18.0-B7
2025-08-15 18:37:42,617 [INFO] ConfigFileManager:1396 - The Die is : DIE421
2025-08-15 18:37:44,225 [INFO] ProjectBuilder:4351 - Time for Generating toolchain IDE Files: 1957mS.
2025-08-15 18:37:44,226 [INFO] ProjectBuilder:2790 - Time for Copy CMSIS : 0mS.
2025-08-15 18:37:44,227 [INFO] ProjectBuilder:2790 - Time for Copy CMSIS : 0mS.
2025-08-15 18:44:10,662 [INFO] EditThreadDialog:703 - RAM SIZE (in KB): 128
2025-08-15 18:44:10,663 [INFO] EditThreadDialog:705 - RAM SIZE (in words): 32768
2025-08-15 18:50:15,552 [INFO] MainUpdater:2800 - connection check result : 10
2025-08-15 18:50:15,553 [INFO] McuFinderGlobals:65 - Set McuFinderConnectedMode to true
2025-08-15 18:50:15,963 [INFO] ServerAccessManage:474 - Download File mcusAds.json._tmp_
2025-08-15 18:50:16,068 [INFO] LoadUrlFilesThread:150 - End of LoadUrlFiles Thread
2025-08-15 18:50:16,261 [INFO] ServerAccessManage:474 - Download File cube-finder-db.zip
2025-08-15 18:50:20,339 [INFO] FileExtend:239 - Unzip File : cube-finder-db.zip
2025-08-15 18:50:20,339 [INFO] FileExtend:254 - Standard Zip Deflate
2025-08-15 18:50:21,271 [INFO] LoadUrlFilesThread:150 - End of LoadUrlFiles Thread
2025-08-15 18:50:28,009 [INFO] ServerAccessManage:474 - Download File crdb.zip
2025-08-15 18:50:29,118 [INFO] FileExtend:239 - Unzip File : crdb.zip
2025-08-15 18:50:29,119 [INFO] FileExtend:254 - Standard Zip Deflate
2025-08-15 18:50:29,263 [INFO] LoadUrlFilesThread:150 - End of LoadUrlFiles Thread
2025-08-15 18:50:29,380 [INFO] ServerAccessManage:474 - Download File tutoVideoDB.zip
2025-08-15 18:50:29,405 [INFO] FileExtend:239 - Unzip File : tutoVideoDB.zip
2025-08-15 18:50:29,405 [INFO] FileExtend:254 - Standard Zip Deflate
2025-08-15 18:50:29,512 [INFO] LoadUrlFilesThread:150 - End of LoadUrlFiles Thread
2025-08-15 18:50:29,536 [INFO] JxBrowserEngine:114 - Initiate JxBrowser Engine with user profile folder
2025-08-15 18:50:30,479 [WARN] DbFile:40 - Overriding database path with different value: /home/boobathi/.stmcufinder/plugins/mcufinder/ => /home/boobathi/.stmcufinder/plugins/mcufinder
2025-08-15 18:50:30,568 [INFO] ServerAccessManage:474 - Download File api_config.json
2025-08-15 18:50:30,672 [INFO] LoadUrlFilesThread:150 - End of LoadUrlFiles Thread
2025-08-15 18:50:30,675 [INFO] DbMcusAds:52 - JSON generation date=Tue Jul 08 13:44:23 IST 2025 (1751962463593)
2025-08-15 18:50:30,677 [INFO] ApiDb:447 - Save user favorites file /home/boobathi/.stm32cubeide/favorites.mcus.txt: 0 item(s)
2025-08-15 18:50:30,678 [INFO] ApiDb:451 - User favorites MCUs=[]
2025-08-15 18:50:30,683 [INFO] ApiDb:580 - Connected to CubeFinder SQLite database (/home/boobathi/.stmcufinder/plugins/mcufinder/mcu/cube-finder-db.db)
2025-08-15 18:50:30,763 [INFO] ApiDb:667 - CubeFinder database Data Model version=2.1
2025-08-15 18:50:30,763 [INFO] ApiDb:668 - CubeFinder database Configuration version=3.0.39
2025-08-15 18:50:30,763 [INFO] ApiDb:669 - CubeFinder database generation date=2025-07-24 (1753349077)
2025-08-15 18:50:30,763 [INFO] ApiDb:670 - CubeFinder database FW Pack versions=[FP-ATR-ASTRA1_V2.0.0, FP-SNS-FLIGHT1_V5.1.0, FP-SNS-MOTENV1_V5.0.0, FP-SNS-MOTENVWB1_V1.4.0, FP-SNS-SMARTAG2_V1.2.0, FP-SNS-STBOX1_V2.0.0, STM32Cube_FW_C0_V1.4.0, STM32Cube_FW_F4_V1.28.2, STM32Cube_FW_F7_V1.17.3, STM32Cube_FW_G0_V1.6.2, STM32Cube_FW_G4_V1.6.1, STM32Cube_FW_H5_V1.5.0, STM32Cube_FW_H7RS_V1.2.0, STM32Cube_FW_H7_V1.12.1, STM32Cube_FW_L0_V1.12.2, STM32Cube_FW_L4_V1.18.1, STM32Cube_FW_L5_V1.5.1, STM32Cube_FW_N6_V1.2.0, STM32Cube_FW_U0_V1.3.0, STM32Cube_FW_U3_V1.2.0, STM32Cube_FW_U5_V1.8.0, STM32Cube_FW_WB0_V1.3.0, STM32Cube_FW_WBA_V1.7.0, STM32Cube_FW_WB_V1.23.0, STM32Cube_FW_WL3_V1.2.0, STM32Cube_FW_WL_V1.3.1, X-CUBE-ALGOBUILD_V1.4.0, X-CUBE-ALS_V1.0.2, X-CUBE-AZRTOS-F4_V1.1.0, X-CUBE-AZRTOS-F7_V1.1.0, X-CUBE-AZRTOS-G0_V1.1.0, X-CUBE-AZRTOS-G4_V2.0.0, X-CUBE-AZRTOS-H7RS_V1.1.0, X-CUBE-AZRTOS-H7_V3.4.0, X-CUBE-AZRTOS-L4_V2.0.0, X-CUBE-AZRTOS-L5_V2.0.0, X-CUBE-AZRTOS-WB_V2.0.0, X-CUBE-AZRTOS-WL_V2.0.0, X-CUBE-BLE1_V7.1.0, X-CUBE-BLE2_V3.3.0, X-CUBE-BLEMGR_V4.1.0, X-CUBE-EEPRMA1_V5.2.0, X-CUBE-FREERTOS_V1.3.1, X-CUBE-GNSS1_V6.0.0, X-CUBE-MEMS1_V11.3.0, X-CUBE-NFC4_V3.0.0, X-CUBE-NFC7_V2.0.0, X-CUBE-SFXS2LP1_V4.0.0, X-CUBE-ST67W61_V1.0.0, X-CUBE-SUBG2_V5.0.0, X-CUBE-TOF1_V3.4.3]
2025-08-15 18:50:33,141 [INFO] ApiDb:239 - Found 143 in-development CPN: [B-WB1M-WPAN1, B-WL5M-SUBG1, NUCLEO-C031C6, STEVAL-PROTEUS1, STEVAL-STWINBX1, STM320518-EVAL, STM32C0116-DK, STM32C011D6Y3TR, STM32C011D6Y6TR, STM32C011F4P3, STM32C011F4P6, STM32C011F4U3, STM32C011F4U6TR, STM32C011F6P3, STM32C011F6P6, STM32C011F6U3, STM32C011F6U6TR, STM32C011J4M3, STM32C011J4M6, STM32C011J6M3, STM32C011J6M6, STM32C0316-DK, STM32C031C4T3, STM32C031C4T6, STM32C031C4U3, STM32C031C4U6, STM32C031C6T3, STM32C031C6T6, STM32C031C6U3, STM32C031C6U6, STM32C031F4P3, STM32C031F4P6, STM32C031F6P3, STM32C031F6P6, STM32C031G4U3, STM32C031G4U6, STM32C031G6U3, STM32C031G6U6, STM32C031K4T3, STM32C031K4T6, STM32C031K4U3, STM32C031K4U6, STM32C031K6T3, STM32C031K6T6, STM32C031K6U3, STM32C031K6U6, STM32G071K8TXN, STM32G071K8UXN, STM32G081GBU6N, STM32G081KBT6N, STM32G081KBUXN, STM32G0B1CCT6N, STM32G0B1KCT6, STM32G0B1NEY6TR, STM32G0B1RCT6N, STM32G0C1CCT6, STM32G0C1CCT6N, STM32G0C1CCU6N, STM32G0C1CET6N, STM32G0C1CEU6N, STM32G0C1KCT6, STM32G0C1NEY6TR, STM32G0C1RCI6N, STM32G0C1RCT6N, STM32G0C1REI6N, STM32G0C1RET6N, STM32G0C1VCI6, STM32G0C1VEI6, STM32G471CCT6, STM32G471CCU6, STM32G471CET3, STM32G471CET6, STM32G471CEU3, STM32G471CEU6, STM32G471MCT6, STM32G471MET3, STM32G471MET6, STM32G471MEY6TR, STM32G471QCT6, STM32G471QET3, STM32G471RCT6, STM32G471RET3, STM32G471RET6, STM32G471VCH6, STM32G471VCI6, STM32G471VCT6, STM32G471VEH3, STM32G471VEH6, STM32G471VEI3, STM32G471VEI6, STM32G471VET3, STM32G471VET6, STM32G474CCT6, STM32L476VGY6PTR, STM32L4R5QGI6STR, STM32MP131AAE3, STM32MP131AAF3, STM32MP131AAG3, STM32MP131CAE3, STM32MP131CAF3, STM32MP131CAG3, STM32MP131DAE7, STM32MP131DAF7, STM32MP131DAG7, STM32MP131FAE7, STM32MP131FAF7, STM32MP131FAG7, STM32MP133AAE3, STM32MP133AAF3, STM32MP133AAG3, STM32MP133CAE3, STM32MP133CAF3, STM32MP133CAG3, STM32MP133DAE7, STM32MP133DAF7, STM32MP133DAG7, STM32MP133FAE7, STM32MP133FAF7, STM32MP133FAG7, STM32MP135AAE3, STM32MP135AAF3, STM32MP135AAG3, STM32MP135CAE3, STM32MP135CAF3, STM32MP135CAG3, STM32MP135DAE7, STM32MP135DAF7, STM32MP135DAG7, STM32MP135F-DK, STM32MP135FAE7, STM32MP135FAF7, STM32MP135FAF7T, STM32MP135FAF7U, STM32MP135FAG7, STM32U595ZJT6Q, STM32U599BJY6QTR, STM32U599NIH6Q, STM32U599NJH6Q, STM32U5A5ZJT6Q, STM32U5A9BJY6QTR, STM32U5A9NJH6Q, STM32WB1MMCH6, STM32WL5MOCH6TR]
2025-08-15 18:50:33,144 [INFO] DbMcus:215 - Found 4709 MCUs, 4709 are supported
2025-08-15 18:50:33,144 [INFO] ApiDb:422 - Load user favorites file /home/boobathi/.stm32cubeide/favorites.mcus.txt: 0 item(s)
2025-08-15 18:50:33,144 [INFO] ApiDb:426 - User favorites MCUs=[]
2025-08-15 18:50:33,144 [INFO] DbMcus:221 - Set 0 / 0 favorites MCUs
2025-08-15 18:50:33,692 [INFO] ApiDb:447 - Save user favorites file /home/boobathi/.stm32cubeide/favorites.boards.txt: 1 item(s)
2025-08-15 18:50:33,692 [INFO] ApiDb:451 - User favorites Boards=[NUCLEO-F446RE]
2025-08-15 18:50:33,693 [INFO] ApiDb:580 - Connected to CubeFinder SQLite database (/home/boobathi/.stmcufinder/plugins/mcufinder/mcu/cube-finder-db.db)
2025-08-15 18:50:33,755 [INFO] ApiDb:667 - CubeFinder database Data Model version=2.1
2025-08-15 18:50:33,755 [INFO] ApiDb:668 - CubeFinder database Configuration version=3.0.39
2025-08-15 18:50:33,755 [INFO] ApiDb:669 - CubeFinder database generation date=2025-07-24 (1753349077)
2025-08-15 18:50:33,755 [INFO] ApiDb:670 - CubeFinder database FW Pack versions=[FP-ATR-ASTRA1_V2.0.0, FP-SNS-FLIGHT1_V5.1.0, FP-SNS-MOTENV1_V5.0.0, FP-SNS-MOTENVWB1_V1.4.0, FP-SNS-SMARTAG2_V1.2.0, FP-SNS-STBOX1_V2.0.0, STM32Cube_FW_C0_V1.4.0, STM32Cube_FW_F4_V1.28.2, STM32Cube_FW_F7_V1.17.3, STM32Cube_FW_G0_V1.6.2, STM32Cube_FW_G4_V1.6.1, STM32Cube_FW_H5_V1.5.0, STM32Cube_FW_H7RS_V1.2.0, STM32Cube_FW_H7_V1.12.1, STM32Cube_FW_L0_V1.12.2, STM32Cube_FW_L4_V1.18.1, STM32Cube_FW_L5_V1.5.1, STM32Cube_FW_N6_V1.2.0, STM32Cube_FW_U0_V1.3.0, STM32Cube_FW_U3_V1.2.0, STM32Cube_FW_U5_V1.8.0, STM32Cube_FW_WB0_V1.3.0, STM32Cube_FW_WBA_V1.7.0, STM32Cube_FW_WB_V1.23.0, STM32Cube_FW_WL3_V1.2.0, STM32Cube_FW_WL_V1.3.1, X-CUBE-ALGOBUILD_V1.4.0, X-CUBE-ALS_V1.0.2, X-CUBE-AZRTOS-F4_V1.1.0, X-CUBE-AZRTOS-F7_V1.1.0, X-CUBE-AZRTOS-G0_V1.1.0, X-CUBE-AZRTOS-G4_V2.0.0, X-CUBE-AZRTOS-H7RS_V1.1.0, X-CUBE-AZRTOS-H7_V3.4.0, X-CUBE-AZRTOS-L4_V2.0.0, X-CUBE-AZRTOS-L5_V2.0.0, X-CUBE-AZRTOS-WB_V2.0.0, X-CUBE-AZRTOS-WL_V2.0.0, X-CUBE-BLE1_V7.1.0, X-CUBE-BLE2_V3.3.0, X-CUBE-BLEMGR_V4.1.0, X-CUBE-EEPRMA1_V5.2.0, X-CUBE-FREERTOS_V1.3.1, X-CUBE-GNSS1_V6.0.0, X-CUBE-MEMS1_V11.3.0, X-CUBE-NFC4_V3.0.0, X-CUBE-NFC7_V2.0.0, X-CUBE-SFXS2LP1_V4.0.0, X-CUBE-ST67W61_V1.0.0, X-CUBE-SUBG2_V5.0.0, X-CUBE-TOF1_V3.4.3]
2025-08-15 18:50:33,805 [INFO] DbBoardsSqlite:225 - include board P-NUCLEO-WB55-NUCLEO as a kit item of type 'Nucleo-64'
2025-08-15 18:50:33,805 [INFO] DbBoardsSqlite:225 - include board P-NUCLEO-WB55-USBDONGLE as a kit item of type 'Nucleo USB Dongle'
2025-08-15 18:50:33,806 [INFO] DbBoardsSqlite:225 - include board STEVAL-IDP005V1 as a kit item of type 'Evaluation Board'
2025-08-15 18:50:33,806 [INFO] DbBoardsSqlite:225 - include board STEVAL-IDP005V2 as a kit item of type 'Evaluation Board'
2025-08-15 18:50:33,858 [INFO] ApiDb:239 - Found 143 in-development CPN: [B-WB1M-WPAN1, B-WL5M-SUBG1, NUCLEO-C031C6, STEVAL-PROTEUS1, STEVAL-STWINBX1, STM320518-EVAL, STM32C0116-DK, STM32C011D6Y3TR, STM32C011D6Y6TR, STM32C011F4P3, STM32C011F4P6, STM32C011F4U3, STM32C011F4U6TR, STM32C011F6P3, STM32C011F6P6, STM32C011F6U3, STM32C011F6U6TR, STM32C011J4M3, STM32C011J4M6, STM32C011J6M3, STM32C011J6M6, STM32C0316-DK, STM32C031C4T3, STM32C031C4T6, STM32C031C4U3, STM32C031C4U6, STM32C031C6T3, STM32C031C6T6, STM32C031C6U3, STM32C031C6U6, STM32C031F4P3, STM32C031F4P6, STM32C031F6P3, STM32C031F6P6, STM32C031G4U3, STM32C031G4U6, STM32C031G6U3, STM32C031G6U6, STM32C031K4T3, STM32C031K4T6, STM32C031K4U3, STM32C031K4U6, STM32C031K6T3, STM32C031K6T6, STM32C031K6U3, STM32C031K6U6, STM32G071K8TXN, STM32G071K8UXN, STM32G081GBU6N, STM32G081KBT6N, STM32G081KBUXN, STM32G0B1CCT6N, STM32G0B1KCT6, STM32G0B1NEY6TR, STM32G0B1RCT6N, STM32G0C1CCT6, STM32G0C1CCT6N, STM32G0C1CCU6N, STM32G0C1CET6N, STM32G0C1CEU6N, STM32G0C1KCT6, STM32G0C1NEY6TR, STM32G0C1RCI6N, STM32G0C1RCT6N, STM32G0C1REI6N, STM32G0C1RET6N, STM32G0C1VCI6, STM32G0C1VEI6, STM32G471CCT6, STM32G471CCU6, STM32G471CET3, STM32G471CET6, STM32G471CEU3, STM32G471CEU6, STM32G471MCT6, STM32G471MET3, STM32G471MET6, STM32G471MEY6TR, STM32G471QCT6, STM32G471QET3, STM32G471RCT6, STM32G471RET3, STM32G471RET6, STM32G471VCH6, STM32G471VCI6, STM32G471VCT6, STM32G471VEH3, STM32G471VEH6, STM32G471VEI3, STM32G471VEI6, STM32G471VET3, STM32G471VET6, STM32G474CCT6, STM32L476VGY6PTR, STM32L4R5QGI6STR, STM32MP131AAE3, STM32MP131AAF3, STM32MP131AAG3, STM32MP131CAE3, STM32MP131CAF3, STM32MP131CAG3, STM32MP131DAE7, STM32MP131DAF7, STM32MP131DAG7, STM32MP131FAE7, STM32MP131FAF7, STM32MP131FAG7, STM32MP133AAE3, STM32MP133AAF3, STM32MP133AAG3, STM32MP133CAE3, STM32MP133CAF3, STM32MP133CAG3, STM32MP133DAE7, STM32MP133DAF7, STM32MP133DAG7, STM32MP133FAE7, STM32MP133FAF7, STM32MP133FAG7, STM32MP135AAE3, STM32MP135AAF3, STM32MP135AAG3, STM32MP135CAE3, STM32MP135CAF3, STM32MP135CAG3, STM32MP135DAE7, STM32MP135DAF7, STM32MP135DAG7, STM32MP135F-DK, STM32MP135FAE7, STM32MP135FAF7, STM32MP135FAF7T, STM32MP135FAF7U, STM32MP135FAG7, STM32U595ZJT6Q, STM32U599BJY6QTR, STM32U599NIH6Q, STM32U599NJH6Q, STM32U5A5ZJT6Q, STM32U5A9BJY6QTR, STM32U5A9NJH6Q, STM32WB1MMCH6, STM32WL5MOCH6TR]
2025-08-15 18:50:33,861 [INFO] BoardInfo:879 - No configuration file found for board B-G473E-ZEST1S
2025-08-15 18:50:33,861 [INFO] DbBoards:156 - Board is not supported: B-G473E-ZEST1S
2025-08-15 18:50:33,871 [INFO] BoardInfo:879 - No configuration file found for board B-WBA5M-WPAN
2025-08-15 18:50:33,871 [INFO] DbBoards:156 - Board is not supported: B-WBA5M-WPAN
2025-08-15 18:50:33,874 [INFO] BoardInfo:879 - No configuration file found for board NUCLEO-C051C8
2025-08-15 18:50:33,874 [INFO] DbBoards:156 - Board is not supported: NUCLEO-C051C8
2025-08-15 18:50:33,874 [INFO] BoardInfo:879 - No configuration file found for board NUCLEO-C071RB
2025-08-15 18:50:33,875 [INFO] DbBoards:156 - Board is not supported: NUCLEO-C071RB
2025-08-15 18:50:33,875 [INFO] BoardInfo:879 - No configuration file found for board NUCLEO-C092RC
2025-08-15 18:50:33,875 [INFO] DbBoards:156 - Board is not supported: NUCLEO-C092RC
2025-08-15 18:50:33,904 [INFO] BoardInfo:879 - No configuration file found for board NUCLEO-H503RB
2025-08-15 18:50:33,905 [INFO] DbBoards:156 - Board is not supported: NUCLEO-H503RB
2025-08-15 18:50:33,905 [INFO] BoardInfo:879 - No configuration file found for board NUCLEO-H533RE
2025-08-15 18:50:33,905 [INFO] DbBoards:156 - Board is not supported: NUCLEO-H533RE
2025-08-15 18:50:33,906 [INFO] BoardInfo:879 - No configuration file found for board NUCLEO-H563ZI
2025-08-15 18:50:33,906 [INFO] DbBoards:156 - Board is not supported: NUCLEO-H563ZI
2025-08-15 18:50:33,913 [INFO] BoardInfo:879 - No configuration file found for board NUCLEO-H7S3L8
2025-08-15 18:50:33,913 [INFO] DbBoards:156 - Board is not supported: NUCLEO-H7S3L8
2025-08-15 18:50:33,930 [INFO] BoardInfo:879 - No configuration file found for board NUCLEO-N657X0-Q
2025-08-15 18:50:33,930 [INFO] DbBoards:156 - Board is not supported: NUCLEO-N657X0-Q
2025-08-15 18:50:33,931 [INFO] BoardInfo:879 - No configuration file found for board NUCLEO-U031R8
2025-08-15 18:50:33,931 [INFO] DbBoards:156 - Board is not supported: NUCLEO-U031R8
2025-08-15 18:50:33,932 [INFO] BoardInfo:879 - No configuration file found for board NUCLEO-U083RC
2025-08-15 18:50:33,932 [INFO] DbBoards:156 - Board is not supported: NUCLEO-U083RC
2025-08-15 18:50:33,933 [INFO] BoardInfo:879 - No configuration file found for board NUCLEO-U385RG-Q
2025-08-15 18:50:33,933 [INFO] DbBoards:156 - Board is not supported: NUCLEO-U385RG-Q
2025-08-15 18:50:33,934 [INFO] BoardInfo:879 - No configuration file found for board NUCLEO-U545RE-Q
2025-08-15 18:50:33,934 [INFO] DbBoards:156 - Board is not supported: NUCLEO-U545RE-Q
2025-08-15 18:50:33,948 [INFO] BoardInfo:879 - No configuration file found for board NUCLEO-U5A5ZJ-Q
2025-08-15 18:50:33,948 [INFO] DbBoards:156 - Board is not supported: NUCLEO-U5A5ZJ-Q
2025-08-15 18:50:33,949 [INFO] BoardInfo:879 - No configuration file found for board NUCLEO-WB05KZ
2025-08-15 18:50:33,949 [INFO] DbBoards:156 - Board is not supported: NUCLEO-WB05KZ
2025-08-15 18:50:33,950 [INFO] BoardInfo:879 - No configuration file found for board NUCLEO-WB07CC
2025-08-15 18:50:33,950 [INFO] DbBoards:156 - Board is not supported: NUCLEO-WB07CC
2025-08-15 18:50:33,951 [INFO] BoardInfo:879 - No configuration file found for board NUCLEO-WB09KE
2025-08-15 18:50:33,951 [INFO] DbBoards:156 - Board is not supported: NUCLEO-WB09KE
2025-08-15 18:50:33,954 [INFO] BoardInfo:879 - No configuration file found for board NUCLEO-WBA52CG
2025-08-15 18:50:33,954 [INFO] DbBoards:156 - Board is not supported: NUCLEO-WBA52CG
2025-08-15 18:50:33,955 [INFO] BoardInfo:879 - No configuration file found for board NUCLEO-WBA55CG
2025-08-15 18:50:33,955 [INFO] DbBoards:156 - Board is not supported: NUCLEO-WBA55CG
2025-08-15 18:50:33,955 [INFO] BoardInfo:879 - No configuration file found for board NUCLEO-WBA65RI
2025-08-15 18:50:33,956 [INFO] DbBoards:156 - Board is not supported: NUCLEO-WBA65RI
2025-08-15 18:50:33,956 [INFO] BoardInfo:879 - No configuration file found for board NUCLEO-WL33CC1
2025-08-15 18:50:33,956 [INFO] DbBoards:156 - Board is not supported: NUCLEO-WL33CC1
2025-08-15 18:50:33,957 [INFO] BoardInfo:879 - No configuration file found for board NUCLEO-WL33CC2
2025-08-15 18:50:33,957 [INFO] DbBoards:156 - Board is not supported: NUCLEO-WL33CC2
2025-08-15 18:50:33,961 [INFO] BoardInfo:879 - No configuration file found for board P-NUCLEO-WB55
2025-08-15 18:50:33,962 [INFO] DbBoards:156 - Kit is not supported: P-NUCLEO-WB55
2025-08-15 18:50:33,965 [INFO] BoardInfo:879 - No configuration file found for board STEVAL-BFA001V1B
2025-08-15 18:50:33,966 [INFO] DbBoards:156 - Kit is not supported: STEVAL-BFA001V1B
2025-08-15 18:50:33,966 [INFO] BoardInfo:879 - No configuration file found for board STEVAL-BFA001V2B
2025-08-15 18:50:33,967 [INFO] DbBoards:156 - Kit is not supported: STEVAL-BFA001V2B
2025-08-15 18:50:33,969 [INFO] BoardInfo:879 - No configuration file found for board STEVAL-MKBOXPRO
2025-08-15 18:50:33,969 [INFO] DbBoards:156 - Board is not supported: STEVAL-MKBOXPRO
2025-08-15 18:50:33,972 [INFO] BoardInfo:879 - No configuration file found for board STEVAL-SMARTAG2
2025-08-15 18:50:33,972 [INFO] DbBoards:156 - Board is not supported: STEVAL-SMARTAG2
2025-08-15 18:50:34,023 [INFO] BoardInfo:879 - No configuration file found for board STM32H573I-DK
2025-08-15 18:50:34,023 [INFO] DbBoards:156 - Board is not supported: STM32H573I-DK
2025-08-15 18:50:34,037 [INFO] BoardInfo:879 - No configuration file found for board STM32H7S78-DK
2025-08-15 18:50:34,037 [INFO] DbBoards:156 - Board is not supported: STM32H7S78-DK
2025-08-15 18:50:34,055 [INFO] BoardInfo:879 - No configuration file found for board STM32MP257F-DK
2025-08-15 18:50:34,055 [INFO] DbBoards:156 - Board is not supported: STM32MP257F-DK
2025-08-15 18:50:34,056 [INFO] BoardInfo:879 - No configuration file found for board STM32MP257F-EV1
2025-08-15 18:50:34,056 [INFO] DbBoards:156 - Board is not supported: STM32MP257F-EV1
2025-08-15 18:50:34,057 [INFO] BoardInfo:879 - No configuration file found for board STM32N6570-DK
2025-08-15 18:50:34,057 [INFO] DbBoards:156 - Board is not supported: STM32N6570-DK
2025-08-15 18:50:34,058 [INFO] BoardInfo:879 - No configuration file found for board STM32U083C-DK
2025-08-15 18:50:34,058 [INFO] DbBoards:156 - Board is not supported: STM32U083C-DK
2025-08-15 18:50:34,060 [INFO] BoardInfo:879 - No configuration file found for board STM32U5A9J-DK
2025-08-15 18:50:34,060 [INFO] DbBoards:156 - Board is not supported: STM32U5A9J-DK
2025-08-15 18:50:34,061 [INFO] BoardInfo:879 - No configuration file found for board STM32U5G9J-DK1
2025-08-15 18:50:34,061 [INFO] DbBoards:156 - Board is not supported: STM32U5G9J-DK1
2025-08-15 18:50:34,063 [INFO] BoardInfo:879 - No configuration file found for board STM32U5G9J-DK2
2025-08-15 18:50:34,063 [INFO] DbBoards:156 - Board is not supported: STM32U5G9J-DK2
2025-08-15 18:50:34,065 [INFO] BoardInfo:879 - No configuration file found for board STM32WBA55G-DK1
2025-08-15 18:50:34,065 [INFO] DbBoards:156 - Board is not supported: STM32WBA55G-DK1
2025-08-15 18:50:34,066 [INFO] BoardInfo:879 - No configuration file found for board STM32WBA65I-DK1
2025-08-15 18:50:34,066 [INFO] DbBoards:156 - Board is not supported: STM32WBA65I-DK1
2025-08-15 18:50:34,066 [INFO] DbBoards:160 - Found 211 boards, 172 are supported
2025-08-15 18:50:34,069 [INFO] ApiDb:422 - Load user favorites file /home/boobathi/.stm32cubeide/favorites.boards.txt: 1 item(s)
2025-08-15 18:50:34,069 [INFO] ApiDb:426 - User favorites Boards=[NUCLEO-F446RE]
2025-08-15 18:50:34,069 [INFO] DbBoards:189 - Set 1 / 1 favorites Boards
2025-08-15 18:50:34,082 [INFO] LoadUrlFilesThread:179 - End of LoadServerUrlFiles without Thread
2025-08-15 18:50:34,082 [INFO] TargetSelectorAdapter:258 - Refresh data is successful
2025-08-15 18:50:34,087 [INFO] ApiDb:667 - CubeFinder database Data Model version=2.1
2025-08-15 18:50:34,087 [INFO] ApiDb:668 - CubeFinder database Configuration version=3.0.39
2025-08-15 18:50:34,087 [INFO] ApiDb:669 - CubeFinder database generation date=2025-07-24 (1753349077)
2025-08-15 18:50:34,087 [INFO] ApiDb:670 - CubeFinder database FW Pack versions=[FP-ATR-ASTRA1_V2.0.0, FP-SNS-FLIGHT1_V5.1.0, FP-SNS-MOTENV1_V5.0.0, FP-SNS-MOTENVWB1_V1.4.0, FP-SNS-SMARTAG2_V1.2.0, FP-SNS-STBOX1_V2.0.0, STM32Cube_FW_C0_V1.4.0, STM32Cube_FW_F4_V1.28.2, STM32Cube_FW_F7_V1.17.3, STM32Cube_FW_G0_V1.6.2, STM32Cube_FW_G4_V1.6.1, STM32Cube_FW_H5_V1.5.0, STM32Cube_FW_H7RS_V1.2.0, STM32Cube_FW_H7_V1.12.1, STM32Cube_FW_L0_V1.12.2, STM32Cube_FW_L4_V1.18.1, STM32Cube_FW_L5_V1.5.1, STM32Cube_FW_N6_V1.2.0, STM32Cube_FW_U0_V1.3.0, STM32Cube_FW_U3_V1.2.0, STM32Cube_FW_U5_V1.8.0, STM32Cube_FW_WB0_V1.3.0, STM32Cube_FW_WBA_V1.7.0, STM32Cube_FW_WB_V1.23.0, STM32Cube_FW_WL3_V1.2.0, STM32Cube_FW_WL_V1.3.1, X-CUBE-ALGOBUILD_V1.4.0, X-CUBE-ALS_V1.0.2, X-CUBE-AZRTOS-F4_V1.1.0, X-CUBE-AZRTOS-F7_V1.1.0, X-CUBE-AZRTOS-G0_V1.1.0, X-CUBE-AZRTOS-G4_V2.0.0, X-CUBE-AZRTOS-H7RS_V1.1.0, X-CUBE-AZRTOS-H7_V3.4.0, X-CUBE-AZRTOS-L4_V2.0.0, X-CUBE-AZRTOS-L5_V2.0.0, X-CUBE-AZRTOS-WB_V2.0.0, X-CUBE-AZRTOS-WL_V2.0.0, X-CUBE-BLE1_V7.1.0, X-CUBE-BLE2_V3.3.0, X-CUBE-BLEMGR_V4.1.0, X-CUBE-EEPRMA1_V5.2.0, X-CUBE-FREERTOS_V1.3.1, X-CUBE-GNSS1_V6.0.0, X-CUBE-MEMS1_V11.3.0, X-CUBE-NFC4_V3.0.0, X-CUBE-NFC7_V2.0.0, X-CUBE-SFXS2LP1_V4.0.0, X-CUBE-ST67W61_V1.0.0, X-CUBE-SUBG2_V5.0.0, X-CUBE-TOF1_V3.4.3]
2025-08-15 18:50:34,965 [ERROR] DbExamplesSqlite:417 - Missing JSON key: board_cpn
2025-08-15 18:50:34,965 [ERROR] DbExamplesSqlite:417 - Missing JSON key: board_cpn
2025-08-15 18:50:34,966 [ERROR] DbExamplesSqlite:417 - Missing JSON key: board_cpn
2025-08-15 18:50:34,966 [ERROR] DbExamplesSqlite:417 - Missing JSON key: board_cpn
2025-08-15 18:50:35,157 [ERROR] DbExamplesSqlite:417 - Missing JSON key: board_cpn
2025-08-15 18:50:35,157 [ERROR] DbExamplesSqlite:417 - Missing JSON key: board_cpn
2025-08-15 18:50:35,157 [ERROR] DbExamplesSqlite:417 - Missing JSON key: board_cpn
2025-08-15 18:50:35,157 [ERROR] DbExamplesSqlite:417 - Missing JSON key: board_cpn
2025-08-15 18:50:35,158 [ERROR] DbExamplesSqlite:417 - Missing JSON key: board_cpn
2025-08-15 18:50:35,158 [ERROR] DbExamplesSqlite:417 - Missing JSON key: board_cpn
2025-08-15 18:50:35,158 [ERROR] DbExamplesSqlite:417 - Missing JSON key: board_cpn
2025-08-15 18:50:35,158 [ERROR] DbExamplesSqlite:417 - Missing JSON key: board_cpn
2025-08-15 18:50:35,158 [ERROR] DbExamplesSqlite:417 - Missing JSON key: board_cpn
2025-08-15 18:50:35,350 [ERROR] DbExamplesSqlite:417 - Missing JSON key: board_cpn
2025-08-15 18:50:35,350 [ERROR] DbExamplesSqlite:417 - Missing JSON key: board_cpn
2025-08-15 18:50:35,354 [INFO] DbExamplesSqlite:375 - Ignored 33 examples not supported by CubeIDE
2025-08-15 18:50:35,355 [INFO] DbExamplesSqlite:376 - Found 10866 examples active
2025-08-15 18:50:35,355 [INFO] DbExamplesSqlite:377 - Found 0 examples obsolete
2025-08-15 18:50:35,355 [INFO] DbExamplesSqlite:378 - Found 0 examples under development
2025-08-15 18:50:35,355 [INFO] DbExamplesSqlite:379 - Found 65 examples not building
2025-08-15 18:50:35,357 [INFO] DbExamples:124 - Found 10898 examples
2025-08-15 18:50:35,376 [INFO] DbExamples:221 - Found 134 boards with related examples
2025-08-15 18:50:35,377 [INFO] DbExamples:234 - Found 111 MCUs with related examples
2025-08-15 18:50:35,403 [INFO] ApiDb:422 - Load user favorites file /home/boobathi/.stm32cubeide/favorites.examples.txt: 0 item(s)
2025-08-15 18:50:35,403 [INFO] ApiDb:426 - User favorites Examples=[]
2025-08-15 18:50:35,404 [INFO] DbExamples:249 - Set 0 / 0 favorites Examples
2025-08-15 18:50:35,448 [INFO] McuFinderGlobals:65 - Set McuFinderConnectedMode to true
2025-08-15 18:50:35,449 [INFO] MultiScanPanel:196 - Auto-refresh data requested => check proxy status ongoing
2025-08-15 18:50:35,449 [INFO] FinderPluginLoader:92 - Searching for filters in installed packs
2025-08-15 18:50:37,271 [INFO] LoadUrlFilesThread:179 - End of LoadServerUrlFiles without Thread
2025-08-15 18:50:37,271 [INFO] DetailPanel:339 - Set advertising image to /home/boobathi/STM32Cube/Repository//en.2400x1350px.jpeg
2025-08-15 18:51:02,285 [INFO] MultiScanPanel:196 - Auto-refresh data requested => check proxy status ongoing
2025-08-15 18:51:02,357 [INFO] LoadUrlFilesThread:179 - End of LoadServerUrlFiles without Thread
2025-08-15 18:51:02,357 [INFO] DetailPanel:339 - Set advertising image to /home/boobathi/STM32Cube/Repository//en.2400x1350px.jpeg
2025-08-15 18:51:02,361 [INFO] DbBoards:633 - Loading board mini-images...
2025-08-15 18:51:05,285 [INFO] DbBoards:656 - Loaded 211 board mini-images
2025-08-15 18:51:53,868 [INFO] MainUpdater:2800 - connection check result : 10
2025-08-15 18:51:53,869 [INFO] MainUpdater:2800 - connection check result : 10
2025-08-15 18:51:53,914 [INFO] MicroXplorer:451 - Change Database Path : 
2025-08-15 18:51:53,915 [INFO] MicroXplorer:481 - Change Database Version : DB.6.0.70
2025-08-15 18:51:53,932 [WARN] ThirdParty:845 - waiting for thirdparty lock release [close project]
2025-08-15 18:51:53,932 [INFO] ThirdParty:847 - entering critical section [close project]
2025-08-15 18:51:53,932 [INFO] ThirdParty:857 - exiting critical section [close project]
2025-08-15 18:51:53,933 [INFO] PinOutPanel:1477 - setPackage(No Configuration,No Configuration)
2025-08-15 18:51:53,939 [WARN] IpParametersView:148 - Warning: This peripheral hasn't parameters
2025-08-15 18:51:53,943 [WARN] MainPanel:253 - <html><b><center>Warning: This peripheral has no parameters to be configured<br></b></html>
2025-08-15 18:51:53,952 [INFO] UtilMem:74 - Begin LoadConfig() Used Memory: 910019352 Bytes (1073741824)
2025-08-15 18:51:53,953 [INFO] OpenFileManager:307 - Change cursor
2025-08-15 18:51:53,969 [INFO] RulesReader:61 - Compatibility file has been processed (283 Rules)
2025-08-15 18:51:53,972 [INFO] ProjectFactory:399 - No CPN specified for board NUCLEO-F446RE => set CPN to STM32F446RET6
2025-08-15 18:51:53,972 [INFO] Mcu:1925 - Initializing MCU STM32F446R(C-E)Tx STM32F446RETx STM32F446RET6
2025-08-15 18:51:55,216 [INFO] Context:654 - Trying to add GPIOservice into a context  which must be forbidden
2025-08-15 18:51:55,816 [INFO] Rule:225 - rule 117617 - U5Cobra4M][GTZC] default value MPCBB3 and MPCBB5 - Not Secured memory - MPCBB1 is applicable
2025-08-15 18:51:55,816 [INFO] Rule:225 - rule 117617 - U5Cobra4M][GTZC] default value MPCBB3 and MPCBB5 - Not Secured memory - MPCBB1 is applicable
2025-08-15 18:51:55,816 [INFO] Rule:225 - rule 117617 - U5Cobra4M][GTZC] default value MPCBB3 and MPCBB5 - Not Secured memory - MPCBB2 is applicable
2025-08-15 18:51:55,816 [INFO] Rule:225 - rule 117617 - U5Cobra4M][GTZC] default value MPCBB3 and MPCBB5 - Not Secured memory - MPCBB2 is applicable
2025-08-15 18:51:55,816 [INFO] Rule:225 - rule 117617 - U5Cobra4M][GTZC] default value MPCBB3 and MPCBB5 - Not Secured memory - MPCBB3 is applicable
2025-08-15 18:51:55,816 [INFO] Rule:225 - rule 117617 - U5Cobra4M][GTZC] default value MPCBB3 and MPCBB5 - Not Secured memory - MPCBB3 is applicable
2025-08-15 18:51:55,816 [INFO] Rule:225 - rule 117617 - U5Cobra4M][GTZC] default value MPCBB3 and MPCBB5 - Not Secured memory - MPCBB4 is applicable
2025-08-15 18:51:55,816 [INFO] Rule:225 - rule 117617 - U5Cobra4M][GTZC] default value MPCBB3 and MPCBB5 - Not Secured memory - MPCBB4 is applicable
2025-08-15 18:51:55,816 [INFO] Rule:225 - rule 117617 - U5Cobra4M][GTZC] default value MPCBB3 and MPCBB5 - Secured memory - MPCBB1 is applicable
2025-08-15 18:51:55,816 [INFO] Rule:225 - rule 117617 - U5Cobra4M][GTZC] default value MPCBB3 and MPCBB5 - Secured memory - MPCBB2 is applicable
2025-08-15 18:51:55,816 [INFO] Rule:225 - rule 117617 - U5Cobra4M][GTZC] default value MPCBB3 and MPCBB5 - Secured memory - MPCBB3 is applicable
2025-08-15 18:51:55,816 [INFO] Rule:225 - rule 117617 - U5Cobra4M][GTZC] default value MPCBB3 and MPCBB5 - Secured memory - MPCBB4 is applicable
2025-08-15 18:51:55,816 [INFO] Rule:225 - rule 117617 - U5Cobra4M][GTZC] default value MPCBB3 and MPCBB5 - Privileged memory - MPCBB1 is applicable
2025-08-15 18:51:55,816 [INFO] Rule:225 - rule 117617 - U5Cobra4M][GTZC] default value MPCBB3 and MPCBB5 - Privileged memory - MPCBB2 is applicable
2025-08-15 18:51:55,816 [INFO] Rule:225 - rule 117617 - U5Cobra4M][GTZC] default value MPCBB3 and MPCBB5 - Privileged memory - MPCBB3 is applicable
2025-08-15 18:51:55,816 [INFO] Rule:225 - rule 117617 - U5Cobra4M][GTZC] default value MPCBB3 and MPCBB5 - Privileged memory - MPCBB4 is applicable
2025-08-15 18:51:55,816 [INFO] Rule:225 - rule 117617 - U5Cobra4M][GTZC] default value MPCBB3 and MPCBB5 - Not Privileged memory - MPCBB1 is applicable
2025-08-15 18:51:55,816 [INFO] Rule:225 - rule 117617 - U5Cobra4M][GTZC] default value MPCBB3 and MPCBB5 - Not Privileged memory - MPCBB2 is applicable
2025-08-15 18:51:55,816 [INFO] Rule:225 - rule 117617 - U5Cobra4M][GTZC] default value MPCBB3 and MPCBB5 - Not Privileged memory - MPCBB3 is applicable
2025-08-15 18:51:55,816 [INFO] Rule:225 - rule 117617 - U5Cobra4M][GTZC] default value MPCBB3 and MPCBB5 - Not Privileged memory - MPCBB4 is applicable
2025-08-15 18:51:55,816 [INFO] Rule:225 - rule 117617 - U5Cobra4M][GTZC] default value MPCBB3 and MPCBB5 - Privileged memory - MPCBB1 is applicable
2025-08-15 18:51:55,816 [INFO] Rule:225 - rule 117617 - U5Cobra4M][GTZC] default value MPCBB3 and MPCBB5 - Privileged memory - MPCBB2 is applicable
2025-08-15 18:51:55,816 [INFO] Rule:225 - rule 117617 - U5Cobra4M][GTZC] default value MPCBB3 and MPCBB5 - Privileged memory - MPCBB3 is applicable
2025-08-15 18:51:55,816 [INFO] Rule:225 - rule 117617 - U5Cobra4M][GTZC] default value MPCBB3 and MPCBB5 - Privileged memory - MPCBB4 is applicable
2025-08-15 18:51:55,816 [INFO] Rule:225 - rule 117617 - U5Cobra4M][GTZC] default value MPCBB3 and MPCBB5 - Privileged memory - MPCBB1 is applicable
2025-08-15 18:51:55,816 [INFO] Rule:225 - rule 117617 - U5Cobra4M][GTZC] default value MPCBB3 and MPCBB5 - Privileged memory - MPCBB2 is applicable
2025-08-15 18:51:55,816 [INFO] Rule:225 - rule 117617 - U5Cobra4M][GTZC] default value MPCBB3 and MPCBB5 - Privileged memory - MPCBB3 is applicable
2025-08-15 18:51:55,816 [INFO] Rule:225 - rule 117617 - U5Cobra4M][GTZC] default value MPCBB3 and MPCBB5 - Privileged memory - MPCBB4 is applicable
2025-08-15 18:51:55,816 [INFO] Rule:225 - rule 117617 - U5Cobra4M][GTZC] default value MPCBB3 and MPCBB5 - Not Privileged memory - MPCBB1 is applicable
2025-08-15 18:51:55,816 [INFO] Rule:225 - rule 117617 - U5Cobra4M][GTZC] default value MPCBB3 and MPCBB5 - Not Privileged memory - MPCBB2 is applicable
2025-08-15 18:51:55,816 [INFO] Rule:225 - rule 117617 - U5Cobra4M][GTZC] default value MPCBB3 and MPCBB5 - Not Privileged memory - MPCBB3 is applicable
2025-08-15 18:51:55,817 [INFO] Rule:225 - rule 117617 - U5Cobra4M][GTZC] default value MPCBB3 and MPCBB5 - Not Privileged memory - MPCBB4 is applicable
2025-08-15 18:51:55,817 [INFO] Rule:225 - rule 117617 - U5Cobra4M][GTZC] default value MPCBB3 and MPCBB5 - Privileged memory - MPCBB1 is applicable
2025-08-15 18:51:55,817 [INFO] Rule:225 - rule 117617 - U5Cobra4M][GTZC] default value MPCBB3 and MPCBB5 - Privileged memory - MPCBB2 is applicable
2025-08-15 18:51:55,817 [INFO] Rule:225 - rule 117617 - U5Cobra4M][GTZC] default value MPCBB3 and MPCBB5 - Privileged memory - MPCBB3 is applicable
2025-08-15 18:51:55,817 [INFO] Rule:225 - rule 117617 - U5Cobra4M][GTZC] default value MPCBB3 and MPCBB5 - Privileged memory - MPCBB4 is applicable
2025-08-15 18:51:55,817 [INFO] Rule:225 - rule Rename SubGHz_Phy SUBGHZ_APPLICATION SUBGHZ_PINGPONG to SUBGHZ_ADV_APPLICATION is applicable
2025-08-15 18:51:55,817 [INFO] Rule:225 - rule Rename Enabled to IBEACON is applicable
2025-08-15 18:51:55,817 [INFO] Rule:225 - rule GTZC_S instance for project manager is applicable
2025-08-15 18:51:55,817 [INFO] Rule:225 - rule GTZC_S instance for context M33S is applicable
2025-08-15 18:51:55,817 [INFO] Rule:225 - rule GTZC_S instance value for IP GTZC is applicable
2025-08-15 18:51:55,817 [INFO] Rule:225 - rule GTZC_S instance for mcu.IP is applicable
2025-08-15 18:51:55,817 [INFO] Rule:225 - rule GTZC_S instance for VP is applicable
2025-08-15 18:51:55,817 [INFO] Rule:225 - rule GTZC_S instance for signal is applicable
2025-08-15 18:51:55,817 [INFO] Rule:225 - rule GTZC_S instance for mcu.Pin is applicable
2025-08-15 18:51:55,817 [INFO] Rule:225 - rule GTZC_S instance for VP is applicable
2025-08-15 18:51:55,817 [INFO] Rule:225 - rule GTZC_S instance for signal is applicable
2025-08-15 18:51:55,817 [INFO] Rule:225 - rule GTZC_S instance for mcu is applicable
2025-08-15 18:51:55,817 [INFO] Rule:225 - rule GTZC_S instance for mcu.Pin is applicable
2025-08-15 18:51:55,817 [INFO] Rule:225 - rule GTZC_S instance value for IP GTZC is applicable
2025-08-15 18:51:55,817 [INFO] Rule:225 - rule GTZC_S instance for project manager is applicable
2025-08-15 18:51:55,817 [INFO] Rule:225 - rule GTZC_S instance for context M33S is applicable
2025-08-15 18:51:55,817 [INFO] Rule:225 - rule GTZC_S instance for VP is applicable
2025-08-15 18:51:55,817 [INFO] Rule:225 - rule GTZC_S instance for signal is applicable
2025-08-15 18:51:55,817 [INFO] Rule:225 - rule SPDIFRX instance for mcu is applicable
2025-08-15 18:51:55,817 [INFO] Rule:225 - rule Rename Tracer Mode is applicable
2025-08-15 18:51:55,817 [INFO] Rule:225 - rule SPDIFRX instance value for IP SPDIFRX is applicable
2025-08-15 18:51:55,817 [INFO] Rule:225 - rule SPDIFRX instance for signal is applicable
2025-08-15 18:51:55,817 [INFO] Rule:225 - rule SPDIFRX instance for project manager is applicable
2025-08-15 18:51:55,817 [INFO] Rule:225 - rule SPDIFRX instance for project manager is applicable
2025-08-15 18:51:55,817 [INFO] Rule:225 - rule ADC Scan  fix with FW F7 is applicable
2025-08-15 18:51:55,817 [INFO] Rule:225 - rule ADC Scan  fix with FW F7 is applicable
2025-08-15 18:51:55,817 [INFO] Rule:225 - rule Add RTC Activate Clock Source is applicable
2025-08-15 18:51:55,818 [INFO] Rule:225 - rule Add RTC Activate Calendar 1 is applicable
2025-08-15 18:51:55,818 [INFO] Rule:225 - rule Add RTC Activate Calendar 2 is applicable
2025-08-15 18:51:55,818 [INFO] Rule:225 - rule Add RTC Activate Calendar 3 is applicable
2025-08-15 18:51:55,818 [INFO] Rule:225 - rule UART/USART TX Mode is applicable
2025-08-15 18:51:55,818 [INFO] Rule:225 - rule UART/USART RX Mode is applicable
2025-08-15 18:51:55,818 [INFO] Rule:225 - rule UART/USART RX TX Mode is applicable
2025-08-15 18:51:55,818 [INFO] Rule:225 - rule UART/USART PARITY NONE is applicable
2025-08-15 18:51:55,818 [INFO] Rule:225 - rule UART/USART PARITY EVEN is applicable
2025-08-15 18:51:55,818 [INFO] Rule:225 - rule UART/USART PARITY ODD is applicable
2025-08-15 18:51:55,818 [INFO] Rule:225 - rule USART StopBits 1 is applicable
2025-08-15 18:51:55,818 [INFO] Rule:225 - rule USART StopBits 2 is applicable
2025-08-15 18:51:55,818 [INFO] Rule:225 - rule USART StopBits 1.5 is applicable
2025-08-15 18:51:55,818 [INFO] Rule:225 - rule USART StopBits 0.5 is applicable
2025-08-15 18:51:55,818 [INFO] Rule:225 - rule UART/USART WORD LENGTH 7 is applicable
2025-08-15 18:51:55,818 [INFO] Rule:225 - rule UART/USART WORD LENGTH 8 is applicable
2025-08-15 18:51:55,818 [INFO] Rule:225 - rule UART/USART WORD LENGTH 9 is applicable
2025-08-15 18:51:55,818 [INFO] Rule:225 - rule Rename FMC NAND NCE signal is applicable
2025-08-15 18:51:55,818 [INFO] Rule:225 - rule Rename FMC NAND INT signal is applicable
2025-08-15 18:51:55,818 [INFO] Rule:225 - rule Change Default Value for LSE Drive Capability for WB family is applicable
2025-08-15 18:51:55,818 [INFO] Rule:225 - rule Change Default Value for ADC Clock Prescaler G0 family is applicable
2025-08-15 18:51:55,818 [INFO] Rule:225 - rule Change Default Value for ADC ExternalTrigConv L4 family is applicable
2025-08-15 18:51:55,818 [INFO] Rule:225 - rule Change Default Value for ADC ExternalTrigInjecConv L4 family is applicable
2025-08-15 18:51:55,818 [INFO] Rule:225 - rule Change Default Value for ADC ExternalTrigConv F3 family is applicable
2025-08-15 18:51:55,818 [INFO] Rule:225 - rule Change Default Value for ADC ExternalTrigInjecConv F3 family is applicable
2025-08-15 18:51:55,818 [INFO] Rule:225 - rule Change Default Value for ADC ExternalTrigConv Goldfish serie is applicable
2025-08-15 18:51:55,819 [INFO] Rule:225 - rule Change Default Value for ADC ExternalTrigInjecConv Goldfish serie is applicable
2025-08-15 18:51:55,819 [INFO] Rule:225 - rule Change Default Value for ADC ExternalTrigConv L0 family is applicable
2025-08-15 18:51:55,819 [INFO] Rule:225 - rule Change Default Value for ADC ExternalTrigConv F0 family is applicable
2025-08-15 18:51:55,819 [INFO] Rule:225 - rule Change Default Value for ADC ExternalTrigConvn L1 family is applicable
2025-08-15 18:51:55,819 [INFO] Rule:225 - rule Change Default Value for ADC ExternalTrigInjecConv L1 family is applicable
2025-08-15 18:51:55,819 [INFO] Rule:225 - rule Change Default Value for ADC ExternalTrigConv F1 family is applicable
2025-08-15 18:51:55,819 [INFO] Rule:225 - rule Change Default Value for ADC ExternalTrigInjecConv F1 family is applicable
2025-08-15 18:51:55,819 [INFO] Rule:225 - rule Change Default Value for ADC ExternalTrigConv F7 family is applicable
2025-08-15 18:51:55,819 [INFO] Rule:225 - rule Change Default Value for ADC ExternalTrigInjecConv F7 family is applicable
2025-08-15 18:51:55,819 [INFO] Rule:225 - rule Change Default Value for ADC ExternalTrigConv F4 and F2 family is applicable
2025-08-15 18:51:55,819 [INFO] Rule:225 - rule Change Default Value for ADC ExternalTrigInjecConv F4 and F2 family is applicable
2025-08-15 18:51:55,819 [INFO] Rule:225 - rule ADC SamplingTime fix with FW L0  is applicable
2025-08-15 18:51:55,819 [INFO] Rule:225 - rule ADC SamplingTime fix with FW L0  is applicable
2025-08-15 18:51:55,819 [INFO] Rule:225 - rule ADC SamplingTime fix with FW L0 is applicable
2025-08-15 18:51:55,819 [INFO] Rule:225 - rule ADC SamplingTime fix with FW L0 is applicable
2025-08-15 18:51:55,819 [INFO] Rule:225 - rule ADC SamplingTime fix with FW L0  is applicable
2025-08-15 18:51:55,819 [INFO] Rule:225 - rule ADC SamplingTime fix with FW L0 is applicable
2025-08-15 18:51:55,819 [INFO] Rule:225 - rule Rename USB_OE Signal is applicable
2025-08-15 18:51:55,819 [INFO] Rule:225 - rule Rename Activate_OE Mode is applicable
2025-08-15 18:51:55,819 [INFO] Rule:225 - rule Rename DIE462/DIE415 pin PC14/OSC32_IN -> PC14-OSC32_IN (PC14) is applicable
2025-08-15 18:51:55,820 [INFO] Rule:225 - rule Rename DIE462/DIE415 pin PC15/OSC32_OUT -> PC15-OSC32_OUT (PC15) is applicable
2025-08-15 18:51:55,820 [INFO] Rule:225 - rule Rename DIE462/DIE415 pin PH0/OSC_IN -> PH0-OSC_IN (PH0) is applicable
2025-08-15 18:51:55,820 [INFO] Rule:225 - rule Rename DIE462/DIE415 pin PH1/OSC_OUT -> PH1-OSC_OUT (PH1) is applicable
2025-08-15 18:51:55,820 [INFO] Rule:225 - rule Rename DIE462 pin PA13 -> PA13 (JTMS/SWDIO) is applicable
2025-08-15 18:51:55,820 [INFO] Rule:225 - rule Rename DIE415 pin PA13 -> PA13 (JTMS/SWDIO) is applicable
2025-08-15 18:51:55,820 [INFO] Rule:225 - rule Rename DIE462 pin PA14 -> PA14 (JTCK/SWCLK) is applicable
2025-08-15 18:51:55,820 [INFO] Rule:225 - rule Rename DIE415 pin PA14 -> PA14 (JTCK/SWCLK) is applicable
2025-08-15 18:51:55,820 [INFO] Rule:225 - rule Rename DIE462/DIE415 pin PA15 -> PA15 (JTDI) is applicable
2025-08-15 18:51:55,820 [INFO] Rule:225 - rule Rename DIE462 pin PB3 -> PB3 (JTD0/TRACESWO) is applicable
2025-08-15 18:51:55,820 [INFO] Rule:225 - rule Rename DIE415 pin PB3 -> PB3 (JTD0-TRACESWO) is applicable
2025-08-15 18:51:55,820 [INFO] Rule:225 - rule Rename DIE462/DIE415 pin PB4 -> PB4 (NJTRST) is applicable
2025-08-15 18:51:55,820 [INFO] Rule:225 - rule Rename DIE462 pin PH3/BOOT0 -> PH3-BOOT0 (BOOT0) is applicable
2025-08-15 18:51:55,820 [INFO] Rule:225 - rule Rename CRYP DataEncryptionTypesList to Algorithm is applicable
2025-08-15 18:51:55,820 [INFO] Rule:225 - rule Rename AES DataEncryptionTypesList to Algorithm is applicable
2025-08-15 18:51:55,820 [INFO] Rule:225 - rule Rename TDESECB to CRYP_TDES_ECB is applicable
2025-08-15 18:51:55,820 [INFO] Rule:225 - rule Rename TDESCBC to CRYP_TDES_CBC is applicable
2025-08-15 18:51:55,820 [INFO] Rule:225 - rule Rename DESECB to CRYP_DES_ECB is applicable
2025-08-15 18:51:55,820 [INFO] Rule:225 - rule Rename DESCBC to CRYP_DES_CBC is applicable
2025-08-15 18:51:55,820 [INFO] Rule:225 - rule Rename AESECB to CRYP_AES_ECB is applicable
2025-08-15 18:51:55,820 [INFO] Rule:225 - rule Rename AESCBC to CRYP_AES_CBC is applicable
2025-08-15 18:51:55,820 [INFO] Rule:225 - rule Rename AESCTR to CRYP_AES_CTR is applicable
2025-08-15 18:51:55,820 [INFO] Rule:225 - rule Rename AESGCM to CRYP_AES_GCM is applicable
2025-08-15 18:51:55,820 [INFO] Rule:225 - rule Rename AESCCM to CRYP_AES_CCM is applicable
2025-08-15 18:51:55,820 [INFO] Rule:225 - rule Rename CAN TimeSeg1 to BS1 is applicable
2025-08-15 18:51:55,820 [INFO] Rule:225 - rule Rename CAN TimeSeg2 to BS2 is applicable
2025-08-15 18:51:55,820 [INFO] Rule:225 - rule Rename CAN SyncJumpWidth to SJW is applicable
2025-08-15 18:51:55,820 [INFO] Rule:225 - rule TimeTriggeredMode to TTCM is applicable
2025-08-15 18:51:55,820 [INFO] Rule:225 - rule Rename CAN AutoBusOff to ABOM is applicable
2025-08-15 18:51:55,820 [INFO] Rule:225 - rule Rename CAN AutoWakeUp to AWUM is applicable
2025-08-15 18:51:55,820 [INFO] Rule:225 - rule Rename CAN AutoRetransmission to NART is applicable
2025-08-15 18:51:55,820 [INFO] Rule:225 - rule Rename CAN ReceiveFifoLocked to RFLM is applicable
2025-08-15 18:51:55,820 [INFO] Rule:225 - rule Rename CAN TransmitFifoPriority to TXFP is applicable
2025-08-15 18:51:55,820 [INFO] Rule:225 - rule Rename HRTIMER HRTIM_OUTPUTFAULTLEVEL_HIGH in HRTIMER HRTIM_OUTPUTFAULTLEVEL_HIGHZ is applicable
2025-08-15 18:51:55,820 [INFO] Rule:225 - rule Rename TIMER TIM_CLEARINPUTSOURCE_OCREFCLR in  TIMER TIM_CLEARINPUTSOURCE_NONE for F7 family is applicable
2025-08-15 18:51:55,820 [INFO] Rule:225 - rule FDCAN_R1 - Rename FDCAN mode Master into Classic is applicable
2025-08-15 18:51:55,821 [INFO] Rule:225 - rule FDCAN_R2 - Rename FDCAN mode Slave into Classic is applicable
2025-08-15 18:51:55,821 [INFO] Rule:225 - rule FDCAN1_R3 - if PA10.Mode=FullDuplex, add Pin PA12 is applicable
2025-08-15 18:51:55,821 [INFO] Rule:225 - rule FDCAN1_R3 - if PA9.Mode=FullDuplex, add Pin PA11 is applicable
2025-08-15 18:51:55,821 [INFO] Rule:225 - rule FDCAN1_R3 - Alternatepin_1 - if PE1.Mode=FullDuplex, add Pin PB9 is applicable
2025-08-15 18:51:55,821 [INFO] Rule:225 - rule FDCAN1_R3 - Alternatepin_1 - if PE0.Mode=FullDuplex, add Pin PB8 is applicable
2025-08-15 18:51:55,821 [INFO] Rule:225 - rule FDCAN1_R3 - Alternatepin_2 - if PD5.Mode=FullDuplex, add Pin PD1 is applicable
2025-08-15 18:51:55,821 [INFO] Rule:225 - rule FDCAN1_R3 - Alternatepin_2 - if PD4.Mode=FullDuplex, add Pin PD0 is applicable
2025-08-15 18:51:55,821 [INFO] Rule:225 - rule FDCAN1_R4 - Rename Mode FullDuplex into Enable FDCAN_TXFD for pin PA10 is applicable
2025-08-15 18:51:55,821 [INFO] Rule:225 - rule FDCAN1_R4 - Rename Mode FullDuplex into Enable FDCAN_TXFD for pin PA9 is applicable
2025-08-15 18:51:55,821 [INFO] Rule:225 - rule FDCAN1_R4 - Alternatepin_1 - Rename Mode FullDuplex into Enable FDCAN_TXFD for pin PE1 is applicable
2025-08-15 18:51:55,821 [INFO] Rule:225 - rule FDCAN1_R4 - Alternatepin_1 - Rename Mode FullDuplex into Enable FDCAN_TXFD for pin PE0 is applicable
2025-08-15 18:51:55,821 [INFO] Rule:225 - rule FDCAN1_R4 - Alternatepin_2 - Rename Mode FullDuplex into Enable FDCAN_TXFD for pin PD5 is applicable
2025-08-15 18:51:55,821 [INFO] Rule:225 - rule FDCAN1_R4 - Alternatepin_2 - Rename Mode FullDuplex into Enable FDCAN_TXFD for pin PD4 is applicable
2025-08-15 18:51:55,821 [INFO] Rule:225 - rule FDCAN2_R3 - if PD10.Mode=FullDuplex, add Pin PB13 is applicable
2025-08-15 18:51:55,821 [INFO] Rule:225 - rule FDCAN2_R3 - if PD9.Mode=FullDuplex, add Pin PB12 is applicable
2025-08-15 18:51:55,821 [INFO] Rule:225 - rule FDCAN2_R3 - Alternatepin_1 - if PB7.Mode=FullDuplex, add Pin PB6 is applicable
2025-08-15 18:51:55,821 [INFO] Rule:225 - rule FDCAN2_R3 - Alternatepin_1 - if PD9.Mode=FullDuplex, add Pin PB12 is applicable
2025-08-15 18:51:55,821 [INFO] Rule:225 - rule FDCAN2_R4 - Rename Mode FullDuplex into Enable FDCAN_TXFD for pin PD10 is applicable
2025-08-15 18:51:55,821 [INFO] Rule:225 - rule FDCAN2_R4 - Rename Mode FullDuplex into Enable FDCAN_TXFD for pin PD9 is applicable
2025-08-15 18:51:55,821 [INFO] Rule:225 - rule FDCAN2_R4 - Alternatepin_1 - Rename Mode FullDuplex into Enable FDCAN_TXFD for pin PB7 is applicable
2025-08-15 18:51:55,821 [INFO] Rule:225 - rule FDCAN2_R4 - Alternatepin_1 - Rename Mode FullDuplex into Enable FDCAN_TXFD for pin PD6 is applicable
2025-08-15 18:51:55,821 [INFO] Rule:225 - rule USART TxPinLevelInvertParam Mode is applicable
2025-08-15 18:51:55,821 [INFO] Rule:225 - rule USART RxPinLevelInvertParam Mode is applicable
2025-08-15 18:51:55,821 [INFO] Rule:225 - rule USART DataInvertParam Mode is applicable
2025-08-15 18:51:55,821 [INFO] Rule:225 - rule USART SwapParam Mode is applicable
2025-08-15 18:51:55,821 [INFO] Rule:225 - rule USART OverrunDisableParam Mode is applicable
2025-08-15 18:51:55,821 [INFO] Rule:225 - rule USART DMADisableonRxErrorParam Mode is applicable
2025-08-15 18:51:55,821 [INFO] Rule:225 - rule USART MSBFirstParam Mode is applicable
2025-08-15 18:51:55,821 [INFO] Rule:225 - rule Update MwName for USB_DEVICE is applicable
2025-08-15 18:51:55,821 [INFO] Rule:225 - rule Change PWR_Regulator_Voltage_Scale Default Value for RCC  H7 family is applicable
2025-08-15 18:51:55,821 [INFO] Rule:225 - rule UART/USART IPParameter rename Prescaler parameter to ClockPrescaler is applicable
2025-08-15 18:51:55,821 [INFO] Rule:225 - rule UART/USART Prescaler rename Prescaler parameter to ClockPrescaler is applicable
2025-08-15 18:51:55,821 [INFO] Rule:225 - rule TIM1CLockSelection is applicable
2025-08-15 18:51:55,821 [INFO] Rule:225 - rule TIM15CLockSelection is applicable
2025-08-15 18:51:55,821 [INFO] Rule:225 - rule align RCC SDMMC3CLockSelection default value on MP1 is applicable
2025-08-15 18:51:55,821 [INFO] Rule:225 - rule align RCC SDMMC12CLockSelection default value on MP1 is applicable
2025-08-15 18:51:55,821 [INFO] Rule:225 - rule align RCC QSPICLockSelection default value on MP1 is applicable
2025-08-15 18:51:55,821 [INFO] Rule:225 - rule align RCC QSPICLockSelection default value on MP1 is applicable
2025-08-15 18:51:55,821 [INFO] Rule:225 - rule align RCC SPI6CLockSelection default value on MP1 is applicable
2025-08-15 18:51:55,822 [INFO] Rule:225 - rule align RCC LPTIM23CLockSelection default value on MP1 is applicable
2025-08-15 18:51:55,822 [INFO] Rule:225 - rule align RCC LPTIM1CLockSelection default value on MP1 is applicable
2025-08-15 18:51:55,822 [INFO] Rule:225 - rule align RCC USART1CLockSelection default value on MP1 is applicable
2025-08-15 18:51:55,822 [INFO] Rule:225 - rule align RCC USART24CLockSelection default value on MP1 is applicable
2025-08-15 18:51:55,822 [INFO] Rule:225 - rule align RCC USART6CLockSelection default value on MP1 is applicable
2025-08-15 18:51:55,822 [INFO] Rule:225 - rule align RCC UART78CLockSelection default value on MP1 is applicable
2025-08-15 18:51:55,822 [INFO] Rule:225 - rule align RCC USART35CLockSelection default value on MP1 is applicable
2025-08-15 18:51:55,822 [INFO] Rule:225 - rule align RCC SPI45CLockSelection default value on MP1 is applicable
2025-08-15 18:51:55,822 [INFO] Rule:225 - rule align RCC I2C46CLockSelection BCLK value on MP1 is applicable
2025-08-15 18:51:55,822 [INFO] Rule:225 - rule align RCC SPI45CLockSelection default value on MP1 is applicable
2025-08-15 18:51:55,822 [INFO] Rule:225 - rule align RCC I2C12CLockSelection default value on MP1 is applicable
2025-08-15 18:51:55,822 [INFO] Rule:225 - rule align RCC I2C35CLockSelection default value on MP1 is applicable
2025-08-15 18:51:55,822 [INFO] Rule:225 - rule align RCC LPTIM45CLockSelection default value on MP1 is applicable
2025-08-15 18:51:55,822 [INFO] Rule:225 - rule Rename DCMI PIXCK signal is applicable
2025-08-15 18:51:55,822 [INFO] Rule:225 - rule Change Default Value for I2C46CLockSelection MP1 family is applicable
2025-08-15 18:51:55,822 [INFO] Rule:225 - rule Change Default Value for UART for G4, G0 and WB families is applicable
2025-08-15 18:51:55,822 [INFO] Rule:225 - rule Change Default Value for USART for G4, G0 and WB families is applicable
2025-08-15 18:51:55,822 [INFO] Rule:225 - rule Change Default Value for USART for G4 family is applicable
2025-08-15 18:51:55,822 [INFO] Rule:225 - rule Change USART1CLockSelection refparam name for MP1 is applicable
2025-08-15 18:51:55,822 [INFO] Rule:225 - rule Change USART2CLockSelection refparam name for MP1 is applicable
2025-08-15 18:51:55,822 [INFO] Rule:225 - rule Change USART3CLockSelection refparam name for MP1 is applicable
2025-08-15 18:51:55,822 [INFO] Rule:225 - rule Change UART4CLockSelection refparam name for MP1 is applicable
2025-08-15 18:51:55,822 [INFO] Rule:225 - rule Change UART5CLockSelection refparam name for MP1 is applicable
2025-08-15 18:51:55,822 [INFO] Rule:225 - rule Change LPUART1CLockSelection refparam name for MP1 is applicable
2025-08-15 18:51:55,822 [INFO] Rule:225 - rule Change LPTIM1CLockSelection refparam name for MP1 is applicable
2025-08-15 18:51:55,822 [INFO] Rule:225 - rule Change LPTIM2CLockSelection refparam name for MP1 is applicable
2025-08-15 18:51:55,822 [INFO] Rule:225 - rule Change RCC_MCO1Source refparam name for MP1 is applicable
2025-08-15 18:51:55,822 [INFO] Rule:225 - rule Change LSCOSource1 refparam name for MP1 is applicable
2025-08-15 18:51:55,822 [INFO] Rule:225 - rule Change SMPSCLockSelection refparam name for MP1 is applicable
2025-08-15 18:51:55,822 [INFO] Rule:225 - rule Change LPTIM3CLockSelection refparam name for MP1 is applicable
2025-08-15 18:51:55,822 [INFO] Rule:225 - rule Change MPCBB* Default Template Mode to Parameters is applicable
2025-08-15 18:51:55,822 [INFO] Rule:225 - rule Change MPCWM* or MPCBB* Secure Mode to Parameters is applicable
2025-08-15 18:51:55,822 [INFO] Rule:225 - rule Change MPCWM* or MPCBB* No Secure Mode to Parameters is applicable
2025-08-15 18:51:55,822 [INFO] Rule:225 - rule Change TZSC IP Secure Mode to Parameters is applicable
2025-08-15 18:51:55,822 [INFO] Rule:225 - rule Change TZSC IP No Secure Mode to Parameters is applicable
2025-08-15 18:51:55,822 [INFO] Rule:225 - rule Change TZSC IP Privilege Mode to Parameters is applicable
2025-08-15 18:51:55,823 [INFO] Rule:225 - rule Change TZSC IP No Privilege Mode to Parameters is applicable
2025-08-15 18:51:55,823 [INFO] Rule:225 - rule Change TZIC IT Secure Mode to Parameters is applicable
2025-08-15 18:51:55,823 [INFO] Rule:225 - rule Change TZIC IT No Secure Mode to Parameters is applicable
2025-08-15 18:51:55,823 [INFO] Rule:225 - rule Add MPCBB1_NonSecureArea_Start_Address value with referenced to MPCBB1_NonSecureArea_Start value is applicable
2025-08-15 18:51:55,823 [INFO] Rule:225 - rule Add MPCBB2_NonSecureArea_Start_Address value with referenced to MPCBB2_NonSecureArea_Start value is applicable
2025-08-15 18:51:55,823 [INFO] Rule:225 - rule Add MPCWM1_NonSecureArea*_Start_Address value with referenced to MPCWM1_NonSecureArea*_Start value is applicable
2025-08-15 18:51:55,823 [INFO] Rule:225 - rule Add MPCWM2_NonSecureArea*_Start_Address value with referenced to MPCWM2_NonSecureArea*_Start value is applicable
2025-08-15 18:51:55,823 [INFO] Rule:225 - rule Add MPCWM3_NonSecureArea_Start_Address value with referenced to MPCWM3_NonSecureArea_Start value is applicable
2025-08-15 18:51:55,823 [INFO] Rule:225 - rule Change Default Value for PLL1UserDefinedConfig is applicable
2025-08-15 18:51:55,823 [INFO] Rule:225 - rule Change GPIO_PuPd Default Value for USART in async mode is applicable
2025-08-15 18:51:55,823 [INFO] Rule:225 - rule Change SMPSDivider Default Value is applicable
2025-08-15 18:51:55,823 [INFO] Rule:225 - rule OPAMP is applicable
2025-08-15 18:51:55,823 [INFO] Rule:225 - rule LPUART IPParameter rename Prescaler parameter to ClockPrescaler for STM32H7 is applicable
2025-08-15 18:51:55,823 [INFO] Rule:225 - rule LPUART IPParameter rename Prescaler parameter to ClockPrescaler for STM32H7 is applicable
2025-08-15 18:51:55,823 [INFO] Rule:225 - rule LPUART IPParameter rename Prescaler parameter to ClockPrescaler for STM32WB is applicable
2025-08-15 18:51:55,823 [INFO] Rule:225 - rule LPUART IPParameter rename Prescaler parameter to ClockPrescaler for STM32WB is applicable
2025-08-15 18:51:55,823 [INFO] Rule:225 - rule LPUART IPParameter rename Prescaler parameter to ClockPrescaler for STM32G4 is applicable
2025-08-15 18:51:55,823 [INFO] Rule:225 - rule LPUART IPParameter rename Prescaler parameter to ClockPrescaler for STM32G4 is applicable
2025-08-15 18:51:55,823 [INFO] Rule:225 - rule LPUART IPParameter rename Prescaler parameter to ClockPrescaler for STM32L5 is applicable
2025-08-15 18:51:55,823 [INFO] Rule:225 - rule LPUART IPParameter rename Prescaler parameter to ClockPrescaler for STM32L5 is applicable
2025-08-15 18:51:55,823 [INFO] Rule:225 - rule LPUART IPParameter rename Prescaler parameter to ClockPrescaler for STM32G4 is applicable
2025-08-15 18:51:55,823 [INFO] Rule:225 - rule LPUART IPParameter rename Prescaler parameter to ClockPrescaler for STM32G4 is applicable
2025-08-15 18:51:55,823 [INFO] Rule:225 - rule USB device lib V2.5.3 for L0 rename USBD_SUPPORT_USER_STRING parameter to USBD_SUPPORT_USER_STRING_DESC4 is applicable
2025-08-15 18:51:55,823 [INFO] Rule:225 - rule I2SCLockSelection clock entry align is applicable
2025-08-15 18:51:55,823 [INFO] Rule:225 - rule Assign TIMx context if used as SYS timebase is applicable
2025-08-15 18:51:55,823 [INFO] Rule:225 - rule Change GPIO_Pu Default Value for I2C is applicable
2025-08-15 18:51:55,823 [INFO] Rule:225 - rule Change GPIO_Pu Default Value for SMBus is applicable
2025-08-15 18:51:55,823 [INFO] Rule:225 - rule change FDCAN default value is applicable
2025-08-15 18:51:55,823 [INFO] Rule:225 - rule Change mode sai is applicable
2025-08-15 18:51:55,823 [INFO] Rule:225 - rule **Change sai mode is applicable
2025-08-15 18:51:55,835 [INFO] DbConfProperties:305 - Apply Compatibility (49/248 Rules)
2025-08-15 18:51:55,846 [INFO] ImportTextPane:193 - (OptionalMessage_ERROR) Unable to find key (Mcu.ThirdPartyNb) in loaded IOC file
2025-08-15 18:51:55,988 [INFO] RtosManager:489 - Registered RTOS mode: class=CMSIS, group=RTOS, mode=CMSIS_V1, owner=FREERTOS
2025-08-15 18:51:55,988 [INFO] RtosManager:489 - Registered RTOS mode: class=CMSIS, group=RTOS2, mode=CMSIS_V2, owner=FREERTOS
2025-08-15 18:51:55,988 [INFO] RtosManager:489 - Registered RTOS mode: class=RTOS, group=Core, mode=CMSIS_V1, owner=FREERTOS
2025-08-15 18:51:55,988 [INFO] RtosManager:489 - Registered RTOS mode: class=RTOS, group=Core, mode=CMSIS_V2, owner=FREERTOS
2025-08-15 18:51:55,988 [WARN] ModelIntegratedComponent:185 - Missing modes for component STMicroelectronics:FreeRTOS:0.0.1:STMicroelectronics:RTOS:FreeRTOS:Core:::10.2.0:
2025-08-15 18:51:55,991 [WARN] ModelIntegratedComponent:64 - No mode defined for component null
2025-08-15 18:51:55,991 [WARN] ModelIntegratedComponent:64 - No mode defined for component null
2025-08-15 18:51:55,991 [WARN] ModelIntegratedComponent:64 - No mode defined for component null
2025-08-15 18:51:55,991 [WARN] ModelIntegratedComponent:64 - No mode defined for component null
2025-08-15 18:51:55,991 [WARN] ModelIntegratedComponent:64 - No mode defined for component null
2025-08-15 18:51:55,992 [WARN] ModelIntegratedComponent:64 - No mode defined for component null
2025-08-15 18:51:55,992 [WARN] ModelIntegratedComponent:64 - No mode defined for component null
2025-08-15 18:51:55,992 [WARN] ModelIntegratedComponent:64 - No mode defined for component null
2025-08-15 18:51:55,992 [WARN] ModelIntegratedComponent:64 - No mode defined for component null
2025-08-15 18:51:55,992 [WARN] ModelIntegratedComponent:64 - No mode defined for component null
2025-08-15 18:51:55,992 [WARN] ModelIntegratedComponent:64 - No mode defined for component null
2025-08-15 18:51:55,992 [WARN] ModelIntegratedComponent:64 - No mode defined for component null
2025-08-15 18:51:55,992 [WARN] ModelIntegratedComponent:64 - No mode defined for component null
2025-08-15 18:51:55,992 [WARN] ModelIntegratedComponent:64 - No mode defined for component null
2025-08-15 18:51:55,992 [WARN] ModelIntegratedComponent:64 - No mode defined for component null
2025-08-15 18:51:55,992 [WARN] ModelIntegratedComponent:64 - No mode defined for component null
2025-08-15 18:51:55,992 [WARN] ModelIntegratedComponent:64 - No mode defined for component null
2025-08-15 18:51:55,992 [WARN] ModelIntegratedComponent:64 - No mode defined for component null
2025-08-15 18:51:55,992 [WARN] ModelIntegratedComponent:64 - No mode defined for component null
2025-08-15 18:51:55,992 [WARN] ModelIntegratedComponent:64 - No mode defined for component null
2025-08-15 18:51:55,992 [WARN] ModelIntegratedComponent:64 - No mode defined for component null
2025-08-15 18:51:55,992 [WARN] ModelIntegratedComponent:64 - No mode defined for component null
2025-08-15 18:51:55,992 [WARN] ModelIntegratedComponent:64 - No mode defined for component null
2025-08-15 18:51:55,992 [WARN] ModelIntegratedComponent:64 - No mode defined for component null
2025-08-15 18:51:55,992 [WARN] ModelIntegratedComponent:64 - No mode defined for component null
2025-08-15 18:51:55,992 [WARN] ModelIntegratedComponent:64 - No mode defined for component null
2025-08-15 18:51:55,992 [WARN] ModelIntegratedComponent:64 - No mode defined for component null
2025-08-15 18:51:55,992 [WARN] ModelIntegratedComponent:64 - No mode defined for component null
2025-08-15 18:51:55,992 [WARN] ModelIntegratedComponent:64 - No mode defined for component null
2025-08-15 18:51:55,993 [WARN] ModelIntegratedComponent:64 - No mode defined for component null
2025-08-15 18:51:55,993 [WARN] ModelIntegratedComponent:64 - No mode defined for component null
2025-08-15 18:51:55,993 [WARN] ModelIntegratedComponent:64 - No mode defined for component null
2025-08-15 18:51:55,993 [WARN] ModelIntegratedComponent:64 - No mode defined for component null
2025-08-15 18:51:56,654 [INFO] ThirdPartyModel:294 - Start build external matchings
2025-08-15 18:51:59,627 [INFO] ThirdPartyModel:310 - End build external matchings
2025-08-15 18:51:59,653 [INFO] ImportTextPane:193 - (OptionalMessage_ERROR) IP (RCC) : Invalid parameter (48MHZClocksFreq_Value)
2025-08-15 18:51:59,653 [INFO] ImportTextPane:193 - (OptionalMessage_ERROR) IP (RCC) : Invalid parameter (EthernetFreq_Value)
2025-08-15 18:51:59,654 [INFO] ImportTextPane:193 - (OptionalMessage_ERROR) IP (RCC) : Parameter (FLatency) has Id (AdvancedSettings) currently not set
2025-08-15 18:51:59,654 [INFO] ImportTextPane:193 - (OptionalMessage_ERROR) IP (RCC) : Invalid parameter (FamilyName)
2025-08-15 18:51:59,654 [INFO] ImportTextPane:193 - (OptionalMessage_ERROR) IP (RCC) : Invalid parameter (I2SClocksFreq_Value)
2025-08-15 18:51:59,655 [INFO] ImportTextPane:193 - (OptionalMessage_ERROR) IP (RCC) : Parameter (SDIOFreq_Value) has invalid value (168000000)
2025-08-15 18:51:59,655 [INFO] ImportTextPane:193 - (OptionalMessage_ERROR) IP (RCC) : Parameter (USBFreq_Value) has invalid value (168000000)
2025-08-15 18:51:59,655 [INFO] ImportTextPane:193 - (OptionalMessage_ERROR) IP (RCC) : Invalid parameter (VCOInputMFreq_Value)
2025-08-15 18:51:59,655 [INFO] ImportTextPane:193 - (OptionalMessage_ERROR) IP (RCC) : Invalid parameter (VcooutputI2S)
2025-08-15 18:51:59,832 [INFO] UtilMem:74 - End LoadConfig() Used Memory: 910526592 Bytes (1073741824)
2025-08-15 18:52:00,031 [WARN] ThirdParty:807 - waiting for thirdparty lock release [change project]
2025-08-15 18:52:00,031 [INFO] ThirdParty:809 - entering critical section [change project]
2025-08-15 18:52:00,031 [INFO] ThirdParty:999 - CMSIS Pack Vendor :STMicroelectronics X-CUBE-PM33A1 1.0.0
2025-08-15 18:52:00,031 [INFO] ThirdParty:999 - CMSIS Pack Vendor :STMicroelectronics X-CUBE-GNSS1 6.0.0
2025-08-15 18:52:00,031 [INFO] ThirdParty:999 - CMSIS Pack Vendor :STMicroelectronics USB_HOST 2.0.0
2025-08-15 18:52:00,031 [INFO] ThirdParty:999 - CMSIS Pack Vendor :STMicroelectronics FP-SNS-MOTENVWB1 1.4.0
2025-08-15 18:52:00,032 [INFO] ThirdParty:999 - CMSIS Pack Vendor :STMicroelectronics X-CUBE-AZRTOS-F4 1.1.0
2025-08-15 18:52:00,032 [INFO] ThirdParty:999 - CMSIS Pack Vendor :STMicroelectronics LIBJPEG 8.0.0
2025-08-15 18:52:00,032 [INFO] ThirdParty:999 - CMSIS Pack Vendor :STMicroelectronics FP-ATR-ASTRA1 2.0.2
2025-08-15 18:52:00,032 [INFO] ThirdParty:999 - CMSIS Pack Vendor :STMicroelectronics X-CUBE-SMBUS 2.1.0
2025-08-15 18:52:00,032 [INFO] ThirdParty:999 - CMSIS Pack Vendor :STMicroelectronics X-CUBE-ISPU 2.1.0
2025-08-15 18:52:00,032 [INFO] ThirdParty:999 - CMSIS Pack Vendor :STMicroelectronics X-CUBE-FREERTOS 1.2.0
2025-08-15 18:52:00,032 [INFO] ThirdParty:999 - CMSIS Pack Vendor :wolfSSL I-CUBE-wolfSSL 5.6.6
2025-08-15 18:52:00,032 [INFO] ThirdParty:999 - CMSIS Pack Vendor :STMicroelectronics X-CUBE-TOUCHGFX 4.23.0
2025-08-15 18:52:00,032 [INFO] ThirdParty:999 - CMSIS Pack Vendor :STMicroelectronics X-CUBE-NFC12 1.0.0
2025-08-15 18:52:00,032 [INFO] ThirdParty:999 - CMSIS Pack Vendor :STMicroelectronics X-CUBE-TOUCHGFX 4.23.2
2025-08-15 18:52:00,032 [INFO] ThirdParty:999 - CMSIS Pack Vendor :STMicroelectronics X-CUBE-AZRTOS-F7 1.1.0
2025-08-15 18:52:00,032 [INFO] ThirdParty:999 - CMSIS Pack Vendor :STMicroelectronics X-CUBE-AZRTOS-L5 2.0.0
2025-08-15 18:52:00,032 [INFO] ThirdParty:999 - CMSIS Pack Vendor :STMicroelectronics USB_DEVICE 2.0.0
2025-08-15 18:52:00,032 [INFO] ThirdParty:999 - CMSIS Pack Vendor :STMicroelectronics X-CUBE-NFC6 3.1.0
2025-08-15 18:52:00,032 [INFO] ThirdParty:999 - CMSIS Pack Vendor :ITTIA_DB I-CUBE-ITTIADB 8.8.0
2025-08-15 18:52:00,032 [INFO] ThirdParty:999 - CMSIS Pack Vendor :STMicroelectronics FP-SNS-MOTENV1 4.3.2
2025-08-15 18:52:00,032 [INFO] ThirdParty:999 - CMSIS Pack Vendor :STMicroelectronics X-CUBE-MEMS1 11.0.0
2025-08-15 18:52:00,032 [INFO] ThirdParty:999 - CMSIS Pack Vendor :STMicroelectronics FreeRTOS 0.0.1
2025-08-15 18:52:00,032 [INFO] ThirdParty:999 - CMSIS Pack Vendor :STMicroelectronics X-CUBE-BLEMGR 2.0.0
2025-08-15 18:52:00,032 [INFO] ThirdParty:999 - CMSIS Pack Vendor :STMicroelectronics FP-SNS-FLIGHT1 5.0.2
2025-08-15 18:52:00,032 [INFO] ThirdParty:999 - CMSIS Pack Vendor :STMicroelectronics X-CUBE-AI 9.0.0
2025-08-15 18:52:00,032 [INFO] ThirdParty:999 - CMSIS Pack Vendor :STMicroelectronics PDM2PCM 3.3.0
2025-08-15 18:52:00,032 [INFO] ThirdParty:999 - CMSIS Pack Vendor :STMicroelectronics X-CUBE-AZRTOS-H7 3.4.0
2025-08-15 18:52:00,032 [INFO] ThirdParty:999 - CMSIS Pack Vendor :STMicroelectronics X-CUBE-BLE1 7.0.0
2025-08-15 18:52:00,033 [INFO] ThirdParty:999 - CMSIS Pack Vendor :STMicroelectronics X-CUBE-NFC10 1.0.0
2025-08-15 18:52:00,033 [INFO] ThirdParty:999 - CMSIS Pack Vendor :STMicroelectronics X-CUBE-FREERTOS 1.3.1
2025-08-15 18:52:00,033 [INFO] ThirdParty:999 - CMSIS Pack Vendor :STMicroelectronics HAL Drivers 0.0.0
2025-08-15 18:52:00,033 [INFO] ThirdParty:999 - CMSIS Pack Vendor :emotas I-CUBE-CANOPEN 1.3.0
2025-08-15 18:52:00,033 [INFO] ThirdParty:999 - CMSIS Pack Vendor :STMicroelectronics X-CUBE-NFC7 1.0.1
2025-08-15 18:52:00,033 [INFO] ThirdParty:999 - CMSIS Pack Vendor :STMicroelectronics MBEDTLS 2.14.1
2025-08-15 18:52:00,033 [INFO] ThirdParty:999 - CMSIS Pack Vendor :wolfSSL I-CUBE-wolfTPM 3.2.0
2025-08-15 18:52:00,033 [INFO] ThirdParty:999 - CMSIS Pack Vendor :STMicroelectronics X-CUBE-NFC6 3.0.0
2025-08-15 18:52:00,033 [INFO] ThirdParty:999 - CMSIS Pack Vendor :STMicroelectronics X-CUBE-EEPRMA1 4.1.0
2025-08-15 18:52:00,033 [INFO] ThirdParty:999 - CMSIS Pack Vendor :STMicroelectronics X-CUBE-BLEMGR 3.1.0
2025-08-15 18:52:00,033 [INFO] ThirdParty:999 - CMSIS Pack Vendor :STMicroelectronics X-CUBE-AZRTOS-WL 2.0.0
2025-08-15 18:52:00,033 [INFO] ThirdParty:999 - CMSIS Pack Vendor :STMicroelectronics FP-SNS-MOTENV1 5.0.0
2025-08-15 18:52:00,033 [INFO] ThirdParty:999 - CMSIS Pack Vendor :STMicroelectronics USB_DEVICE 1.0.0
2025-08-15 18:52:00,033 [INFO] ThirdParty:999 - CMSIS Pack Vendor :STMicroelectronics X-CUBE-AI 8.1.0
2025-08-15 18:52:00,033 [INFO] ThirdParty:999 - CMSIS Pack Vendor :wolfSSL I-CUBE-wolfMQTT 1.19.0
2025-08-15 18:52:00,033 [INFO] ThirdParty:999 - CMSIS Pack Vendor :STMicroelectronics X-CUBE-AZRTOS-L4 2.0.0
2025-08-15 18:52:00,033 [INFO] ThirdParty:999 - CMSIS Pack Vendor :STMicroelectronics ThreadX 0.0.2
2025-08-15 18:52:00,033 [INFO] ThirdParty:999 - CMSIS Pack Vendor :WES I-CUBE-Cesium 1.3.0
2025-08-15 18:52:00,033 [INFO] ThirdParty:999 - CMSIS Pack Vendor :STMicroelectronics lwIP 2.1.2
2025-08-15 18:52:00,033 [INFO] ThirdParty:999 - CMSIS Pack Vendor :STMicroelectronics X-CUBE-SFXS2LP1 4.0.0
2025-08-15 18:52:00,033 [INFO] ThirdParty:999 - CMSIS Pack Vendor :STMicroelectronics X-CUBE-BLE2 3.3.0
2025-08-15 18:52:00,033 [INFO] ThirdParty:999 - CMSIS Pack Vendor :STMicroelectronics PDM2PCM 3.2.0
2025-08-15 18:52:00,033 [INFO] ThirdParty:999 - CMSIS Pack Vendor :STMicroelectronics X-CUBE-AZRTOS-H7 3.3.0
2025-08-15 18:52:00,034 [INFO] ThirdParty:999 - CMSIS Pack Vendor :STMicroelectronics X-CUBE-NFC9 1.0.0
2025-08-15 18:52:00,034 [INFO] ThirdParty:999 - CMSIS Pack Vendor :STMicroelectronics X-CUBE-BLE1 7.1.0
2025-08-15 18:52:00,034 [INFO] ThirdParty:999 - CMSIS Pack Vendor :STMicroelectronics USB_DEVICE 3.0.0
2025-08-15 18:52:00,034 [INFO] ThirdParty:999 - CMSIS Pack Vendor :STMicroelectronics X-CUBE-TCPP 4.1.0
2025-08-15 18:52:00,034 [INFO] ThirdParty:999 - CMSIS Pack Vendor :STMicroelectronics X-CUBE-EEPRMA1 5.2.0
2025-08-15 18:52:00,034 [INFO] ThirdParty:999 - CMSIS Pack Vendor :STMicroelectronics X-CUBE-AZRTOS-WB 2.0.0
2025-08-15 18:52:00,034 [INFO] ThirdParty:999 - CMSIS Pack Vendor :STMicroelectronics X-CUBE-GNSS1 7.0.1
2025-08-15 18:52:00,034 [INFO] ThirdParty:999 - CMSIS Pack Vendor :STMicroelectronics X-CUBE-TOUCHGFX 4.25.0
2025-08-15 18:52:00,034 [INFO] ThirdParty:999 - CMSIS Pack Vendor :STMicroelectronics X-CUBE-AI 10.1.0
2025-08-15 18:52:00,034 [INFO] ThirdParty:999 - CMSIS Pack Vendor :STMicroelectronics X-CUBE-ALGOBUILD 1.3.0
2025-08-15 18:52:00,034 [INFO] ThirdParty:999 - CMSIS Pack Vendor :STMicroelectronics X-CUBE-MEMS1 11.2.0
2025-08-15 18:52:00,034 [INFO] ThirdParty:999 - CMSIS Pack Vendor :STMicroelectronics X-CUBE-AZRTOS-G0 1.1.0
2025-08-15 18:52:00,034 [INFO] ThirdParty:999 - CMSIS Pack Vendor :STMicroelectronics X-CUBE-SAFEA1 1.2.2
2025-08-15 18:52:00,034 [INFO] ThirdParty:999 - CMSIS Pack Vendor :STMicroelectronics X-CUBE-NFC4 3.0.0
2025-08-15 18:52:00,034 [INFO] ThirdParty:999 - CMSIS Pack Vendor :STMicroelectronics X-CUBE-SUBG2 5.0.0
2025-08-15 18:52:00,034 [INFO] ThirdParty:999 - CMSIS Pack Vendor :STMicroelectronics X-CUBE-AZRTOS-H7RS 1.1.0
2025-08-15 18:52:00,034 [INFO] ThirdParty:999 - CMSIS Pack Vendor :STMicroelectronics STM32_WPAN 1.0.0
2025-08-15 18:52:00,034 [INFO] ThirdParty:999 - CMSIS Pack Vendor :STMicroelectronics lwIP 2.0.3
2025-08-15 18:52:00,034 [INFO] ThirdParty:999 - CMSIS Pack Vendor :STMicroelectronics USB_HOST 1.0.0
2025-08-15 18:52:00,034 [INFO] ThirdParty:999 - CMSIS Pack Vendor :STMicroelectronics X-CUBE-AZRTOS-G4 2.0.0
2025-08-15 18:52:00,034 [INFO] ThirdParty:999 - CMSIS Pack Vendor :STMicroelectronics X-CUBE-WB05N 2.0.0
2025-08-15 18:52:00,034 [INFO] ThirdParty:999 - CMSIS Pack Vendor :STMicroelectronics PDM2PCM 3.1.0
2025-08-15 18:52:00,034 [INFO] ThirdParty:999 - CMSIS Pack Vendor :Infineon AIROC-Wi-Fi-Bluetooth-STM32 1.5.1
2025-08-15 18:52:00,035 [INFO] ThirdParty:999 - CMSIS Pack Vendor :STMicroelectronics X-CUBE-BLEMGR 3.0.0
2025-08-15 18:52:00,035 [INFO] ThirdParty:999 - CMSIS Pack Vendor :STMicroelectronics X-CUBE-NFC7 2.0.0
2025-08-15 18:52:00,035 [INFO] ThirdParty:999 - CMSIS Pack Vendor :STMicroelectronics FP-SNS-MOTENVWB1 1.3.1
2025-08-15 18:52:00,035 [INFO] ThirdParty:999 - CMSIS Pack Vendor :STMicroelectronics FP-ATR-SIGFOX1 3.2.0
2025-08-15 18:52:00,035 [INFO] ThirdParty:999 - CMSIS Pack Vendor :STMicroelectronics X-CUBE-ISPU 2.0.0
2025-08-15 18:52:00,035 [INFO] ThirdParty:999 - CMSIS Pack Vendor :STMicroelectronics X-CUBE-EEPRMA1 5.1.0
2025-08-15 18:52:00,035 [INFO] ThirdParty:999 - CMSIS Pack Vendor :STMicroelectronics MBEDTLS 2.16.2
2025-08-15 18:52:00,035 [INFO] ThirdParty:999 - CMSIS Pack Vendor :STMicroelectronics X-CUBE-ALS 1.0.2
2025-08-15 18:52:00,035 [INFO] ThirdParty:999 - CMSIS Pack Vendor :STMicroelectronics X-CUBE-MEMS1 10.0.0
2025-08-15 18:52:00,035 [INFO] ThirdParty:999 - CMSIS Pack Vendor :STMicroelectronics X-CUBE-FREERTOS 1.1.0
2025-08-15 18:52:00,035 [INFO] ThirdParty:999 - CMSIS Pack Vendor :STMicroelectronics X-CUBE-TOUCHGFX 4.24.0
2025-08-15 18:52:00,035 [INFO] ThirdParty:999 - CMSIS Pack Vendor :portGmbH I-Cube-SoM-uGOAL 1.1.0
2025-08-15 18:52:00,035 [INFO] ThirdParty:999 - CMSIS Pack Vendor :STMicroelectronics X-CUBE-ALS 1.0.1
2025-08-15 18:52:00,035 [INFO] ThirdParty:999 - CMSIS Pack Vendor :STMicroelectronics X-CUBE-AI 10.2.0
2025-08-15 18:52:00,035 [INFO] ThirdParty:999 - CMSIS Pack Vendor :STMicroelectronics ThreadX 1.0.0
2025-08-15 18:52:00,035 [INFO] ThirdParty:999 - CMSIS Pack Vendor :SEGGER I-CUBE-embOS 1.3.1
2025-08-15 18:52:00,035 [INFO] ThirdParty:999 - CMSIS Pack Vendor :STMicroelectronics X-CUBE-ALGOBUILD 1.4.0
2025-08-15 18:52:00,035 [INFO] ThirdParty:999 - CMSIS Pack Vendor :STMicroelectronics X-CUBE-MEMS1 11.3.0
2025-08-15 18:52:00,035 [INFO] ThirdParty:999 - CMSIS Pack Vendor :STMicroelectronics X-CUBE-AZRTOS-H7RS 1.0.0
2025-08-15 18:52:00,035 [INFO] ThirdParty:999 - CMSIS Pack Vendor :STMicroelectronics FP-ATR-ASTRA1 2.0.0
2025-08-15 18:52:00,035 [INFO] ThirdParty:999 - CMSIS Pack Vendor :STMicroelectronics X-CUBE-TOF1 3.4.0
2025-08-15 18:52:00,035 [INFO] ThirdParty:999 - CMSIS Pack Vendor :STMicroelectronics X-CUBE-TOF1 3.4.1
2025-08-15 18:52:00,035 [INFO] ThirdParty:999 - CMSIS Pack Vendor :STMicroelectronics X-CUBE-AZRTOS-H7 3.2.0
2025-08-15 18:52:00,035 [INFO] ThirdParty:999 - CMSIS Pack Vendor :wolfSSL I-CUBE-wolfSSH 1.4.17
2025-08-15 18:52:00,036 [INFO] ThirdParty:815 - exiting critical section [change project]
2025-08-15 18:52:00,234 [INFO] PinOutPanel:1477 - setPackage(No Configuration,No Configuration)
2025-08-15 18:52:00,235 [INFO] PinOutPanel:1477 - setPackage(STM32F446RETx,LQFP64)
2025-08-15 18:52:00,546 [INFO] UtilMem:74 - Before build in PCC Used Memory: 925422192 Bytes (1073741824)
2025-08-15 18:52:00,785 [INFO] UtilMem:74 - After build in PCC Used Memory: 920255040 Bytes (1073741824)
2025-08-15 18:52:00,810 [INFO] IPUIPlugin:79 - create IPUIPlugin
2025-08-15 18:52:00,810 [INFO] IPUIPlugin:79 - create IPUIPlugin
2025-08-15 18:52:00,810 [INFO] IPUIPlugin:79 - create IPUIPlugin
2025-08-15 18:52:00,810 [INFO] IPUIPlugin:79 - create IPUIPlugin
2025-08-15 18:52:00,811 [INFO] IPUIPlugin:79 - create IPUIPlugin
2025-08-15 18:52:00,811 [INFO] IPUIPlugin:79 - create IPUIPlugin
2025-08-15 18:52:00,811 [INFO] IPUIPlugin:79 - create IPUIPlugin
2025-08-15 18:52:00,812 [INFO] IPUIPlugin:79 - create IPUIPlugin
2025-08-15 18:52:00,812 [INFO] IPUIPlugin:79 - create IPUIPlugin
2025-08-15 18:52:00,812 [INFO] IPUIPlugin:79 - create IPUIPlugin
2025-08-15 18:52:00,812 [INFO] IPUIPlugin:79 - create IPUIPlugin
2025-08-15 18:52:00,812 [INFO] IPUIPlugin:79 - create IPUIPlugin
2025-08-15 18:52:00,812 [INFO] IPUIPlugin:79 - create IPUIPlugin
2025-08-15 18:52:00,813 [INFO] IPUIPlugin:79 - create IPUIPlugin
2025-08-15 18:52:00,813 [INFO] IPUIPlugin:79 - create IPUIPlugin
2025-08-15 18:52:00,813 [INFO] IPUIPlugin:79 - create IPUIPlugin
2025-08-15 18:52:00,813 [INFO] IPUIPlugin:79 - create IPUIPlugin
2025-08-15 18:52:00,813 [INFO] IPUIPlugin:79 - create IPUIPlugin
2025-08-15 18:52:00,814 [INFO] IPUIPlugin:79 - create IPUIPlugin
2025-08-15 18:52:00,814 [INFO] IPUIPlugin:79 - create IPUIPlugin
2025-08-15 18:52:00,814 [INFO] IPUIPlugin:79 - create IPUIPlugin
2025-08-15 18:52:00,814 [INFO] IPUIPlugin:79 - create IPUIPlugin
2025-08-15 18:52:00,815 [INFO] IPUIPlugin:79 - create IPUIPlugin
2025-08-15 18:52:00,815 [INFO] IPUIPlugin:79 - create IPUIPlugin
2025-08-15 18:52:00,815 [INFO] IPUIPlugin:79 - create IPUIPlugin
2025-08-15 18:52:00,815 [INFO] IPUIPlugin:79 - create IPUIPlugin
2025-08-15 18:52:00,816 [INFO] IPUIPlugin:79 - create IPUIPlugin
2025-08-15 18:52:00,816 [INFO] IPUIPlugin:79 - create IPUIPlugin
2025-08-15 18:52:00,816 [INFO] IPUIPlugin:79 - create IPUIPlugin
2025-08-15 18:52:00,816 [INFO] IPUIPlugin:79 - create IPUIPlugin
2025-08-15 18:52:00,817 [INFO] IPUIPlugin:79 - create IPUIPlugin
2025-08-15 18:52:00,817 [INFO] IPUIPlugin:79 - create IPUIPlugin
2025-08-15 18:52:00,817 [INFO] IPUIPlugin:79 - create IPUIPlugin
2025-08-15 18:52:00,818 [INFO] IPUIPlugin:79 - create IPUIPlugin
2025-08-15 18:52:00,818 [INFO] IPUIPlugin:79 - create IPUIPlugin
2025-08-15 18:52:00,818 [INFO] IPUIPlugin:79 - create IPUIPlugin
2025-08-15 18:52:00,819 [INFO] IPUIPlugin:79 - create IPUIPlugin
2025-08-15 18:52:00,819 [INFO] IPUIPlugin:79 - create IPUIPlugin
2025-08-15 18:52:00,819 [INFO] IPUIPlugin:79 - create IPUIPlugin
2025-08-15 18:52:00,819 [INFO] IPUIPlugin:79 - create IPUIPlugin
2025-08-15 18:52:00,819 [INFO] IPUIPlugin:79 - create IPUIPlugin
2025-08-15 18:52:00,819 [INFO] IPUIPlugin:79 - create IPUIPlugin
2025-08-15 18:52:00,820 [INFO] IPUIPlugin:79 - create IPUIPlugin
2025-08-15 18:52:00,820 [INFO] IPUIPlugin:79 - create IPUIPlugin
2025-08-15 18:52:00,820 [INFO] IPUIPlugin:79 - create IPUIPlugin
2025-08-15 18:52:00,820 [INFO] IPUIPlugin:79 - create IPUIPlugin
2025-08-15 18:52:00,820 [INFO] IPUIPlugin:79 - create IPUIPlugin
2025-08-15 18:52:00,821 [INFO] IPUIPlugin:79 - create IPUIPlugin
2025-08-15 18:52:00,821 [INFO] IPUIPlugin:79 - create IPUIPlugin
2025-08-15 18:52:00,821 [INFO] IPUIPlugin:79 - create IPUIPlugin
2025-08-15 18:52:00,821 [INFO] IPUIPlugin:79 - create IPUIPlugin
2025-08-15 18:52:00,822 [INFO] IPUIPlugin:79 - create IPUIPlugin
2025-08-15 18:52:00,822 [INFO] IPUIPlugin:79 - create IPUIPlugin
2025-08-15 18:52:00,822 [INFO] IPUIPlugin:79 - create IPUIPlugin
2025-08-15 18:52:00,823 [INFO] IPUIPlugin:79 - create IPUIPlugin
2025-08-15 18:52:00,823 [INFO] IPUIPlugin:79 - create IPUIPlugin
2025-08-15 18:52:00,824 [INFO] IPUIPlugin:79 - create IPUIPlugin
2025-08-15 18:52:00,824 [INFO] IPUIPlugin:79 - create IPUIPlugin
2025-08-15 18:52:00,825 [INFO] IPUIPlugin:79 - create IPUIPlugin
2025-08-15 18:52:00,826 [INFO] IPUIPlugin:79 - create IPUIPlugin
2025-08-15 18:52:00,829 [INFO] ApiDbMcu:505 - Load IP Config File for PDM2PCM
2025-08-15 18:52:00,916 [INFO] CADModel:164 - CPN selected for project levelSTM32F446RET6
2025-08-15 18:52:00,916 [INFO] CADModel:113 - Register for checkConnection events
2025-08-15 18:52:00,955 [INFO] OpenFileManager:327 - Restore cursor
2025-08-15 18:52:01,452 [INFO] UtilMem:74 - End SaveConfig() Used Memory: 911608592 Bytes (1073741824)
2025-08-15 18:52:01,503 [INFO] UtilMem:74 - End SaveConfig() Used Memory: 934168768 Bytes (1073741824)
2025-08-15 18:52:01,740 [INFO] BlockDiagram:2759 - set Specific Code input for plugin: SYS
2025-08-15 18:52:01,740 [INFO] BlockDiagram:2759 - set Specific Code input for plugin: RCC
2025-08-15 18:52:01,740 [INFO] BlockDiagram:2759 - set Specific Code input for plugin: NVIC
2025-08-15 18:52:01,740 [INFO] BlockDiagram:2759 - set Specific Code input for plugin: USART
2025-08-15 18:52:01,740 [INFO] BlockDiagram:2759 - set Specific Code input for plugin: GPIO
2025-08-15 18:52:01,741 [INFO] CodeGenerator:692 - code generatio: config db path: /opt/st/stm32cubeide_1.11.0/plugins/com.st.stm32cube.common.mx_6.7.0.202211181646//db/
2025-08-15 18:52:01,981 [INFO] CodeEngine:247 - oldGeneratedFile, /home/boobathi/new_stm32_workspace/Relay/MXTmpFiles/license.tmp_save
2025-08-15 18:52:02,109 [INFO] CodeEngine:271 - Generated code: /home/boobathi/new_stm32_workspace/Relay/MXTmpFiles/license.tmp
2025-08-15 18:52:02,169 [INFO] CodeEngine:247 - oldGeneratedFile, /home/boobathi/new_stm32_workspace/Relay/MXTmpFiles/gpio.tmp_save
2025-08-15 18:52:02,240 [INFO] CodeEngine:271 - Generated code: /home/boobathi/new_stm32_workspace/Relay/MXTmpFiles/gpio.tmp
2025-08-15 18:52:02,296 [INFO] CodeEngine:247 - oldGeneratedFile, /home/boobathi/new_stm32_workspace/Relay/Core/Src/stm32f4xx_it.c_save
2025-08-15 18:52:02,465 [INFO] CodeEngine:271 - Generated code: /home/boobathi/new_stm32_workspace/Relay/Core/Src/stm32f4xx_it.c
2025-08-15 18:52:02,466 [INFO] CodeEngine:247 - oldGeneratedFile, /home/boobathi/new_stm32_workspace/Relay/Core/Inc/stm32f4xx_it.h_save
2025-08-15 18:52:02,526 [INFO] CodeEngine:271 - Generated code: /home/boobathi/new_stm32_workspace/Relay/Core/Inc/stm32f4xx_it.h
2025-08-15 18:52:02,528 [INFO] CodeEngine:247 - oldGeneratedFile, /home/boobathi/new_stm32_workspace/Relay/Core/Src/stm32f4xx_hal_msp.c_save
2025-08-15 18:52:02,615 [INFO] CodeEngine:271 - Generated code: /home/boobathi/new_stm32_workspace/Relay/Core/Src/stm32f4xx_hal_msp.c
2025-08-15 18:52:02,616 [INFO] CodeEngine:247 - oldGeneratedFile, /home/boobathi/new_stm32_workspace/Relay/MXTmpFiles/system.tmp_save
2025-08-15 18:52:02,665 [INFO] CodeEngine:271 - Generated code: /home/boobathi/new_stm32_workspace/Relay/MXTmpFiles/system.tmp
2025-08-15 18:52:02,667 [INFO] CodeEngine:303 - oldGeneratedFile, /home/boobathi/new_stm32_workspace/Relay/Core/Inc/stm32f4xx_hal_conf.h_save
2025-08-15 18:52:02,749 [INFO] CodeEngine:327 - Generated code: /home/boobathi/new_stm32_workspace/Relay/Core/Inc/stm32f4xx_hal_conf.h
2025-08-15 18:52:02,773 [WARN] IPConfigManager:2928 - Warning: the RefConfig PLL2P_FOR_MCO is not available in your config.xml file
2025-08-15 18:52:02,780 [INFO] CodeEngine:247 - oldGeneratedFile, /home/boobathi/new_stm32_workspace/Relay/Core/Inc/main.h_save
2025-08-15 18:52:02,876 [INFO] CodeEngine:271 - Generated code: /home/boobathi/new_stm32_workspace/Relay/Core/Inc/main.h
2025-08-15 18:52:02,876 [INFO] CodeEngine:247 - oldGeneratedFile, /home/boobathi/new_stm32_workspace/Relay/Core/Src/main.c_save
2025-08-15 18:52:02,990 [INFO] CodeEngine:271 - Generated code: /home/boobathi/new_stm32_workspace/Relay/Core/Src/main.c
2025-08-15 18:52:04,083 [INFO] ProjectBuilder:2919 - Time for Copy HAL[1] : 19mS.
2025-08-15 18:52:04,084 [INFO] ProjectBuilder:4183 - Project Generator version: 3.18.0-B7
2025-08-15 18:52:04,362 [INFO] ConfigFileManager:1396 - The Die is : DIE421
2025-08-15 18:52:04,364 [INFO] ApiDbMcu:505 - Load IP Config File for FATFS
2025-08-15 18:52:04,367 [INFO] ApiDbMcu:505 - Load IP Config File for FREERTOS
2025-08-15 18:52:04,368 [INFO] ApiDbMcu:505 - Load IP Config File for LIBJPEG
2025-08-15 18:52:04,373 [INFO] ApiDbMcu:505 - Load IP Config File for MBEDTLS
2025-08-15 18:52:04,418 [INFO] ApiDbMcu:505 - Load IP Config File for USB_DEVICE
2025-08-15 18:52:04,422 [INFO] ApiDbMcu:505 - Load IP Config File for USB_HOST
2025-08-15 18:52:08,876 [INFO] ProjectBuilder:4351 - Time for Generating toolchain IDE Files: 4792mS.
2025-08-15 18:52:08,876 [INFO] ProjectBuilder:2790 - Time for Copy CMSIS : 0mS.
2025-08-15 18:52:08,877 [INFO] ProjectBuilder:2790 - Time for Copy CMSIS : 0mS.
2025-08-15 18:52:09,576 [INFO] McuFinderGlobals:65 - Set McuFinderConnectedMode to true
2025-08-15 18:52:09,577 [INFO] ApiDb:447 - Save user favorites file /home/boobathi/.stm32cubeide/favorites.mcus.txt: 0 item(s)
2025-08-15 18:52:09,578 [INFO] ApiDb:451 - User favorites MCUs=[]
2025-08-15 18:52:09,578 [INFO] ApiDb:447 - Save user favorites file /home/boobathi/.stm32cubeide/favorites.boards.txt: 1 item(s)
2025-08-15 18:52:09,578 [INFO] ApiDb:451 - User favorites Boards=[NUCLEO-F446RE]
2025-08-15 18:54:09,921 [INFO] Gpio:272 - dependency for GPIO [RCC, SYS, USART2]
2025-08-15 18:55:09,230 [INFO] UtilMem:74 - End SaveConfig() Used Memory: 737040208 Bytes (1073741824)
2025-08-15 18:55:12,909 [INFO] UtilMem:74 - End SaveConfig() Used Memory: 904004632 Bytes (1073741824)
2025-08-15 18:55:16,472 [INFO] UtilMem:74 - End SaveConfig() Used Memory: 792006208 Bytes (1073741824)
2025-08-15 18:55:16,735 [INFO] BlockDiagram:2759 - set Specific Code input for plugin: SYS
2025-08-15 18:55:16,735 [INFO] BlockDiagram:2759 - set Specific Code input for plugin: RCC
2025-08-15 18:55:16,735 [INFO] BlockDiagram:2759 - set Specific Code input for plugin: NVIC
2025-08-15 18:55:16,735 [INFO] BlockDiagram:2759 - set Specific Code input for plugin: USART
2025-08-15 18:55:16,735 [INFO] BlockDiagram:2759 - set Specific Code input for plugin: GPIO
2025-08-15 18:55:16,735 [INFO] CodeGenerator:692 - code generatio: config db path: /opt/st/stm32cubeide_1.11.0/plugins/com.st.stm32cube.common.mx_6.7.0.202211181646//db/
2025-08-15 18:55:16,953 [INFO] CodeEngine:247 - oldGeneratedFile, /home/boobathi/new_stm32_workspace/Relay/MXTmpFiles/license.tmp_save
2025-08-15 18:55:17,007 [INFO] CodeEngine:271 - Generated code: /home/boobathi/new_stm32_workspace/Relay/MXTmpFiles/license.tmp
2025-08-15 18:55:17,017 [INFO] CodeEngine:247 - oldGeneratedFile, /home/boobathi/new_stm32_workspace/Relay/MXTmpFiles/gpio.tmp_save
2025-08-15 18:55:17,077 [INFO] CodeEngine:271 - Generated code: /home/boobathi/new_stm32_workspace/Relay/MXTmpFiles/gpio.tmp
2025-08-15 18:55:17,110 [INFO] CodeEngine:247 - oldGeneratedFile, /home/boobathi/new_stm32_workspace/Relay/Core/Src/stm32f4xx_it.c_save
2025-08-15 18:55:17,231 [INFO] CodeEngine:271 - Generated code: /home/boobathi/new_stm32_workspace/Relay/Core/Src/stm32f4xx_it.c
2025-08-15 18:55:17,232 [INFO] CodeEngine:247 - oldGeneratedFile, /home/boobathi/new_stm32_workspace/Relay/Core/Inc/stm32f4xx_it.h_save
2025-08-15 18:55:17,297 [INFO] CodeEngine:271 - Generated code: /home/boobathi/new_stm32_workspace/Relay/Core/Inc/stm32f4xx_it.h
2025-08-15 18:55:17,300 [INFO] CodeEngine:247 - oldGeneratedFile, /home/boobathi/new_stm32_workspace/Relay/Core/Src/stm32f4xx_hal_msp.c_save
2025-08-15 18:55:17,418 [INFO] CodeEngine:271 - Generated code: /home/boobathi/new_stm32_workspace/Relay/Core/Src/stm32f4xx_hal_msp.c
2025-08-15 18:55:17,419 [INFO] CodeEngine:247 - oldGeneratedFile, /home/boobathi/new_stm32_workspace/Relay/MXTmpFiles/system.tmp_save
2025-08-15 18:55:17,488 [INFO] CodeEngine:271 - Generated code: /home/boobathi/new_stm32_workspace/Relay/MXTmpFiles/system.tmp
2025-08-15 18:55:17,490 [INFO] CodeEngine:303 - oldGeneratedFile, /home/boobathi/new_stm32_workspace/Relay/Core/Inc/stm32f4xx_hal_conf.h_save
2025-08-15 18:55:17,554 [INFO] CodeEngine:327 - Generated code: /home/boobathi/new_stm32_workspace/Relay/Core/Inc/stm32f4xx_hal_conf.h
2025-08-15 18:55:17,566 [WARN] IPConfigManager:2928 - Warning: the RefConfig PLL2P_FOR_MCO is not available in your config.xml file
2025-08-15 18:55:17,571 [INFO] CodeEngine:247 - oldGeneratedFile, /home/boobathi/new_stm32_workspace/Relay/Core/Inc/main.h_save
2025-08-15 18:55:17,625 [INFO] CodeEngine:271 - Generated code: /home/boobathi/new_stm32_workspace/Relay/Core/Inc/main.h
2025-08-15 18:55:17,625 [INFO] CodeEngine:247 - oldGeneratedFile, /home/boobathi/new_stm32_workspace/Relay/Core/Src/main.c_save
2025-08-15 18:55:17,759 [INFO] CodeEngine:271 - Generated code: /home/boobathi/new_stm32_workspace/Relay/Core/Src/main.c
2025-08-15 18:55:18,313 [INFO] ProjectBuilder:2919 - Time for Copy HAL[1] : 26mS.
2025-08-15 18:55:18,314 [INFO] ProjectBuilder:4183 - Project Generator version: 3.18.0-B7
2025-08-15 18:55:18,772 [INFO] ConfigFileManager:1396 - The Die is : DIE421
2025-08-15 18:55:20,299 [INFO] ProjectBuilder:4351 - Time for Generating toolchain IDE Files: 1985mS.
2025-08-15 18:55:20,299 [INFO] ProjectBuilder:2790 - Time for Copy CMSIS : 0mS.
2025-08-15 18:55:20,300 [INFO] ProjectBuilder:2790 - Time for Copy CMSIS : 0mS.
2025-08-15 19:02:38,171 [INFO] LogOutputStream:76 - [STDOUT_REDIRECT] StartTraceHandler.execute(), success : Collect=true
2025-08-15 19:02:41,636 [INFO] LogOutputStream:76 - [STDOUT_REDIRECT] StartTraceHandler.execute(), success : Collect=false
2025-08-15 19:02:46,340 [INFO] LogOutputStream:76 - [STDOUT_REDIRECT] StartTraceHandler.execute(), success : Collect=true
2025-08-15 19:02:47,475 [INFO] LogOutputStream:76 - [STDOUT_REDIRECT] StartTraceHandler.execute(), success : Collect=false
2025-08-15 19:02:50,243 [INFO] LogOutputStream:76 - [STDOUT_REDIRECT] StartTraceHandler.execute(), success : Collect=true
2025-08-15 19:05:44,115 [ERROR] ConfigurationRetriever:140 - IOException on connection: connect timed out
2025-08-15 19:05:46,347 [ERROR] ConfigurationRetriever:140 - IOException on connection: Read timed out
2025-08-15 19:23:40,376 [INFO] MainUpdater:2800 - connection check result : 10
2025-08-15 19:23:40,527 [INFO] McuFinderGlobals:65 - Set McuFinderConnectedMode to true
2025-08-15 19:23:40,528 [INFO] MultiScanPanel:196 - Auto-refresh data requested => check proxy status ongoing
2025-08-15 19:23:40,528 [INFO] FinderPluginLoader:92 - Searching for filters in installed packs
2025-08-15 19:23:41,501 [INFO] LoadUrlFilesThread:179 - End of LoadServerUrlFiles without Thread
2025-08-15 19:23:41,502 [INFO] DetailPanel:339 - Set advertising image to /home/boobathi/STM32Cube/Repository//en.2400x1350px.jpeg
2025-08-15 19:23:44,643 [INFO] MultiScanPanel:196 - Auto-refresh data requested => check proxy status ongoing
2025-08-15 19:23:44,695 [INFO] LoadUrlFilesThread:179 - End of LoadServerUrlFiles without Thread
2025-08-15 19:23:44,695 [INFO] DetailPanel:339 - Set advertising image to /home/boobathi/STM32Cube/Repository//en.2400x1350px.jpeg
2025-08-15 19:23:46,639 [INFO] ApiDb:580 - Connected to CubeFinder SQLite database (/home/boobathi/.stmcufinder/plugins/mcufinder/mcu/cube-finder-db.db)
2025-08-15 19:23:54,249 [INFO] MainUpdater:2800 - connection check result : 10
2025-08-15 19:23:54,249 [INFO] MainUpdater:2800 - connection check result : 10
2025-08-15 19:23:54,289 [INFO] MicroXplorer:451 - Change Database Path : 
2025-08-15 19:23:54,289 [INFO] MicroXplorer:481 - Change Database Version : DB.6.0.70
2025-08-15 19:23:54,304 [WARN] ThirdParty:845 - waiting for thirdparty lock release [close project]
2025-08-15 19:23:54,304 [INFO] ThirdParty:847 - entering critical section [close project]
2025-08-15 19:23:54,304 [INFO] ThirdParty:857 - exiting critical section [close project]
2025-08-15 19:23:54,305 [INFO] PinOutPanel:1477 - setPackage(No Configuration,No Configuration)
2025-08-15 19:23:54,310 [WARN] IpParametersView:148 - Warning: This peripheral hasn't parameters
2025-08-15 19:23:54,314 [WARN] MainPanel:253 - <html><b><center>Warning: This peripheral has no parameters to be configured<br></b></html>
2025-08-15 19:23:54,316 [INFO] UtilMem:74 - Begin LoadConfig() Used Memory: 898924048 Bytes (1073741824)
2025-08-15 19:23:54,317 [INFO] OpenFileManager:307 - Change cursor
2025-08-15 19:23:54,326 [INFO] RulesReader:61 - Compatibility file has been processed (283 Rules)
2025-08-15 19:23:54,328 [INFO] ProjectFactory:399 - No CPN specified for board NUCLEO-F446RE => set CPN to STM32F446RET6
2025-08-15 19:23:54,328 [INFO] Mcu:1925 - Initializing MCU STM32F446R(C-E)Tx STM32F446RETx STM32F446RET6
2025-08-15 19:23:55,295 [INFO] Context:654 - Trying to add GPIOservice into a context  which must be forbidden
2025-08-15 19:23:55,573 [INFO] Rule:225 - rule 117617 - U5Cobra4M][GTZC] default value MPCBB3 and MPCBB5 - Not Secured memory - MPCBB1 is applicable
2025-08-15 19:23:55,573 [INFO] Rule:225 - rule 117617 - U5Cobra4M][GTZC] default value MPCBB3 and MPCBB5 - Not Secured memory - MPCBB1 is applicable
2025-08-15 19:23:55,573 [INFO] Rule:225 - rule 117617 - U5Cobra4M][GTZC] default value MPCBB3 and MPCBB5 - Not Secured memory - MPCBB2 is applicable
2025-08-15 19:23:55,573 [INFO] Rule:225 - rule 117617 - U5Cobra4M][GTZC] default value MPCBB3 and MPCBB5 - Not Secured memory - MPCBB2 is applicable
2025-08-15 19:23:55,573 [INFO] Rule:225 - rule 117617 - U5Cobra4M][GTZC] default value MPCBB3 and MPCBB5 - Not Secured memory - MPCBB3 is applicable
2025-08-15 19:23:55,573 [INFO] Rule:225 - rule 117617 - U5Cobra4M][GTZC] default value MPCBB3 and MPCBB5 - Not Secured memory - MPCBB3 is applicable
2025-08-15 19:23:55,573 [INFO] Rule:225 - rule 117617 - U5Cobra4M][GTZC] default value MPCBB3 and MPCBB5 - Not Secured memory - MPCBB4 is applicable
2025-08-15 19:23:55,574 [INFO] Rule:225 - rule 117617 - U5Cobra4M][GTZC] default value MPCBB3 and MPCBB5 - Not Secured memory - MPCBB4 is applicable
2025-08-15 19:23:55,574 [INFO] Rule:225 - rule 117617 - U5Cobra4M][GTZC] default value MPCBB3 and MPCBB5 - Secured memory - MPCBB1 is applicable
2025-08-15 19:23:55,574 [INFO] Rule:225 - rule 117617 - U5Cobra4M][GTZC] default value MPCBB3 and MPCBB5 - Secured memory - MPCBB2 is applicable
2025-08-15 19:23:55,574 [INFO] Rule:225 - rule 117617 - U5Cobra4M][GTZC] default value MPCBB3 and MPCBB5 - Secured memory - MPCBB3 is applicable
2025-08-15 19:23:55,574 [INFO] Rule:225 - rule 117617 - U5Cobra4M][GTZC] default value MPCBB3 and MPCBB5 - Secured memory - MPCBB4 is applicable
2025-08-15 19:23:55,574 [INFO] Rule:225 - rule 117617 - U5Cobra4M][GTZC] default value MPCBB3 and MPCBB5 - Privileged memory - MPCBB1 is applicable
2025-08-15 19:23:55,574 [INFO] Rule:225 - rule 117617 - U5Cobra4M][GTZC] default value MPCBB3 and MPCBB5 - Privileged memory - MPCBB2 is applicable
2025-08-15 19:23:55,574 [INFO] Rule:225 - rule 117617 - U5Cobra4M][GTZC] default value MPCBB3 and MPCBB5 - Privileged memory - MPCBB3 is applicable
2025-08-15 19:23:55,574 [INFO] Rule:225 - rule 117617 - U5Cobra4M][GTZC] default value MPCBB3 and MPCBB5 - Privileged memory - MPCBB4 is applicable
2025-08-15 19:23:55,574 [INFO] Rule:225 - rule 117617 - U5Cobra4M][GTZC] default value MPCBB3 and MPCBB5 - Not Privileged memory - MPCBB1 is applicable
2025-08-15 19:23:55,574 [INFO] Rule:225 - rule 117617 - U5Cobra4M][GTZC] default value MPCBB3 and MPCBB5 - Not Privileged memory - MPCBB2 is applicable
2025-08-15 19:23:55,574 [INFO] Rule:225 - rule 117617 - U5Cobra4M][GTZC] default value MPCBB3 and MPCBB5 - Not Privileged memory - MPCBB3 is applicable
2025-08-15 19:23:55,574 [INFO] Rule:225 - rule 117617 - U5Cobra4M][GTZC] default value MPCBB3 and MPCBB5 - Not Privileged memory - MPCBB4 is applicable
2025-08-15 19:23:55,574 [INFO] Rule:225 - rule 117617 - U5Cobra4M][GTZC] default value MPCBB3 and MPCBB5 - Privileged memory - MPCBB1 is applicable
2025-08-15 19:23:55,574 [INFO] Rule:225 - rule 117617 - U5Cobra4M][GTZC] default value MPCBB3 and MPCBB5 - Privileged memory - MPCBB2 is applicable
2025-08-15 19:23:55,574 [INFO] Rule:225 - rule 117617 - U5Cobra4M][GTZC] default value MPCBB3 and MPCBB5 - Privileged memory - MPCBB3 is applicable
2025-08-15 19:23:55,574 [INFO] Rule:225 - rule 117617 - U5Cobra4M][GTZC] default value MPCBB3 and MPCBB5 - Privileged memory - MPCBB4 is applicable
2025-08-15 19:23:55,574 [INFO] Rule:225 - rule 117617 - U5Cobra4M][GTZC] default value MPCBB3 and MPCBB5 - Privileged memory - MPCBB1 is applicable
2025-08-15 19:23:55,574 [INFO] Rule:225 - rule 117617 - U5Cobra4M][GTZC] default value MPCBB3 and MPCBB5 - Privileged memory - MPCBB2 is applicable
2025-08-15 19:23:55,574 [INFO] Rule:225 - rule 117617 - U5Cobra4M][GTZC] default value MPCBB3 and MPCBB5 - Privileged memory - MPCBB3 is applicable
2025-08-15 19:23:55,574 [INFO] Rule:225 - rule 117617 - U5Cobra4M][GTZC] default value MPCBB3 and MPCBB5 - Privileged memory - MPCBB4 is applicable
2025-08-15 19:23:55,574 [INFO] Rule:225 - rule 117617 - U5Cobra4M][GTZC] default value MPCBB3 and MPCBB5 - Not Privileged memory - MPCBB1 is applicable
2025-08-15 19:23:55,574 [INFO] Rule:225 - rule 117617 - U5Cobra4M][GTZC] default value MPCBB3 and MPCBB5 - Not Privileged memory - MPCBB2 is applicable
2025-08-15 19:23:55,574 [INFO] Rule:225 - rule 117617 - U5Cobra4M][GTZC] default value MPCBB3 and MPCBB5 - Not Privileged memory - MPCBB3 is applicable
2025-08-15 19:23:55,575 [INFO] Rule:225 - rule 117617 - U5Cobra4M][GTZC] default value MPCBB3 and MPCBB5 - Not Privileged memory - MPCBB4 is applicable
2025-08-15 19:23:55,575 [INFO] Rule:225 - rule 117617 - U5Cobra4M][GTZC] default value MPCBB3 and MPCBB5 - Privileged memory - MPCBB1 is applicable
2025-08-15 19:23:55,575 [INFO] Rule:225 - rule 117617 - U5Cobra4M][GTZC] default value MPCBB3 and MPCBB5 - Privileged memory - MPCBB2 is applicable
2025-08-15 19:23:55,575 [INFO] Rule:225 - rule 117617 - U5Cobra4M][GTZC] default value MPCBB3 and MPCBB5 - Privileged memory - MPCBB3 is applicable
2025-08-15 19:23:55,575 [INFO] Rule:225 - rule 117617 - U5Cobra4M][GTZC] default value MPCBB3 and MPCBB5 - Privileged memory - MPCBB4 is applicable
2025-08-15 19:23:55,575 [INFO] Rule:225 - rule Rename SubGHz_Phy SUBGHZ_APPLICATION SUBGHZ_PINGPONG to SUBGHZ_ADV_APPLICATION is applicable
2025-08-15 19:23:55,575 [INFO] Rule:225 - rule Rename Enabled to IBEACON is applicable
2025-08-15 19:23:55,575 [INFO] Rule:225 - rule GTZC_S instance for project manager is applicable
2025-08-15 19:23:55,575 [INFO] Rule:225 - rule GTZC_S instance for context M33S is applicable
2025-08-15 19:23:55,575 [INFO] Rule:225 - rule GTZC_S instance value for IP GTZC is applicable
2025-08-15 19:23:55,575 [INFO] Rule:225 - rule GTZC_S instance for mcu.IP is applicable
2025-08-15 19:23:55,575 [INFO] Rule:225 - rule GTZC_S instance for VP is applicable
2025-08-15 19:23:55,575 [INFO] Rule:225 - rule GTZC_S instance for signal is applicable
2025-08-15 19:23:55,575 [INFO] Rule:225 - rule GTZC_S instance for mcu.Pin is applicable
2025-08-15 19:23:55,575 [INFO] Rule:225 - rule GTZC_S instance for VP is applicable
2025-08-15 19:23:55,575 [INFO] Rule:225 - rule GTZC_S instance for signal is applicable
2025-08-15 19:23:55,575 [INFO] Rule:225 - rule GTZC_S instance for mcu is applicable
2025-08-15 19:23:55,575 [INFO] Rule:225 - rule GTZC_S instance for mcu.Pin is applicable
2025-08-15 19:23:55,575 [INFO] Rule:225 - rule GTZC_S instance value for IP GTZC is applicable
2025-08-15 19:23:55,575 [INFO] Rule:225 - rule GTZC_S instance for project manager is applicable
2025-08-15 19:23:55,575 [INFO] Rule:225 - rule GTZC_S instance for context M33S is applicable
2025-08-15 19:23:55,575 [INFO] Rule:225 - rule GTZC_S instance for VP is applicable
2025-08-15 19:23:55,575 [INFO] Rule:225 - rule GTZC_S instance for signal is applicable
2025-08-15 19:23:55,575 [INFO] Rule:225 - rule SPDIFRX instance for mcu is applicable
2025-08-15 19:23:55,576 [INFO] Rule:225 - rule Rename Tracer Mode is applicable
2025-08-15 19:23:55,576 [INFO] Rule:225 - rule SPDIFRX instance value for IP SPDIFRX is applicable
2025-08-15 19:23:55,576 [INFO] Rule:225 - rule SPDIFRX instance for signal is applicable
2025-08-15 19:23:55,576 [INFO] Rule:225 - rule SPDIFRX instance for project manager is applicable
2025-08-15 19:23:55,576 [INFO] Rule:225 - rule SPDIFRX instance for project manager is applicable
2025-08-15 19:23:55,576 [INFO] Rule:225 - rule ADC Scan  fix with FW F7 is applicable
2025-08-15 19:23:55,576 [INFO] Rule:225 - rule ADC Scan  fix with FW F7 is applicable
2025-08-15 19:23:55,576 [INFO] Rule:225 - rule Add RTC Activate Clock Source is applicable
2025-08-15 19:23:55,576 [INFO] Rule:225 - rule Add RTC Activate Calendar 1 is applicable
2025-08-15 19:23:55,576 [INFO] Rule:225 - rule Add RTC Activate Calendar 2 is applicable
2025-08-15 19:23:55,576 [INFO] Rule:225 - rule Add RTC Activate Calendar 3 is applicable
2025-08-15 19:23:55,576 [INFO] Rule:225 - rule UART/USART TX Mode is applicable
2025-08-15 19:23:55,576 [INFO] Rule:225 - rule UART/USART RX Mode is applicable
2025-08-15 19:23:55,576 [INFO] Rule:225 - rule UART/USART RX TX Mode is applicable
2025-08-15 19:23:55,576 [INFO] Rule:225 - rule UART/USART PARITY NONE is applicable
2025-08-15 19:23:55,576 [INFO] Rule:225 - rule UART/USART PARITY EVEN is applicable
2025-08-15 19:23:55,576 [INFO] Rule:225 - rule UART/USART PARITY ODD is applicable
2025-08-15 19:23:55,576 [INFO] Rule:225 - rule USART StopBits 1 is applicable
2025-08-15 19:23:55,576 [INFO] Rule:225 - rule USART StopBits 2 is applicable
2025-08-15 19:23:55,576 [INFO] Rule:225 - rule USART StopBits 1.5 is applicable
2025-08-15 19:23:55,576 [INFO] Rule:225 - rule USART StopBits 0.5 is applicable
2025-08-15 19:23:55,577 [INFO] Rule:225 - rule UART/USART WORD LENGTH 7 is applicable
2025-08-15 19:23:55,577 [INFO] Rule:225 - rule UART/USART WORD LENGTH 8 is applicable
2025-08-15 19:23:55,577 [INFO] Rule:225 - rule UART/USART WORD LENGTH 9 is applicable
2025-08-15 19:23:55,577 [INFO] Rule:225 - rule Rename FMC NAND NCE signal is applicable
2025-08-15 19:23:55,577 [INFO] Rule:225 - rule Rename FMC NAND INT signal is applicable
2025-08-15 19:23:55,577 [INFO] Rule:225 - rule Change Default Value for LSE Drive Capability for WB family is applicable
2025-08-15 19:23:55,577 [INFO] Rule:225 - rule Change Default Value for ADC Clock Prescaler G0 family is applicable
2025-08-15 19:23:55,577 [INFO] Rule:225 - rule Change Default Value for ADC ExternalTrigConv L4 family is applicable
2025-08-15 19:23:55,577 [INFO] Rule:225 - rule Change Default Value for ADC ExternalTrigInjecConv L4 family is applicable
2025-08-15 19:23:55,577 [INFO] Rule:225 - rule Change Default Value for ADC ExternalTrigConv F3 family is applicable
2025-08-15 19:23:55,577 [INFO] Rule:225 - rule Change Default Value for ADC ExternalTrigInjecConv F3 family is applicable
2025-08-15 19:23:55,577 [INFO] Rule:225 - rule Change Default Value for ADC ExternalTrigConv Goldfish serie is applicable
2025-08-15 19:23:55,577 [INFO] Rule:225 - rule Change Default Value for ADC ExternalTrigInjecConv Goldfish serie is applicable
2025-08-15 19:23:55,577 [INFO] Rule:225 - rule Change Default Value for ADC ExternalTrigConv L0 family is applicable
2025-08-15 19:23:55,577 [INFO] Rule:225 - rule Change Default Value for ADC ExternalTrigConv F0 family is applicable
2025-08-15 19:23:55,577 [INFO] Rule:225 - rule Change Default Value for ADC ExternalTrigConvn L1 family is applicable
2025-08-15 19:23:55,577 [INFO] Rule:225 - rule Change Default Value for ADC ExternalTrigInjecConv L1 family is applicable
2025-08-15 19:23:55,577 [INFO] Rule:225 - rule Change Default Value for ADC ExternalTrigConv F1 family is applicable
2025-08-15 19:23:55,577 [INFO] Rule:225 - rule Change Default Value for ADC ExternalTrigInjecConv F1 family is applicable
2025-08-15 19:23:55,577 [INFO] Rule:225 - rule Change Default Value for ADC ExternalTrigConv F7 family is applicable
2025-08-15 19:23:55,577 [INFO] Rule:225 - rule Change Default Value for ADC ExternalTrigInjecConv F7 family is applicable
2025-08-15 19:23:55,577 [INFO] Rule:225 - rule Change Default Value for ADC ExternalTrigConv F4 and F2 family is applicable
2025-08-15 19:23:55,577 [INFO] Rule:225 - rule Change Default Value for ADC ExternalTrigInjecConv F4 and F2 family is applicable
2025-08-15 19:23:55,577 [INFO] Rule:225 - rule ADC SamplingTime fix with FW L0  is applicable
2025-08-15 19:23:55,577 [INFO] Rule:225 - rule ADC SamplingTime fix with FW L0  is applicable
2025-08-15 19:23:55,577 [INFO] Rule:225 - rule ADC SamplingTime fix with FW L0 is applicable
2025-08-15 19:23:55,577 [INFO] Rule:225 - rule ADC SamplingTime fix with FW L0 is applicable
2025-08-15 19:23:55,577 [INFO] Rule:225 - rule ADC SamplingTime fix with FW L0  is applicable
2025-08-15 19:23:55,578 [INFO] Rule:225 - rule ADC SamplingTime fix with FW L0 is applicable
2025-08-15 19:23:55,578 [INFO] Rule:225 - rule Rename USB_OE Signal is applicable
2025-08-15 19:23:55,578 [INFO] Rule:225 - rule Rename Activate_OE Mode is applicable
2025-08-15 19:23:55,578 [INFO] Rule:225 - rule Rename DIE462/DIE415 pin PC14/OSC32_IN -> PC14-OSC32_IN (PC14) is applicable
2025-08-15 19:23:55,578 [INFO] Rule:225 - rule Rename DIE462/DIE415 pin PC15/OSC32_OUT -> PC15-OSC32_OUT (PC15) is applicable
2025-08-15 19:23:55,578 [INFO] Rule:225 - rule Rename DIE462/DIE415 pin PH0/OSC_IN -> PH0-OSC_IN (PH0) is applicable
2025-08-15 19:23:55,578 [INFO] Rule:225 - rule Rename DIE462/DIE415 pin PH1/OSC_OUT -> PH1-OSC_OUT (PH1) is applicable
2025-08-15 19:23:55,578 [INFO] Rule:225 - rule Rename DIE462 pin PA13 -> PA13 (JTMS/SWDIO) is applicable
2025-08-15 19:23:55,578 [INFO] Rule:225 - rule Rename DIE415 pin PA13 -> PA13 (JTMS/SWDIO) is applicable
2025-08-15 19:23:55,578 [INFO] Rule:225 - rule Rename DIE462 pin PA14 -> PA14 (JTCK/SWCLK) is applicable
2025-08-15 19:23:55,578 [INFO] Rule:225 - rule Rename DIE415 pin PA14 -> PA14 (JTCK/SWCLK) is applicable
2025-08-15 19:23:55,578 [INFO] Rule:225 - rule Rename DIE462/DIE415 pin PA15 -> PA15 (JTDI) is applicable
2025-08-15 19:23:55,578 [INFO] Rule:225 - rule Rename DIE462 pin PB3 -> PB3 (JTD0/TRACESWO) is applicable
2025-08-15 19:23:55,578 [INFO] Rule:225 - rule Rename DIE415 pin PB3 -> PB3 (JTD0-TRACESWO) is applicable
2025-08-15 19:23:55,578 [INFO] Rule:225 - rule Rename DIE462/DIE415 pin PB4 -> PB4 (NJTRST) is applicable
2025-08-15 19:23:55,578 [INFO] Rule:225 - rule Rename DIE462 pin PH3/BOOT0 -> PH3-BOOT0 (BOOT0) is applicable
2025-08-15 19:23:55,578 [INFO] Rule:225 - rule Rename CRYP DataEncryptionTypesList to Algorithm is applicable
2025-08-15 19:23:55,578 [INFO] Rule:225 - rule Rename AES DataEncryptionTypesList to Algorithm is applicable
2025-08-15 19:23:55,578 [INFO] Rule:225 - rule Rename TDESECB to CRYP_TDES_ECB is applicable
2025-08-15 19:23:55,578 [INFO] Rule:225 - rule Rename TDESCBC to CRYP_TDES_CBC is applicable
2025-08-15 19:23:55,578 [INFO] Rule:225 - rule Rename DESECB to CRYP_DES_ECB is applicable
2025-08-15 19:23:55,578 [INFO] Rule:225 - rule Rename DESCBC to CRYP_DES_CBC is applicable
2025-08-15 19:23:55,578 [INFO] Rule:225 - rule Rename AESECB to CRYP_AES_ECB is applicable
2025-08-15 19:23:55,578 [INFO] Rule:225 - rule Rename AESCBC to CRYP_AES_CBC is applicable
2025-08-15 19:23:55,578 [INFO] Rule:225 - rule Rename AESCTR to CRYP_AES_CTR is applicable
2025-08-15 19:23:55,578 [INFO] Rule:225 - rule Rename AESGCM to CRYP_AES_GCM is applicable
2025-08-15 19:23:55,579 [INFO] Rule:225 - rule Rename AESCCM to CRYP_AES_CCM is applicable
2025-08-15 19:23:55,579 [INFO] Rule:225 - rule Rename CAN TimeSeg1 to BS1 is applicable
2025-08-15 19:23:55,579 [INFO] Rule:225 - rule Rename CAN TimeSeg2 to BS2 is applicable
2025-08-15 19:23:55,579 [INFO] Rule:225 - rule Rename CAN SyncJumpWidth to SJW is applicable
2025-08-15 19:23:55,579 [INFO] Rule:225 - rule TimeTriggeredMode to TTCM is applicable
2025-08-15 19:23:55,579 [INFO] Rule:225 - rule Rename CAN AutoBusOff to ABOM is applicable
2025-08-15 19:23:55,579 [INFO] Rule:225 - rule Rename CAN AutoWakeUp to AWUM is applicable
2025-08-15 19:23:55,579 [INFO] Rule:225 - rule Rename CAN AutoRetransmission to NART is applicable
2025-08-15 19:23:55,579 [INFO] Rule:225 - rule Rename CAN ReceiveFifoLocked to RFLM is applicable
2025-08-15 19:23:55,579 [INFO] Rule:225 - rule Rename CAN TransmitFifoPriority to TXFP is applicable
2025-08-15 19:23:55,579 [INFO] Rule:225 - rule Rename HRTIMER HRTIM_OUTPUTFAULTLEVEL_HIGH in HRTIMER HRTIM_OUTPUTFAULTLEVEL_HIGHZ is applicable
2025-08-15 19:23:55,579 [INFO] Rule:225 - rule Rename TIMER TIM_CLEARINPUTSOURCE_OCREFCLR in  TIMER TIM_CLEARINPUTSOURCE_NONE for F7 family is applicable
2025-08-15 19:23:55,579 [INFO] Rule:225 - rule FDCAN_R1 - Rename FDCAN mode Master into Classic is applicable
2025-08-15 19:23:55,579 [INFO] Rule:225 - rule FDCAN_R2 - Rename FDCAN mode Slave into Classic is applicable
2025-08-15 19:23:55,579 [INFO] Rule:225 - rule FDCAN1_R3 - if PA10.Mode=FullDuplex, add Pin PA12 is applicable
2025-08-15 19:23:55,579 [INFO] Rule:225 - rule FDCAN1_R3 - if PA9.Mode=FullDuplex, add Pin PA11 is applicable
2025-08-15 19:23:55,579 [INFO] Rule:225 - rule FDCAN1_R3 - Alternatepin_1 - if PE1.Mode=FullDuplex, add Pin PB9 is applicable
2025-08-15 19:23:55,579 [INFO] Rule:225 - rule FDCAN1_R3 - Alternatepin_1 - if PE0.Mode=FullDuplex, add Pin PB8 is applicable
2025-08-15 19:23:55,579 [INFO] Rule:225 - rule FDCAN1_R3 - Alternatepin_2 - if PD5.Mode=FullDuplex, add Pin PD1 is applicable
2025-08-15 19:23:55,579 [INFO] Rule:225 - rule FDCAN1_R3 - Alternatepin_2 - if PD4.Mode=FullDuplex, add Pin PD0 is applicable
2025-08-15 19:23:55,579 [INFO] Rule:225 - rule FDCAN1_R4 - Rename Mode FullDuplex into Enable FDCAN_TXFD for pin PA10 is applicable
2025-08-15 19:23:55,579 [INFO] Rule:225 - rule FDCAN1_R4 - Rename Mode FullDuplex into Enable FDCAN_TXFD for pin PA9 is applicable
2025-08-15 19:23:55,579 [INFO] Rule:225 - rule FDCAN1_R4 - Alternatepin_1 - Rename Mode FullDuplex into Enable FDCAN_TXFD for pin PE1 is applicable
2025-08-15 19:23:55,579 [INFO] Rule:225 - rule FDCAN1_R4 - Alternatepin_1 - Rename Mode FullDuplex into Enable FDCAN_TXFD for pin PE0 is applicable
2025-08-15 19:23:55,579 [INFO] Rule:225 - rule FDCAN1_R4 - Alternatepin_2 - Rename Mode FullDuplex into Enable FDCAN_TXFD for pin PD5 is applicable
2025-08-15 19:23:55,580 [INFO] Rule:225 - rule FDCAN1_R4 - Alternatepin_2 - Rename Mode FullDuplex into Enable FDCAN_TXFD for pin PD4 is applicable
2025-08-15 19:23:55,580 [INFO] Rule:225 - rule FDCAN2_R3 - if PD10.Mode=FullDuplex, add Pin PB13 is applicable
2025-08-15 19:23:55,580 [INFO] Rule:225 - rule FDCAN2_R3 - if PD9.Mode=FullDuplex, add Pin PB12 is applicable
2025-08-15 19:23:55,580 [INFO] Rule:225 - rule FDCAN2_R3 - Alternatepin_1 - if PB7.Mode=FullDuplex, add Pin PB6 is applicable
2025-08-15 19:23:55,580 [INFO] Rule:225 - rule FDCAN2_R3 - Alternatepin_1 - if PD9.Mode=FullDuplex, add Pin PB12 is applicable
2025-08-15 19:23:55,580 [INFO] Rule:225 - rule FDCAN2_R4 - Rename Mode FullDuplex into Enable FDCAN_TXFD for pin PD10 is applicable
2025-08-15 19:23:55,580 [INFO] Rule:225 - rule FDCAN2_R4 - Rename Mode FullDuplex into Enable FDCAN_TXFD for pin PD9 is applicable
2025-08-15 19:23:55,580 [INFO] Rule:225 - rule FDCAN2_R4 - Alternatepin_1 - Rename Mode FullDuplex into Enable FDCAN_TXFD for pin PB7 is applicable
2025-08-15 19:23:55,580 [INFO] Rule:225 - rule FDCAN2_R4 - Alternatepin_1 - Rename Mode FullDuplex into Enable FDCAN_TXFD for pin PD6 is applicable
2025-08-15 19:23:55,580 [INFO] Rule:225 - rule USART TxPinLevelInvertParam Mode is applicable
2025-08-15 19:23:55,580 [INFO] Rule:225 - rule USART RxPinLevelInvertParam Mode is applicable
2025-08-15 19:23:55,580 [INFO] Rule:225 - rule USART DataInvertParam Mode is applicable
2025-08-15 19:23:55,580 [INFO] Rule:225 - rule USART SwapParam Mode is applicable
2025-08-15 19:23:55,580 [INFO] Rule:225 - rule USART OverrunDisableParam Mode is applicable
2025-08-15 19:23:55,580 [INFO] Rule:225 - rule USART DMADisableonRxErrorParam Mode is applicable
2025-08-15 19:23:55,580 [INFO] Rule:225 - rule USART MSBFirstParam Mode is applicable
2025-08-15 19:23:55,580 [INFO] Rule:225 - rule Update MwName for USB_DEVICE is applicable
2025-08-15 19:23:55,580 [INFO] Rule:225 - rule Change PWR_Regulator_Voltage_Scale Default Value for RCC  H7 family is applicable
2025-08-15 19:23:55,580 [INFO] Rule:225 - rule UART/USART IPParameter rename Prescaler parameter to ClockPrescaler is applicable
2025-08-15 19:23:55,580 [INFO] Rule:225 - rule UART/USART Prescaler rename Prescaler parameter to ClockPrescaler is applicable
2025-08-15 19:23:55,580 [INFO] Rule:225 - rule TIM1CLockSelection is applicable
2025-08-15 19:23:55,580 [INFO] Rule:225 - rule TIM15CLockSelection is applicable
2025-08-15 19:23:55,580 [INFO] Rule:225 - rule align RCC SDMMC3CLockSelection default value on MP1 is applicable
2025-08-15 19:23:55,580 [INFO] Rule:225 - rule align RCC SDMMC12CLockSelection default value on MP1 is applicable
2025-08-15 19:23:55,580 [INFO] Rule:225 - rule align RCC QSPICLockSelection default value on MP1 is applicable
2025-08-15 19:23:55,580 [INFO] Rule:225 - rule align RCC QSPICLockSelection default value on MP1 is applicable
2025-08-15 19:23:55,581 [INFO] Rule:225 - rule align RCC SPI6CLockSelection default value on MP1 is applicable
2025-08-15 19:23:55,581 [INFO] Rule:225 - rule align RCC LPTIM23CLockSelection default value on MP1 is applicable
2025-08-15 19:23:55,581 [INFO] Rule:225 - rule align RCC LPTIM1CLockSelection default value on MP1 is applicable
2025-08-15 19:23:55,581 [INFO] Rule:225 - rule align RCC USART1CLockSelection default value on MP1 is applicable
2025-08-15 19:23:55,581 [INFO] Rule:225 - rule align RCC USART24CLockSelection default value on MP1 is applicable
2025-08-15 19:23:55,581 [INFO] Rule:225 - rule align RCC USART6CLockSelection default value on MP1 is applicable
2025-08-15 19:23:55,581 [INFO] Rule:225 - rule align RCC UART78CLockSelection default value on MP1 is applicable
2025-08-15 19:23:55,581 [INFO] Rule:225 - rule align RCC USART35CLockSelection default value on MP1 is applicable
2025-08-15 19:23:55,581 [INFO] Rule:225 - rule align RCC SPI45CLockSelection default value on MP1 is applicable
2025-08-15 19:23:55,581 [INFO] Rule:225 - rule align RCC I2C46CLockSelection BCLK value on MP1 is applicable
2025-08-15 19:23:55,581 [INFO] Rule:225 - rule align RCC SPI45CLockSelection default value on MP1 is applicable
2025-08-15 19:23:55,581 [INFO] Rule:225 - rule align RCC I2C12CLockSelection default value on MP1 is applicable
2025-08-15 19:23:55,581 [INFO] Rule:225 - rule align RCC I2C35CLockSelection default value on MP1 is applicable
2025-08-15 19:23:55,581 [INFO] Rule:225 - rule align RCC LPTIM45CLockSelection default value on MP1 is applicable
2025-08-15 19:23:55,581 [INFO] Rule:225 - rule Rename DCMI PIXCK signal is applicable
2025-08-15 19:23:55,581 [INFO] Rule:225 - rule Change Default Value for I2C46CLockSelection MP1 family is applicable
2025-08-15 19:23:55,581 [INFO] Rule:225 - rule Change Default Value for UART for G4, G0 and WB families is applicable
2025-08-15 19:23:55,581 [INFO] Rule:225 - rule Change Default Value for USART for G4, G0 and WB families is applicable
2025-08-15 19:23:55,581 [INFO] Rule:225 - rule Change Default Value for USART for G4 family is applicable
2025-08-15 19:23:55,581 [INFO] Rule:225 - rule Change USART1CLockSelection refparam name for MP1 is applicable
2025-08-15 19:23:55,581 [INFO] Rule:225 - rule Change USART2CLockSelection refparam name for MP1 is applicable
2025-08-15 19:23:55,581 [INFO] Rule:225 - rule Change USART3CLockSelection refparam name for MP1 is applicable
2025-08-15 19:23:55,581 [INFO] Rule:225 - rule Change UART4CLockSelection refparam name for MP1 is applicable
2025-08-15 19:23:55,581 [INFO] Rule:225 - rule Change UART5CLockSelection refparam name for MP1 is applicable
2025-08-15 19:23:55,581 [INFO] Rule:225 - rule Change LPUART1CLockSelection refparam name for MP1 is applicable
2025-08-15 19:23:55,581 [INFO] Rule:225 - rule Change LPTIM1CLockSelection refparam name for MP1 is applicable
2025-08-15 19:23:55,581 [INFO] Rule:225 - rule Change LPTIM2CLockSelection refparam name for MP1 is applicable
2025-08-15 19:23:55,582 [INFO] Rule:225 - rule Change RCC_MCO1Source refparam name for MP1 is applicable
2025-08-15 19:23:55,582 [INFO] Rule:225 - rule Change LSCOSource1 refparam name for MP1 is applicable
2025-08-15 19:23:55,582 [INFO] Rule:225 - rule Change SMPSCLockSelection refparam name for MP1 is applicable
2025-08-15 19:23:55,582 [INFO] Rule:225 - rule Change LPTIM3CLockSelection refparam name for MP1 is applicable
2025-08-15 19:23:55,582 [INFO] Rule:225 - rule Change MPCBB* Default Template Mode to Parameters is applicable
2025-08-15 19:23:55,582 [INFO] Rule:225 - rule Change MPCWM* or MPCBB* Secure Mode to Parameters is applicable
2025-08-15 19:23:55,582 [INFO] Rule:225 - rule Change MPCWM* or MPCBB* No Secure Mode to Parameters is applicable
2025-08-15 19:23:55,582 [INFO] Rule:225 - rule Change TZSC IP Secure Mode to Parameters is applicable
2025-08-15 19:23:55,582 [INFO] Rule:225 - rule Change TZSC IP No Secure Mode to Parameters is applicable
2025-08-15 19:23:55,582 [INFO] Rule:225 - rule Change TZSC IP Privilege Mode to Parameters is applicable
2025-08-15 19:23:55,582 [INFO] Rule:225 - rule Change TZSC IP No Privilege Mode to Parameters is applicable
2025-08-15 19:23:55,582 [INFO] Rule:225 - rule Change TZIC IT Secure Mode to Parameters is applicable
2025-08-15 19:23:55,582 [INFO] Rule:225 - rule Change TZIC IT No Secure Mode to Parameters is applicable
2025-08-15 19:23:55,582 [INFO] Rule:225 - rule Add MPCBB1_NonSecureArea_Start_Address value with referenced to MPCBB1_NonSecureArea_Start value is applicable
2025-08-15 19:23:55,582 [INFO] Rule:225 - rule Add MPCBB2_NonSecureArea_Start_Address value with referenced to MPCBB2_NonSecureArea_Start value is applicable
2025-08-15 19:23:55,582 [INFO] Rule:225 - rule Add MPCWM1_NonSecureArea*_Start_Address value with referenced to MPCWM1_NonSecureArea*_Start value is applicable
2025-08-15 19:23:55,582 [INFO] Rule:225 - rule Add MPCWM2_NonSecureArea*_Start_Address value with referenced to MPCWM2_NonSecureArea*_Start value is applicable
2025-08-15 19:23:55,582 [INFO] Rule:225 - rule Add MPCWM3_NonSecureArea_Start_Address value with referenced to MPCWM3_NonSecureArea_Start value is applicable
2025-08-15 19:23:55,582 [INFO] Rule:225 - rule Change Default Value for PLL1UserDefinedConfig is applicable
2025-08-15 19:23:55,582 [INFO] Rule:225 - rule Change GPIO_PuPd Default Value for USART in async mode is applicable
2025-08-15 19:23:55,582 [INFO] Rule:225 - rule Change SMPSDivider Default Value is applicable
2025-08-15 19:23:55,582 [INFO] Rule:225 - rule OPAMP is applicable
2025-08-15 19:23:55,582 [INFO] Rule:225 - rule LPUART IPParameter rename Prescaler parameter to ClockPrescaler for STM32H7 is applicable
2025-08-15 19:23:55,582 [INFO] Rule:225 - rule LPUART IPParameter rename Prescaler parameter to ClockPrescaler for STM32H7 is applicable
2025-08-15 19:23:55,582 [INFO] Rule:225 - rule LPUART IPParameter rename Prescaler parameter to ClockPrescaler for STM32WB is applicable
2025-08-15 19:23:55,582 [INFO] Rule:225 - rule LPUART IPParameter rename Prescaler parameter to ClockPrescaler for STM32WB is applicable
2025-08-15 19:23:55,582 [INFO] Rule:225 - rule LPUART IPParameter rename Prescaler parameter to ClockPrescaler for STM32G4 is applicable
2025-08-15 19:23:55,583 [INFO] Rule:225 - rule LPUART IPParameter rename Prescaler parameter to ClockPrescaler for STM32G4 is applicable
2025-08-15 19:23:55,583 [INFO] Rule:225 - rule LPUART IPParameter rename Prescaler parameter to ClockPrescaler for STM32L5 is applicable
2025-08-15 19:23:55,583 [INFO] Rule:225 - rule LPUART IPParameter rename Prescaler parameter to ClockPrescaler for STM32L5 is applicable
2025-08-15 19:23:55,583 [INFO] Rule:225 - rule LPUART IPParameter rename Prescaler parameter to ClockPrescaler for STM32G4 is applicable
2025-08-15 19:23:55,583 [INFO] Rule:225 - rule LPUART IPParameter rename Prescaler parameter to ClockPrescaler for STM32G4 is applicable
2025-08-15 19:23:55,583 [INFO] Rule:225 - rule USB device lib V2.5.3 for L0 rename USBD_SUPPORT_USER_STRING parameter to USBD_SUPPORT_USER_STRING_DESC4 is applicable
2025-08-15 19:23:55,583 [INFO] Rule:225 - rule I2SCLockSelection clock entry align is applicable
2025-08-15 19:23:55,583 [INFO] Rule:225 - rule Assign TIMx context if used as SYS timebase is applicable
2025-08-15 19:23:55,583 [INFO] Rule:225 - rule Change GPIO_Pu Default Value for I2C is applicable
2025-08-15 19:23:55,583 [INFO] Rule:225 - rule Change GPIO_Pu Default Value for SMBus is applicable
2025-08-15 19:23:55,583 [INFO] Rule:225 - rule change FDCAN default value is applicable
2025-08-15 19:23:55,583 [INFO] Rule:225 - rule Change mode sai is applicable
2025-08-15 19:23:55,583 [INFO] Rule:225 - rule **Change sai mode is applicable
2025-08-15 19:23:55,611 [INFO] DbConfProperties:305 - Apply Compatibility (49/248 Rules)
2025-08-15 19:23:55,627 [INFO] ImportTextPane:193 - (OptionalMessage_ERROR) Unable to find key (Mcu.ThirdPartyNb) in loaded IOC file
2025-08-15 19:23:55,767 [INFO] RtosManager:489 - Registered RTOS mode: class=CMSIS, group=RTOS, mode=CMSIS_V1, owner=FREERTOS
2025-08-15 19:23:55,767 [INFO] RtosManager:489 - Registered RTOS mode: class=CMSIS, group=RTOS2, mode=CMSIS_V2, owner=FREERTOS
2025-08-15 19:23:55,767 [INFO] RtosManager:489 - Registered RTOS mode: class=RTOS, group=Core, mode=CMSIS_V1, owner=FREERTOS
2025-08-15 19:23:55,767 [INFO] RtosManager:489 - Registered RTOS mode: class=RTOS, group=Core, mode=CMSIS_V2, owner=FREERTOS
2025-08-15 19:23:55,767 [WARN] ModelIntegratedComponent:185 - Missing modes for component STMicroelectronics:FreeRTOS:0.0.1:STMicroelectronics:RTOS:FreeRTOS:Core:::10.2.0:
2025-08-15 19:23:55,770 [WARN] ModelIntegratedComponent:64 - No mode defined for component null
2025-08-15 19:23:55,770 [WARN] ModelIntegratedComponent:64 - No mode defined for component null
2025-08-15 19:23:55,770 [WARN] ModelIntegratedComponent:64 - No mode defined for component null
2025-08-15 19:23:55,770 [WARN] ModelIntegratedComponent:64 - No mode defined for component null
2025-08-15 19:23:55,770 [WARN] ModelIntegratedComponent:64 - No mode defined for component null
2025-08-15 19:23:55,770 [WARN] ModelIntegratedComponent:64 - No mode defined for component null
2025-08-15 19:23:55,770 [WARN] ModelIntegratedComponent:64 - No mode defined for component null
2025-08-15 19:23:55,770 [WARN] ModelIntegratedComponent:64 - No mode defined for component null
2025-08-15 19:23:55,770 [WARN] ModelIntegratedComponent:64 - No mode defined for component null
2025-08-15 19:23:55,770 [WARN] ModelIntegratedComponent:64 - No mode defined for component null
2025-08-15 19:23:55,770 [WARN] ModelIntegratedComponent:64 - No mode defined for component null
2025-08-15 19:23:55,770 [WARN] ModelIntegratedComponent:64 - No mode defined for component null
2025-08-15 19:23:55,770 [WARN] ModelIntegratedComponent:64 - No mode defined for component null
2025-08-15 19:23:55,770 [WARN] ModelIntegratedComponent:64 - No mode defined for component null
2025-08-15 19:23:55,771 [WARN] ModelIntegratedComponent:64 - No mode defined for component null
2025-08-15 19:23:55,771 [WARN] ModelIntegratedComponent:64 - No mode defined for component null
2025-08-15 19:23:55,771 [WARN] ModelIntegratedComponent:64 - No mode defined for component null
2025-08-15 19:23:55,771 [WARN] ModelIntegratedComponent:64 - No mode defined for component null
2025-08-15 19:23:55,771 [WARN] ModelIntegratedComponent:64 - No mode defined for component null
2025-08-15 19:23:55,771 [WARN] ModelIntegratedComponent:64 - No mode defined for component null
2025-08-15 19:23:55,771 [WARN] ModelIntegratedComponent:64 - No mode defined for component null
2025-08-15 19:23:55,771 [WARN] ModelIntegratedComponent:64 - No mode defined for component null
2025-08-15 19:23:55,771 [WARN] ModelIntegratedComponent:64 - No mode defined for component null
2025-08-15 19:23:55,771 [WARN] ModelIntegratedComponent:64 - No mode defined for component null
2025-08-15 19:23:55,771 [WARN] ModelIntegratedComponent:64 - No mode defined for component null
2025-08-15 19:23:55,771 [WARN] ModelIntegratedComponent:64 - No mode defined for component null
2025-08-15 19:23:55,771 [WARN] ModelIntegratedComponent:64 - No mode defined for component null
2025-08-15 19:23:55,771 [WARN] ModelIntegratedComponent:64 - No mode defined for component null
2025-08-15 19:23:55,771 [WARN] ModelIntegratedComponent:64 - No mode defined for component null
2025-08-15 19:23:55,771 [WARN] ModelIntegratedComponent:64 - No mode defined for component null
2025-08-15 19:23:55,771 [WARN] ModelIntegratedComponent:64 - No mode defined for component null
2025-08-15 19:23:55,771 [WARN] ModelIntegratedComponent:64 - No mode defined for component null
2025-08-15 19:23:55,771 [WARN] ModelIntegratedComponent:64 - No mode defined for component null
2025-08-15 19:23:56,254 [INFO] ThirdPartyModel:294 - Start build external matchings
2025-08-15 19:23:58,908 [INFO] ThirdPartyModel:310 - End build external matchings
2025-08-15 19:23:58,931 [INFO] ImportTextPane:193 - (OptionalMessage_ERROR) IP (RCC) : Invalid parameter (48MHZClocksFreq_Value)
2025-08-15 19:23:58,931 [INFO] ImportTextPane:193 - (OptionalMessage_ERROR) IP (RCC) : Invalid parameter (EthernetFreq_Value)
2025-08-15 19:23:58,932 [INFO] ImportTextPane:193 - (OptionalMessage_ERROR) IP (RCC) : Parameter (FLatency) has Id (AdvancedSettings) currently not set
2025-08-15 19:23:58,932 [INFO] ImportTextPane:193 - (OptionalMessage_ERROR) IP (RCC) : Invalid parameter (FamilyName)
2025-08-15 19:23:58,932 [INFO] ImportTextPane:193 - (OptionalMessage_ERROR) IP (RCC) : Invalid parameter (I2SClocksFreq_Value)
2025-08-15 19:23:58,932 [INFO] ImportTextPane:193 - (OptionalMessage_ERROR) IP (RCC) : Parameter (SDIOFreq_Value) has invalid value (168000000)
2025-08-15 19:23:58,932 [INFO] ImportTextPane:193 - (OptionalMessage_ERROR) IP (RCC) : Parameter (USBFreq_Value) has invalid value (168000000)
2025-08-15 19:23:58,933 [INFO] ImportTextPane:193 - (OptionalMessage_ERROR) IP (RCC) : Invalid parameter (VCOInputMFreq_Value)
2025-08-15 19:23:58,933 [INFO] ImportTextPane:193 - (OptionalMessage_ERROR) IP (RCC) : Invalid parameter (VcooutputI2S)
2025-08-15 19:23:59,098 [INFO] UtilMem:74 - End LoadConfig() Used Memory: 866317056 Bytes (1073741824)
2025-08-15 19:23:59,106 [WARN] ThirdParty:807 - waiting for thirdparty lock release [change project]
2025-08-15 19:23:59,107 [INFO] ThirdParty:809 - entering critical section [change project]
2025-08-15 19:23:59,107 [INFO] ThirdParty:999 - CMSIS Pack Vendor :STMicroelectronics X-CUBE-PM33A1 1.0.0
2025-08-15 19:23:59,107 [INFO] ThirdParty:999 - CMSIS Pack Vendor :STMicroelectronics X-CUBE-GNSS1 6.0.0
2025-08-15 19:23:59,107 [INFO] ThirdParty:999 - CMSIS Pack Vendor :STMicroelectronics USB_HOST 2.0.0
2025-08-15 19:23:59,107 [INFO] ThirdParty:999 - CMSIS Pack Vendor :STMicroelectronics FP-SNS-MOTENVWB1 1.4.0
2025-08-15 19:23:59,107 [INFO] ThirdParty:999 - CMSIS Pack Vendor :STMicroelectronics X-CUBE-AZRTOS-F4 1.1.0
2025-08-15 19:23:59,107 [INFO] ThirdParty:999 - CMSIS Pack Vendor :STMicroelectronics LIBJPEG 8.0.0
2025-08-15 19:23:59,107 [INFO] ThirdParty:999 - CMSIS Pack Vendor :STMicroelectronics FP-ATR-ASTRA1 2.0.2
2025-08-15 19:23:59,107 [INFO] ThirdParty:999 - CMSIS Pack Vendor :STMicroelectronics X-CUBE-SMBUS 2.1.0
2025-08-15 19:23:59,107 [INFO] ThirdParty:999 - CMSIS Pack Vendor :STMicroelectronics X-CUBE-ISPU 2.1.0
2025-08-15 19:23:59,107 [INFO] ThirdParty:999 - CMSIS Pack Vendor :STMicroelectronics X-CUBE-FREERTOS 1.2.0
2025-08-15 19:23:59,107 [INFO] ThirdParty:999 - CMSIS Pack Vendor :wolfSSL I-CUBE-wolfSSL 5.6.6
2025-08-15 19:23:59,107 [INFO] ThirdParty:999 - CMSIS Pack Vendor :STMicroelectronics X-CUBE-TOUCHGFX 4.23.0
2025-08-15 19:23:59,107 [INFO] ThirdParty:999 - CMSIS Pack Vendor :STMicroelectronics X-CUBE-NFC12 1.0.0
2025-08-15 19:23:59,107 [INFO] ThirdParty:999 - CMSIS Pack Vendor :STMicroelectronics X-CUBE-TOUCHGFX 4.23.2
2025-08-15 19:23:59,107 [INFO] ThirdParty:999 - CMSIS Pack Vendor :STMicroelectronics X-CUBE-AZRTOS-F7 1.1.0
2025-08-15 19:23:59,107 [INFO] ThirdParty:999 - CMSIS Pack Vendor :STMicroelectronics X-CUBE-AZRTOS-L5 2.0.0
2025-08-15 19:23:59,107 [INFO] ThirdParty:999 - CMSIS Pack Vendor :STMicroelectronics USB_DEVICE 2.0.0
2025-08-15 19:23:59,107 [INFO] ThirdParty:999 - CMSIS Pack Vendor :STMicroelectronics X-CUBE-NFC6 3.1.0
2025-08-15 19:23:59,107 [INFO] ThirdParty:999 - CMSIS Pack Vendor :ITTIA_DB I-CUBE-ITTIADB 8.8.0
2025-08-15 19:23:59,108 [INFO] ThirdParty:999 - CMSIS Pack Vendor :STMicroelectronics FP-SNS-MOTENV1 4.3.2
2025-08-15 19:23:59,108 [INFO] ThirdParty:999 - CMSIS Pack Vendor :STMicroelectronics X-CUBE-MEMS1 11.0.0
2025-08-15 19:23:59,108 [INFO] ThirdParty:999 - CMSIS Pack Vendor :STMicroelectronics FreeRTOS 0.0.1
2025-08-15 19:23:59,108 [INFO] ThirdParty:999 - CMSIS Pack Vendor :STMicroelectronics X-CUBE-BLEMGR 2.0.0
2025-08-15 19:23:59,108 [INFO] ThirdParty:999 - CMSIS Pack Vendor :STMicroelectronics FP-SNS-FLIGHT1 5.0.2
2025-08-15 19:23:59,108 [INFO] ThirdParty:999 - CMSIS Pack Vendor :STMicroelectronics X-CUBE-AI 9.0.0
2025-08-15 19:23:59,108 [INFO] ThirdParty:999 - CMSIS Pack Vendor :STMicroelectronics PDM2PCM 3.3.0
2025-08-15 19:23:59,108 [INFO] ThirdParty:999 - CMSIS Pack Vendor :STMicroelectronics X-CUBE-AZRTOS-H7 3.4.0
2025-08-15 19:23:59,108 [INFO] ThirdParty:999 - CMSIS Pack Vendor :STMicroelectronics X-CUBE-BLE1 7.0.0
2025-08-15 19:23:59,108 [INFO] ThirdParty:999 - CMSIS Pack Vendor :STMicroelectronics X-CUBE-NFC10 1.0.0
2025-08-15 19:23:59,108 [INFO] ThirdParty:999 - CMSIS Pack Vendor :STMicroelectronics X-CUBE-FREERTOS 1.3.1
2025-08-15 19:23:59,108 [INFO] ThirdParty:999 - CMSIS Pack Vendor :STMicroelectronics HAL Drivers 0.0.0
2025-08-15 19:23:59,108 [INFO] ThirdParty:999 - CMSIS Pack Vendor :emotas I-CUBE-CANOPEN 1.3.0
2025-08-15 19:23:59,108 [INFO] ThirdParty:999 - CMSIS Pack Vendor :STMicroelectronics X-CUBE-NFC7 1.0.1
2025-08-15 19:23:59,108 [INFO] ThirdParty:999 - CMSIS Pack Vendor :STMicroelectronics MBEDTLS 2.14.1
2025-08-15 19:23:59,108 [INFO] ThirdParty:999 - CMSIS Pack Vendor :wolfSSL I-CUBE-wolfTPM 3.2.0
2025-08-15 19:23:59,108 [INFO] ThirdParty:999 - CMSIS Pack Vendor :STMicroelectronics X-CUBE-NFC6 3.0.0
2025-08-15 19:23:59,108 [INFO] ThirdParty:999 - CMSIS Pack Vendor :STMicroelectronics X-CUBE-EEPRMA1 4.1.0
2025-08-15 19:23:59,108 [INFO] ThirdParty:999 - CMSIS Pack Vendor :STMicroelectronics X-CUBE-BLEMGR 3.1.0
2025-08-15 19:23:59,108 [INFO] ThirdParty:999 - CMSIS Pack Vendor :STMicroelectronics X-CUBE-AZRTOS-WL 2.0.0
2025-08-15 19:23:59,108 [INFO] ThirdParty:999 - CMSIS Pack Vendor :STMicroelectronics FP-SNS-MOTENV1 5.0.0
2025-08-15 19:23:59,108 [INFO] ThirdParty:999 - CMSIS Pack Vendor :STMicroelectronics USB_DEVICE 1.0.0
2025-08-15 19:23:59,108 [INFO] ThirdParty:999 - CMSIS Pack Vendor :STMicroelectronics X-CUBE-AI 8.1.0
2025-08-15 19:23:59,108 [INFO] ThirdParty:999 - CMSIS Pack Vendor :wolfSSL I-CUBE-wolfMQTT 1.19.0
2025-08-15 19:23:59,109 [INFO] ThirdParty:999 - CMSIS Pack Vendor :STMicroelectronics X-CUBE-AZRTOS-L4 2.0.0
2025-08-15 19:23:59,109 [INFO] ThirdParty:999 - CMSIS Pack Vendor :STMicroelectronics ThreadX 0.0.2
2025-08-15 19:23:59,109 [INFO] ThirdParty:999 - CMSIS Pack Vendor :WES I-CUBE-Cesium 1.3.0
2025-08-15 19:23:59,109 [INFO] ThirdParty:999 - CMSIS Pack Vendor :STMicroelectronics lwIP 2.1.2
2025-08-15 19:23:59,109 [INFO] ThirdParty:999 - CMSIS Pack Vendor :STMicroelectronics X-CUBE-SFXS2LP1 4.0.0
2025-08-15 19:23:59,109 [INFO] ThirdParty:999 - CMSIS Pack Vendor :STMicroelectronics X-CUBE-BLE2 3.3.0
2025-08-15 19:23:59,109 [INFO] ThirdParty:999 - CMSIS Pack Vendor :STMicroelectronics PDM2PCM 3.2.0
2025-08-15 19:23:59,109 [INFO] ThirdParty:999 - CMSIS Pack Vendor :STMicroelectronics X-CUBE-AZRTOS-H7 3.3.0
2025-08-15 19:23:59,109 [INFO] ThirdParty:999 - CMSIS Pack Vendor :STMicroelectronics X-CUBE-NFC9 1.0.0
2025-08-15 19:23:59,109 [INFO] ThirdParty:999 - CMSIS Pack Vendor :STMicroelectronics X-CUBE-BLE1 7.1.0
2025-08-15 19:23:59,109 [INFO] ThirdParty:999 - CMSIS Pack Vendor :STMicroelectronics USB_DEVICE 3.0.0
2025-08-15 19:23:59,109 [INFO] ThirdParty:999 - CMSIS Pack Vendor :STMicroelectronics X-CUBE-TCPP 4.1.0
2025-08-15 19:23:59,109 [INFO] ThirdParty:999 - CMSIS Pack Vendor :STMicroelectronics X-CUBE-EEPRMA1 5.2.0
2025-08-15 19:23:59,109 [INFO] ThirdParty:999 - CMSIS Pack Vendor :STMicroelectronics X-CUBE-AZRTOS-WB 2.0.0
2025-08-15 19:23:59,109 [INFO] ThirdParty:999 - CMSIS Pack Vendor :STMicroelectronics X-CUBE-GNSS1 7.0.1
2025-08-15 19:23:59,109 [INFO] ThirdParty:999 - CMSIS Pack Vendor :STMicroelectronics X-CUBE-TOUCHGFX 4.25.0
2025-08-15 19:23:59,109 [INFO] ThirdParty:999 - CMSIS Pack Vendor :STMicroelectronics X-CUBE-AI 10.1.0
2025-08-15 19:23:59,109 [INFO] ThirdParty:999 - CMSIS Pack Vendor :STMicroelectronics X-CUBE-ALGOBUILD 1.3.0
2025-08-15 19:23:59,109 [INFO] ThirdParty:999 - CMSIS Pack Vendor :STMicroelectronics X-CUBE-MEMS1 11.2.0
2025-08-15 19:23:59,109 [INFO] ThirdParty:999 - CMSIS Pack Vendor :STMicroelectronics X-CUBE-AZRTOS-G0 1.1.0
2025-08-15 19:23:59,109 [INFO] ThirdParty:999 - CMSIS Pack Vendor :STMicroelectronics X-CUBE-SAFEA1 1.2.2
2025-08-15 19:23:59,110 [INFO] ThirdParty:999 - CMSIS Pack Vendor :STMicroelectronics X-CUBE-NFC4 3.0.0
2025-08-15 19:23:59,110 [INFO] ThirdParty:999 - CMSIS Pack Vendor :STMicroelectronics X-CUBE-SUBG2 5.0.0
2025-08-15 19:23:59,110 [INFO] ThirdParty:999 - CMSIS Pack Vendor :STMicroelectronics X-CUBE-AZRTOS-H7RS 1.1.0
2025-08-15 19:23:59,110 [INFO] ThirdParty:999 - CMSIS Pack Vendor :STMicroelectronics STM32_WPAN 1.0.0
2025-08-15 19:23:59,110 [INFO] ThirdParty:999 - CMSIS Pack Vendor :STMicroelectronics lwIP 2.0.3
2025-08-15 19:23:59,110 [INFO] ThirdParty:999 - CMSIS Pack Vendor :STMicroelectronics USB_HOST 1.0.0
2025-08-15 19:23:59,110 [INFO] ThirdParty:999 - CMSIS Pack Vendor :STMicroelectronics X-CUBE-AZRTOS-G4 2.0.0
2025-08-15 19:23:59,110 [INFO] ThirdParty:999 - CMSIS Pack Vendor :STMicroelectronics X-CUBE-WB05N 2.0.0
2025-08-15 19:23:59,110 [INFO] ThirdParty:999 - CMSIS Pack Vendor :STMicroelectronics PDM2PCM 3.1.0
2025-08-15 19:23:59,110 [INFO] ThirdParty:999 - CMSIS Pack Vendor :Infineon AIROC-Wi-Fi-Bluetooth-STM32 1.5.1
2025-08-15 19:23:59,110 [INFO] ThirdParty:999 - CMSIS Pack Vendor :STMicroelectronics X-CUBE-BLEMGR 3.0.0
2025-08-15 19:23:59,110 [INFO] ThirdParty:999 - CMSIS Pack Vendor :STMicroelectronics X-CUBE-NFC7 2.0.0
2025-08-15 19:23:59,110 [INFO] ThirdParty:999 - CMSIS Pack Vendor :STMicroelectronics FP-SNS-MOTENVWB1 1.3.1
2025-08-15 19:23:59,110 [INFO] ThirdParty:999 - CMSIS Pack Vendor :STMicroelectronics FP-ATR-SIGFOX1 3.2.0
2025-08-15 19:23:59,110 [INFO] ThirdParty:999 - CMSIS Pack Vendor :STMicroelectronics X-CUBE-ISPU 2.0.0
2025-08-15 19:23:59,110 [INFO] ThirdParty:999 - CMSIS Pack Vendor :STMicroelectronics X-CUBE-EEPRMA1 5.1.0
2025-08-15 19:23:59,110 [INFO] ThirdParty:999 - CMSIS Pack Vendor :STMicroelectronics MBEDTLS 2.16.2
2025-08-15 19:23:59,110 [INFO] ThirdParty:999 - CMSIS Pack Vendor :STMicroelectronics X-CUBE-ALS 1.0.2
2025-08-15 19:23:59,110 [INFO] ThirdParty:999 - CMSIS Pack Vendor :STMicroelectronics X-CUBE-MEMS1 10.0.0
2025-08-15 19:23:59,110 [INFO] ThirdParty:999 - CMSIS Pack Vendor :STMicroelectronics X-CUBE-FREERTOS 1.1.0
2025-08-15 19:23:59,110 [INFO] ThirdParty:999 - CMSIS Pack Vendor :STMicroelectronics X-CUBE-TOUCHGFX 4.24.0
2025-08-15 19:23:59,110 [INFO] ThirdParty:999 - CMSIS Pack Vendor :portGmbH I-Cube-SoM-uGOAL 1.1.0
2025-08-15 19:23:59,110 [INFO] ThirdParty:999 - CMSIS Pack Vendor :STMicroelectronics X-CUBE-ALS 1.0.1
2025-08-15 19:23:59,111 [INFO] ThirdParty:999 - CMSIS Pack Vendor :STMicroelectronics X-CUBE-AI 10.2.0
2025-08-15 19:23:59,111 [INFO] ThirdParty:999 - CMSIS Pack Vendor :STMicroelectronics ThreadX 1.0.0
2025-08-15 19:23:59,111 [INFO] ThirdParty:999 - CMSIS Pack Vendor :SEGGER I-CUBE-embOS 1.3.1
2025-08-15 19:23:59,111 [INFO] ThirdParty:999 - CMSIS Pack Vendor :STMicroelectronics X-CUBE-ALGOBUILD 1.4.0
2025-08-15 19:23:59,111 [INFO] ThirdParty:999 - CMSIS Pack Vendor :STMicroelectronics X-CUBE-MEMS1 11.3.0
2025-08-15 19:23:59,111 [INFO] ThirdParty:999 - CMSIS Pack Vendor :STMicroelectronics X-CUBE-AZRTOS-H7RS 1.0.0
2025-08-15 19:23:59,111 [INFO] ThirdParty:999 - CMSIS Pack Vendor :STMicroelectronics FP-ATR-ASTRA1 2.0.0
2025-08-15 19:23:59,111 [INFO] ThirdParty:999 - CMSIS Pack Vendor :STMicroelectronics X-CUBE-TOF1 3.4.0
2025-08-15 19:23:59,111 [INFO] ThirdParty:999 - CMSIS Pack Vendor :STMicroelectronics X-CUBE-TOF1 3.4.1
2025-08-15 19:23:59,111 [INFO] ThirdParty:999 - CMSIS Pack Vendor :STMicroelectronics X-CUBE-AZRTOS-H7 3.2.0
2025-08-15 19:23:59,111 [INFO] ThirdParty:999 - CMSIS Pack Vendor :wolfSSL I-CUBE-wolfSSH 1.4.17
2025-08-15 19:23:59,111 [INFO] ThirdParty:815 - exiting critical section [change project]
2025-08-15 19:23:59,332 [INFO] PinOutPanel:1477 - setPackage(No Configuration,No Configuration)
2025-08-15 19:23:59,332 [INFO] PinOutPanel:1477 - setPackage(STM32F446RETx,LQFP64)
2025-08-15 19:23:59,587 [INFO] UtilMem:74 - Before build in PCC Used Memory: 837653104 Bytes (1073741824)
2025-08-15 19:23:59,758 [INFO] UtilMem:74 - After build in PCC Used Memory: 887458416 Bytes (1073741824)
2025-08-15 19:23:59,785 [INFO] IPUIPlugin:79 - create IPUIPlugin
2025-08-15 19:23:59,785 [INFO] IPUIPlugin:79 - create IPUIPlugin
2025-08-15 19:23:59,785 [INFO] IPUIPlugin:79 - create IPUIPlugin
2025-08-15 19:23:59,785 [INFO] IPUIPlugin:79 - create IPUIPlugin
2025-08-15 19:23:59,785 [INFO] IPUIPlugin:79 - create IPUIPlugin
2025-08-15 19:23:59,785 [INFO] IPUIPlugin:79 - create IPUIPlugin
2025-08-15 19:23:59,786 [INFO] IPUIPlugin:79 - create IPUIPlugin
2025-08-15 19:23:59,786 [INFO] IPUIPlugin:79 - create IPUIPlugin
2025-08-15 19:23:59,786 [INFO] IPUIPlugin:79 - create IPUIPlugin
2025-08-15 19:23:59,786 [INFO] IPUIPlugin:79 - create IPUIPlugin
2025-08-15 19:23:59,786 [INFO] IPUIPlugin:79 - create IPUIPlugin
2025-08-15 19:23:59,787 [INFO] IPUIPlugin:79 - create IPUIPlugin
2025-08-15 19:23:59,787 [INFO] IPUIPlugin:79 - create IPUIPlugin
2025-08-15 19:23:59,787 [INFO] IPUIPlugin:79 - create IPUIPlugin
2025-08-15 19:23:59,787 [INFO] IPUIPlugin:79 - create IPUIPlugin
2025-08-15 19:23:59,788 [INFO] IPUIPlugin:79 - create IPUIPlugin
2025-08-15 19:23:59,788 [INFO] IPUIPlugin:79 - create IPUIPlugin
2025-08-15 19:23:59,788 [INFO] IPUIPlugin:79 - create IPUIPlugin
2025-08-15 19:23:59,788 [INFO] IPUIPlugin:79 - create IPUIPlugin
2025-08-15 19:23:59,788 [INFO] IPUIPlugin:79 - create IPUIPlugin
2025-08-15 19:23:59,789 [INFO] IPUIPlugin:79 - create IPUIPlugin
2025-08-15 19:23:59,789 [INFO] IPUIPlugin:79 - create IPUIPlugin
2025-08-15 19:23:59,789 [INFO] IPUIPlugin:79 - create IPUIPlugin
2025-08-15 19:23:59,789 [INFO] IPUIPlugin:79 - create IPUIPlugin
2025-08-15 19:23:59,790 [INFO] IPUIPlugin:79 - create IPUIPlugin
2025-08-15 19:23:59,790 [INFO] IPUIPlugin:79 - create IPUIPlugin
2025-08-15 19:23:59,790 [INFO] IPUIPlugin:79 - create IPUIPlugin
2025-08-15 19:23:59,791 [INFO] IPUIPlugin:79 - create IPUIPlugin
2025-08-15 19:23:59,791 [INFO] IPUIPlugin:79 - create IPUIPlugin
2025-08-15 19:23:59,791 [INFO] IPUIPlugin:79 - create IPUIPlugin
2025-08-15 19:23:59,792 [INFO] IPUIPlugin:79 - create IPUIPlugin
2025-08-15 19:23:59,792 [INFO] IPUIPlugin:79 - create IPUIPlugin
2025-08-15 19:23:59,792 [INFO] IPUIPlugin:79 - create IPUIPlugin
2025-08-15 19:23:59,793 [INFO] IPUIPlugin:79 - create IPUIPlugin
2025-08-15 19:23:59,793 [INFO] IPUIPlugin:79 - create IPUIPlugin
2025-08-15 19:23:59,793 [INFO] IPUIPlugin:79 - create IPUIPlugin
2025-08-15 19:23:59,793 [INFO] IPUIPlugin:79 - create IPUIPlugin
2025-08-15 19:23:59,794 [INFO] IPUIPlugin:79 - create IPUIPlugin
2025-08-15 19:23:59,794 [INFO] IPUIPlugin:79 - create IPUIPlugin
2025-08-15 19:23:59,794 [INFO] IPUIPlugin:79 - create IPUIPlugin
2025-08-15 19:23:59,794 [INFO] IPUIPlugin:79 - create IPUIPlugin
2025-08-15 19:23:59,794 [INFO] IPUIPlugin:79 - create IPUIPlugin
2025-08-15 19:23:59,794 [INFO] IPUIPlugin:79 - create IPUIPlugin
2025-08-15 19:23:59,795 [INFO] IPUIPlugin:79 - create IPUIPlugin
2025-08-15 19:23:59,795 [INFO] IPUIPlugin:79 - create IPUIPlugin
2025-08-15 19:23:59,795 [INFO] IPUIPlugin:79 - create IPUIPlugin
2025-08-15 19:23:59,795 [INFO] IPUIPlugin:79 - create IPUIPlugin
2025-08-15 19:23:59,795 [INFO] IPUIPlugin:79 - create IPUIPlugin
2025-08-15 19:23:59,795 [INFO] IPUIPlugin:79 - create IPUIPlugin
2025-08-15 19:23:59,796 [INFO] IPUIPlugin:79 - create IPUIPlugin
2025-08-15 19:23:59,796 [INFO] IPUIPlugin:79 - create IPUIPlugin
2025-08-15 19:23:59,796 [INFO] IPUIPlugin:79 - create IPUIPlugin
2025-08-15 19:23:59,797 [INFO] IPUIPlugin:79 - create IPUIPlugin
2025-08-15 19:23:59,797 [INFO] IPUIPlugin:79 - create IPUIPlugin
2025-08-15 19:23:59,797 [INFO] IPUIPlugin:79 - create IPUIPlugin
2025-08-15 19:23:59,798 [INFO] IPUIPlugin:79 - create IPUIPlugin
2025-08-15 19:23:59,798 [INFO] IPUIPlugin:79 - create IPUIPlugin
2025-08-15 19:23:59,799 [INFO] IPUIPlugin:79 - create IPUIPlugin
2025-08-15 19:23:59,800 [INFO] IPUIPlugin:79 - create IPUIPlugin
2025-08-15 19:23:59,801 [INFO] IPUIPlugin:79 - create IPUIPlugin
2025-08-15 19:23:59,803 [INFO] ApiDbMcu:505 - Load IP Config File for PDM2PCM
2025-08-15 19:23:59,856 [INFO] CADModel:164 - CPN selected for project levelSTM32F446RET6
2025-08-15 19:23:59,857 [INFO] CADModel:113 - Register for checkConnection events
2025-08-15 19:23:59,895 [INFO] OpenFileManager:327 - Restore cursor
2025-08-15 19:24:00,217 [INFO] UtilMem:74 - End SaveConfig() Used Memory: 904953112 Bytes (1073741824)
2025-08-15 19:24:00,284 [INFO] UtilMem:74 - End SaveConfig() Used Memory: 925264736 Bytes (1073741824)
2025-08-15 19:24:00,533 [INFO] BlockDiagram:2759 - set Specific Code input for plugin: SYS
2025-08-15 19:24:00,533 [INFO] BlockDiagram:2759 - set Specific Code input for plugin: RCC
2025-08-15 19:24:00,533 [INFO] BlockDiagram:2759 - set Specific Code input for plugin: NVIC
2025-08-15 19:24:00,533 [INFO] BlockDiagram:2759 - set Specific Code input for plugin: USART
2025-08-15 19:24:00,533 [INFO] BlockDiagram:2759 - set Specific Code input for plugin: GPIO
2025-08-15 19:24:00,534 [INFO] CodeGenerator:692 - code generatio: config db path: /opt/st/stm32cubeide_1.11.0/plugins/com.st.stm32cube.common.mx_6.7.0.202211181646//db/
2025-08-15 19:24:00,743 [INFO] CodeEngine:247 - oldGeneratedFile, /home/boobathi/new_stm32_workspace/MQ135/MXTmpFiles/license.tmp_save
2025-08-15 19:24:00,841 [INFO] CodeEngine:271 - Generated code: /home/boobathi/new_stm32_workspace/MQ135/MXTmpFiles/license.tmp
2025-08-15 19:24:00,863 [INFO] CodeEngine:247 - oldGeneratedFile, /home/boobathi/new_stm32_workspace/MQ135/MXTmpFiles/gpio.tmp_save
2025-08-15 19:24:00,982 [INFO] CodeEngine:271 - Generated code: /home/boobathi/new_stm32_workspace/MQ135/MXTmpFiles/gpio.tmp
2025-08-15 19:24:01,017 [INFO] CodeEngine:247 - oldGeneratedFile, /home/boobathi/new_stm32_workspace/MQ135/Core/Src/stm32f4xx_it.c_save
2025-08-15 19:24:01,194 [INFO] CodeEngine:271 - Generated code: /home/boobathi/new_stm32_workspace/MQ135/Core/Src/stm32f4xx_it.c
2025-08-15 19:24:01,195 [INFO] CodeEngine:247 - oldGeneratedFile, /home/boobathi/new_stm32_workspace/MQ135/Core/Inc/stm32f4xx_it.h_save
2025-08-15 19:24:01,244 [INFO] CodeEngine:271 - Generated code: /home/boobathi/new_stm32_workspace/MQ135/Core/Inc/stm32f4xx_it.h
2025-08-15 19:24:01,246 [INFO] CodeEngine:247 - oldGeneratedFile, /home/boobathi/new_stm32_workspace/MQ135/Core/Src/stm32f4xx_hal_msp.c_save
2025-08-15 19:24:01,336 [INFO] CodeEngine:271 - Generated code: /home/boobathi/new_stm32_workspace/MQ135/Core/Src/stm32f4xx_hal_msp.c
2025-08-15 19:24:01,337 [INFO] CodeEngine:247 - oldGeneratedFile, /home/boobathi/new_stm32_workspace/MQ135/MXTmpFiles/system.tmp_save
2025-08-15 19:24:01,401 [INFO] CodeEngine:271 - Generated code: /home/boobathi/new_stm32_workspace/MQ135/MXTmpFiles/system.tmp
2025-08-15 19:24:01,403 [INFO] CodeEngine:303 - oldGeneratedFile, /home/boobathi/new_stm32_workspace/MQ135/Core/Inc/stm32f4xx_hal_conf.h_save
2025-08-15 19:24:01,482 [INFO] CodeEngine:327 - Generated code: /home/boobathi/new_stm32_workspace/MQ135/Core/Inc/stm32f4xx_hal_conf.h
2025-08-15 19:24:01,504 [WARN] IPConfigManager:2928 - Warning: the RefConfig PLL2P_FOR_MCO is not available in your config.xml file
2025-08-15 19:24:01,511 [INFO] CodeEngine:247 - oldGeneratedFile, /home/boobathi/new_stm32_workspace/MQ135/Core/Inc/main.h_save
2025-08-15 19:24:01,629 [INFO] CodeEngine:271 - Generated code: /home/boobathi/new_stm32_workspace/MQ135/Core/Inc/main.h
2025-08-15 19:24:01,630 [INFO] CodeEngine:247 - oldGeneratedFile, /home/boobathi/new_stm32_workspace/MQ135/Core/Src/main.c_save
2025-08-15 19:24:01,734 [INFO] CodeEngine:271 - Generated code: /home/boobathi/new_stm32_workspace/MQ135/Core/Src/main.c
2025-08-15 19:24:02,277 [INFO] ProjectBuilder:2919 - Time for Copy HAL[1] : 18mS.
2025-08-15 19:24:02,278 [INFO] ProjectBuilder:4183 - Project Generator version: 3.18.0-B7
2025-08-15 19:24:02,579 [INFO] ConfigFileManager:1396 - The Die is : DIE421
2025-08-15 19:24:02,582 [INFO] ApiDbMcu:505 - Load IP Config File for FATFS
2025-08-15 19:24:02,585 [INFO] ApiDbMcu:505 - Load IP Config File for FREERTOS
2025-08-15 19:24:02,586 [INFO] ApiDbMcu:505 - Load IP Config File for LIBJPEG
2025-08-15 19:24:02,592 [INFO] ApiDbMcu:505 - Load IP Config File for MBEDTLS
2025-08-15 19:24:02,599 [INFO] ApiDbMcu:505 - Load IP Config File for USB_DEVICE
2025-08-15 19:24:02,602 [INFO] ApiDbMcu:505 - Load IP Config File for USB_HOST
2025-08-15 19:24:07,276 [INFO] ProjectBuilder:4351 - Time for Generating toolchain IDE Files: 4998mS.
2025-08-15 19:24:07,276 [INFO] ProjectBuilder:2790 - Time for Copy CMSIS : 0mS.
2025-08-15 19:24:07,277 [INFO] ProjectBuilder:2790 - Time for Copy CMSIS : 0mS.
2025-08-15 19:24:07,900 [INFO] McuFinderGlobals:65 - Set McuFinderConnectedMode to true
2025-08-15 19:24:07,921 [INFO] ApiDb:447 - Save user favorites file /home/boobathi/.stm32cubeide/favorites.mcus.txt: 0 item(s)
2025-08-15 19:24:07,921 [INFO] ApiDb:451 - User favorites MCUs=[]
2025-08-15 19:24:07,921 [INFO] ApiDb:447 - Save user favorites file /home/boobathi/.stm32cubeide/favorites.boards.txt: 1 item(s)
2025-08-15 19:24:07,921 [INFO] ApiDb:451 - User favorites Boards=[NUCLEO-F446RE]
2025-08-15 19:24:15,398 [INFO] ADCParametersView:113 -                Rank 1 : false
2025-08-15 19:24:15,425 [INFO] ADCParametersView:113 -                Rank 1 : false
2025-08-15 19:24:15,425 [INFO] ADCParametersView:113 -                Rank 1 : false
2025-08-15 19:24:15,425 [INFO] ADCParametersView:113 -                Rank 1 : false
2025-08-15 19:24:15,426 [INFO] ADCParametersView:113 -                Rank 1 : false
2025-08-15 19:24:15,426 [INFO] ADCParametersView:113 -                Rank 1 : false
2025-08-15 19:24:15,426 [INFO] ADCParametersView:113 -                Rank 1 : false
2025-08-15 19:24:15,426 [INFO] ADCParametersView:113 -                Rank 1 : false
2025-08-15 19:24:15,426 [INFO] ADCParametersView:113 -                Rank 1 : false
2025-08-15 19:24:15,427 [INFO] ADCParametersView:113 -                Rank 1 : false
2025-08-15 19:24:15,427 [INFO] ADCParametersView:113 -                Rank 1 : false
2025-08-15 19:24:15,427 [INFO] ADCParametersView:113 -                Rank 1 : false
2025-08-15 19:24:15,427 [INFO] ADCParametersView:113 -                Rank 1 : false
2025-08-15 19:24:15,427 [INFO] ADCParametersView:113 -                Rank 1 : false
2025-08-15 19:24:15,427 [INFO] ADCParametersView:113 -                Rank 1 : false
2025-08-15 19:24:15,441 [INFO] ADCParametersView:113 -                Rank 1 : false
2025-08-15 19:24:15,557 [INFO] NvicIntPanel:100 - NVIC parent = com.st.microxplorer.plugins.ip.nvic.MultiNvicIntPanel[,0,0,0x0,invalid,layout=javax.swing.BoxLayout,alignmentX=0.0,alignmentY=0.0,border=,flags=9,maximumSize=,minimumSize=,preferredSize=]
2025-08-15 19:24:15,696 [INFO] NvicIntPanel:100 - NVIC parent = com.st.microxplorer.plugins.ip.nvic.MultiNvicIntPanel[,0,0,0x0,invalid,layout=javax.swing.BoxLayout,alignmentX=0.0,alignmentY=0.0,border=,flags=9,maximumSize=,minimumSize=,preferredSize=]
2025-08-15 19:24:15,858 [INFO] NvicIntPanel:100 - NVIC parent = com.st.microxplorer.plugins.ip.nvic.MultiNvicIntPanel[,0,0,0x0,invalid,layout=javax.swing.BoxLayout,alignmentX=0.0,alignmentY=0.0,border=,flags=9,maximumSize=,minimumSize=,preferredSize=]
2025-08-15 19:24:16,026 [INFO] ADCParametersView:113 -                Rank 1 : false
2025-08-15 19:24:16,026 [INFO] ADCParametersView:113 -                Rank 1 : false
2025-08-15 19:24:16,026 [INFO] ADCParametersView:113 -                Rank 1 : false
2025-08-15 19:24:16,026 [INFO] ADCParametersView:113 -                Rank 1 : false
2025-08-15 19:24:16,026 [INFO] ADCParametersView:113 -                Rank 1 : false
2025-08-15 19:24:16,026 [INFO] ADCParametersView:113 -                Rank 1 : false
2025-08-15 19:24:16,026 [INFO] ADCParametersView:113 -                Rank 1 : false
2025-08-15 19:24:16,026 [INFO] ADCParametersView:113 -                Rank 1 : false
2025-08-15 19:24:16,026 [INFO] ADCParametersView:113 -                Rank 1 : false
2025-08-15 19:24:16,026 [INFO] ADCParametersView:113 -                Rank 1 : false
2025-08-15 19:24:16,027 [INFO] ADCParametersView:113 -                Rank 1 : false
2025-08-15 19:24:16,027 [INFO] ADCParametersView:113 -                Rank 1 : false
2025-08-15 19:24:16,027 [INFO] ADCParametersView:113 -                Rank 1 : false
2025-08-15 19:24:16,027 [INFO] ADCParametersView:113 -                Rank 1 : false
2025-08-15 19:24:16,069 [INFO] ADCParametersView:113 -                Rank 1 : false
2025-08-15 19:24:16,131 [INFO] ADCParametersView:113 -                Rank 1 : false
2025-08-15 19:24:16,131 [INFO] ADCParametersView:113 -                Rank 1 : false
2025-08-15 19:24:16,131 [INFO] ADCParametersView:113 -                Rank 1 : false
2025-08-15 19:24:16,131 [INFO] ADCParametersView:113 -                Rank 1 : false
2025-08-15 19:24:16,132 [INFO] ADCParametersView:113 -                Rank 1 : false
2025-08-15 19:24:16,132 [INFO] ADCParametersView:113 -                Rank 1 : false
2025-08-15 19:24:16,132 [INFO] ADCParametersView:113 -                Rank 1 : false
2025-08-15 19:24:16,132 [INFO] ADCParametersView:113 -                Rank 1 : false
2025-08-15 19:24:16,132 [INFO] ADCParametersView:113 -                Rank 1 : false
2025-08-15 19:24:16,132 [INFO] ADCParametersView:113 -                Rank 1 : false
2025-08-15 19:24:16,132 [INFO] ADCParametersView:113 -                Rank 1 : false
2025-08-15 19:24:16,132 [INFO] ADCParametersView:113 -                Rank 1 : false
2025-08-15 19:24:16,132 [INFO] ADCParametersView:113 -                Rank 1 : false
2025-08-15 19:24:16,132 [INFO] ADCParametersView:113 -                Rank 1 : false
2025-08-15 19:24:16,190 [INFO] ADCParametersView:113 -                Rank 1 : false
2025-08-15 19:25:25,958 [INFO] ADCParametersView:113 -                Rank 1 : false
2025-08-15 19:25:25,961 [INFO] ADCParametersView:113 -                Rank 1 : false
2025-08-15 19:25:25,962 [INFO] ADCParametersView:113 -                Rank 1 : false
2025-08-15 19:25:25,962 [INFO] ADCParametersView:113 -                Rank 1 : false
2025-08-15 19:25:25,962 [INFO] ADCParametersView:113 -                Rank 1 : false
2025-08-15 19:25:25,962 [INFO] ADCParametersView:113 -                Rank 1 : false
2025-08-15 19:25:25,963 [INFO] ADCParametersView:113 -                Rank 1 : false
2025-08-15 19:25:25,963 [INFO] ADCParametersView:113 -                Rank 1 : false
2025-08-15 19:25:25,963 [INFO] ADCParametersView:113 -                Rank 1 : false
2025-08-15 19:25:25,963 [INFO] ADCParametersView:113 -                Rank 1 : false
2025-08-15 19:25:25,963 [INFO] ADCParametersView:113 -                Rank 1 : false
2025-08-15 19:25:25,963 [INFO] ADCParametersView:113 -                Rank 1 : false
2025-08-15 19:25:25,963 [INFO] ADCParametersView:113 -                Rank 1 : false
2025-08-15 19:25:25,963 [INFO] ADCParametersView:113 -                Rank 1 : false
2025-08-15 19:25:25,974 [INFO] ADCParametersView:113 -                Rank 1 : false
2025-08-15 19:25:25,992 [INFO] ADCParametersView:113 -                Rank 1 : false
2025-08-15 19:25:25,993 [INFO] ADCParametersView:113 -                Rank 1 : false
2025-08-15 19:25:25,993 [INFO] ADCParametersView:113 -                Rank 1 : false
2025-08-15 19:25:25,993 [INFO] ADCParametersView:113 -                Rank 1 : false
2025-08-15 19:25:25,993 [INFO] ADCParametersView:113 -                Rank 1 : false
2025-08-15 19:25:25,993 [INFO] ADCParametersView:113 -                Rank 1 : false
2025-08-15 19:25:25,994 [INFO] ADCParametersView:113 -                Rank 1 : false
2025-08-15 19:25:25,994 [INFO] ADCParametersView:113 -                Rank 1 : false
2025-08-15 19:25:25,994 [INFO] ADCParametersView:113 -                Rank 1 : false
2025-08-15 19:25:25,994 [INFO] ADCParametersView:113 -                Rank 1 : false
2025-08-15 19:25:25,994 [INFO] ADCParametersView:113 -                Rank 1 : false
2025-08-15 19:25:25,994 [INFO] ADCParametersView:113 -                Rank 1 : false
2025-08-15 19:25:25,994 [INFO] ADCParametersView:113 -                Rank 1 : false
2025-08-15 19:25:25,994 [INFO] ADCParametersView:113 -                Rank 1 : false
2025-08-15 19:25:26,005 [INFO] ADCParametersView:113 -                Rank 1 : false
2025-08-15 19:25:26,060 [INFO] ADCParametersView:113 -                Rank 1 : false
2025-08-15 19:25:26,061 [INFO] ADCParametersView:113 -                Rank 1 : false
2025-08-15 19:25:26,061 [INFO] ADCParametersView:113 -                Rank 1 : false
2025-08-15 19:25:26,061 [INFO] ADCParametersView:113 -                Rank 1 : false
2025-08-15 19:25:26,061 [INFO] ADCParametersView:113 -                Rank 1 : false
2025-08-15 19:25:26,061 [INFO] ADCParametersView:113 -                Rank 1 : false
2025-08-15 19:25:26,061 [INFO] ADCParametersView:113 -                Rank 1 : false
2025-08-15 19:25:26,062 [INFO] ADCParametersView:113 -                Rank 1 : false
2025-08-15 19:25:26,062 [INFO] ADCParametersView:113 -                Rank 1 : false
2025-08-15 19:25:26,062 [INFO] ADCParametersView:113 -                Rank 1 : false
2025-08-15 19:25:26,062 [INFO] ADCParametersView:113 -                Rank 1 : false
2025-08-15 19:25:26,062 [INFO] ADCParametersView:113 -                Rank 1 : false
2025-08-15 19:25:26,062 [INFO] ADCParametersView:113 -                Rank 1 : false
2025-08-15 19:25:26,062 [INFO] ADCParametersView:113 -                Rank 1 : false
2025-08-15 19:25:26,102 [INFO] ADCParametersView:113 -                Rank 1 : false
2025-08-15 19:25:41,205 [INFO] UtilMem:74 - End SaveConfig() Used Memory: 833148168 Bytes (1073741824)
2025-08-15 19:25:41,289 [INFO] UtilMem:74 - End SaveConfig() Used Memory: 855168264 Bytes (1073741824)
2025-08-15 19:25:41,753 [INFO] UtilMem:74 - End SaveConfig() Used Memory: 939416512 Bytes (1073741824)
2025-08-15 19:25:41,998 [INFO] BlockDiagram:2759 - set Specific Code input for plugin: SYS
2025-08-15 19:25:41,998 [INFO] BlockDiagram:2759 - set Specific Code input for plugin: ADC
2025-08-15 19:25:41,998 [INFO] BlockDiagram:2759 - set Specific Code input for plugin: RCC
2025-08-15 19:25:41,998 [INFO] BlockDiagram:2759 - set Specific Code input for plugin: NVIC
2025-08-15 19:25:41,998 [INFO] BlockDiagram:2759 - set Specific Code input for plugin: USART
2025-08-15 19:25:41,999 [INFO] BlockDiagram:2759 - set Specific Code input for plugin: GPIO
2025-08-15 19:25:41,999 [INFO] CodeGenerator:692 - code generatio: config db path: /opt/st/stm32cubeide_1.11.0/plugins/com.st.stm32cube.common.mx_6.7.0.202211181646//db/
2025-08-15 19:25:42,294 [INFO] CodeEngine:247 - oldGeneratedFile, /home/boobathi/new_stm32_workspace/MQ135/MXTmpFiles/license.tmp_save
2025-08-15 19:25:42,412 [INFO] CodeEngine:271 - Generated code: /home/boobathi/new_stm32_workspace/MQ135/MXTmpFiles/license.tmp
2025-08-15 19:25:42,421 [INFO] CodeEngine:247 - oldGeneratedFile, /home/boobathi/new_stm32_workspace/MQ135/MXTmpFiles/gpio.tmp_save
2025-08-15 19:25:42,486 [INFO] CodeEngine:271 - Generated code: /home/boobathi/new_stm32_workspace/MQ135/MXTmpFiles/gpio.tmp
2025-08-15 19:25:42,537 [INFO] CodeEngine:247 - oldGeneratedFile, /home/boobathi/new_stm32_workspace/MQ135/Core/Src/stm32f4xx_it.c_save
2025-08-15 19:25:42,738 [INFO] CodeEngine:271 - Generated code: /home/boobathi/new_stm32_workspace/MQ135/Core/Src/stm32f4xx_it.c
2025-08-15 19:25:42,739 [INFO] CodeEngine:247 - oldGeneratedFile, /home/boobathi/new_stm32_workspace/MQ135/Core/Inc/stm32f4xx_it.h_save
2025-08-15 19:25:42,788 [INFO] CodeEngine:271 - Generated code: /home/boobathi/new_stm32_workspace/MQ135/Core/Inc/stm32f4xx_it.h
2025-08-15 19:25:42,790 [INFO] CodeEngine:247 - oldGeneratedFile, /home/boobathi/new_stm32_workspace/MQ135/Core/Src/stm32f4xx_hal_msp.c_save
2025-08-15 19:25:42,883 [INFO] CodeEngine:271 - Generated code: /home/boobathi/new_stm32_workspace/MQ135/Core/Src/stm32f4xx_hal_msp.c
2025-08-15 19:25:42,883 [INFO] CodeEngine:247 - oldGeneratedFile, /home/boobathi/new_stm32_workspace/MQ135/MXTmpFiles/system.tmp_save
2025-08-15 19:25:42,956 [INFO] CodeEngine:271 - Generated code: /home/boobathi/new_stm32_workspace/MQ135/MXTmpFiles/system.tmp
2025-08-15 19:25:42,957 [INFO] CodeEngine:303 - oldGeneratedFile, /home/boobathi/new_stm32_workspace/MQ135/Core/Inc/stm32f4xx_hal_conf.h_save
2025-08-15 19:25:43,029 [INFO] CodeEngine:327 - Generated code: /home/boobathi/new_stm32_workspace/MQ135/Core/Inc/stm32f4xx_hal_conf.h
2025-08-15 19:25:43,042 [WARN] IPConfigManager:2928 - Warning: the RefConfig PLL2P_FOR_MCO is not available in your config.xml file
2025-08-15 19:25:43,048 [INFO] CodeEngine:247 - oldGeneratedFile, /home/boobathi/new_stm32_workspace/MQ135/Core/Inc/main.h_save
2025-08-15 19:25:43,120 [INFO] CodeEngine:271 - Generated code: /home/boobathi/new_stm32_workspace/MQ135/Core/Inc/main.h
2025-08-15 19:25:43,121 [INFO] CodeEngine:247 - oldGeneratedFile, /home/boobathi/new_stm32_workspace/MQ135/Core/Src/main.c_save
2025-08-15 19:25:43,207 [INFO] CodeEngine:271 - Generated code: /home/boobathi/new_stm32_workspace/MQ135/Core/Src/main.c
2025-08-15 19:25:43,783 [INFO] ProjectBuilder:2919 - Time for Copy HAL[1] : 21mS.
2025-08-15 19:25:43,785 [INFO] ProjectBuilder:4183 - Project Generator version: 3.18.0-B7
2025-08-15 19:25:44,173 [INFO] ConfigFileManager:1396 - The Die is : DIE421
2025-08-15 19:25:45,909 [INFO] ProjectBuilder:4351 - Time for Generating toolchain IDE Files: 2124mS.
2025-08-15 19:25:45,909 [INFO] ProjectBuilder:2790 - Time for Copy CMSIS : 0mS.
2025-08-15 19:25:45,910 [INFO] ProjectBuilder:2790 - Time for Copy CMSIS : 0mS.
2025-08-15 19:30:51,419 [INFO] LogOutputStream:76 - [STDOUT_REDIRECT] StartTraceHandler.execute(), success : Collect=true
2025-08-15 19:34:06,491 [ERROR] ConfigurationRetriever:140 - IOException on connection: Read timed out
2025-08-15 19:34:30,729 [INFO] NvicIntPanel:100 - NVIC parent = com.st.microxplorer.plugins.ip.nvic.MultiNvicIntPanel[,0,0,0x0,invalid,layout=javax.swing.BoxLayout,alignmentX=0.0,alignmentY=0.0,border=,flags=9,maximumSize=,minimumSize=,preferredSize=]
2025-08-15 19:34:30,809 [INFO] ADCParametersView:113 -                Rank 1 : false
2025-08-15 19:34:30,811 [INFO] ADCParametersView:113 -                Rank 1 : false
2025-08-15 19:34:30,811 [INFO] ADCParametersView:113 -                Rank 1 : false
2025-08-15 19:34:30,811 [INFO] ADCParametersView:113 -                Rank 1 : false
2025-08-15 19:34:30,811 [INFO] ADCParametersView:113 -                Rank 1 : false
2025-08-15 19:34:30,811 [INFO] ADCParametersView:113 -                Rank 1 : false
2025-08-15 19:34:30,811 [INFO] ADCParametersView:113 -                Rank 1 : false
2025-08-15 19:34:30,811 [INFO] ADCParametersView:113 -                Rank 1 : false
2025-08-15 19:34:30,811 [INFO] ADCParametersView:113 -                Rank 1 : false
2025-08-15 19:34:30,812 [INFO] ADCParametersView:113 -                Rank 1 : false
2025-08-15 19:34:30,812 [INFO] ADCParametersView:113 -                Rank 1 : false
2025-08-15 19:34:30,812 [INFO] ADCParametersView:113 -                Rank 1 : false
2025-08-15 19:34:30,812 [INFO] ADCParametersView:113 -                Rank 1 : false
2025-08-15 19:34:30,812 [INFO] ADCParametersView:113 -                Rank 1 : false
2025-08-15 19:34:30,857 [INFO] ADCParametersView:113 -                Rank 1 : false
2025-08-15 19:34:42,740 [INFO] ParamManager:821 - [Generic UI] PropertyChangeEvent: TAB_STATUS_CHANGED , "dont care", "never mind"
2025-08-15 19:34:42,767 [INFO] NvicIntPanel:100 - NVIC parent = com.st.microxplorer.plugins.ip.nvic.MultiNvicIntPanel[,0,0,0x0,invalid,layout=javax.swing.BoxLayout,alignmentX=0.0,alignmentY=0.0,border=,flags=9,maximumSize=,minimumSize=,preferredSize=]
2025-08-15 19:34:42,838 [INFO] ADCParametersView:113 -                Rank 1 : false
2025-08-15 19:34:42,840 [INFO] ADCParametersView:113 -                Rank 1 : false
2025-08-15 19:34:42,841 [INFO] ADCParametersView:113 -                Rank 1 : false
2025-08-15 19:34:42,841 [INFO] ADCParametersView:113 -                Rank 1 : false
2025-08-15 19:34:42,841 [INFO] ADCParametersView:113 -                Rank 1 : false
2025-08-15 19:34:42,841 [INFO] ADCParametersView:113 -                Rank 1 : false
2025-08-15 19:34:42,842 [INFO] ADCParametersView:113 -                Rank 1 : false
2025-08-15 19:34:42,842 [INFO] ADCParametersView:113 -                Rank 1 : false
2025-08-15 19:34:42,842 [INFO] ADCParametersView:113 -                Rank 1 : false
2025-08-15 19:34:42,843 [INFO] ADCParametersView:113 -                Rank 1 : false
2025-08-15 19:34:42,843 [INFO] ADCParametersView:113 -                Rank 1 : false
2025-08-15 19:34:42,843 [INFO] ADCParametersView:113 -                Rank 1 : false
2025-08-15 19:34:42,843 [INFO] ADCParametersView:113 -                Rank 1 : false
2025-08-15 19:34:42,843 [INFO] ADCParametersView:113 -                Rank 1 : false
2025-08-15 19:34:42,887 [INFO] ADCParametersView:113 -                Rank 1 : false
2025-08-15 19:34:45,953 [INFO] ParamManager:821 - [Generic UI] PropertyChangeEvent: TAB_STATUS_CHANGED , "dont care", "never mind"
2025-08-15 19:34:45,983 [INFO] NvicIntPanel:100 - NVIC parent = com.st.microxplorer.plugins.ip.nvic.MultiNvicIntPanel[,0,0,0x0,invalid,layout=javax.swing.BoxLayout,alignmentX=0.0,alignmentY=0.0,border=,flags=9,maximumSize=,minimumSize=,preferredSize=]
2025-08-15 19:34:46,043 [INFO] ADCParametersView:113 -                Rank 1 : false
2025-08-15 19:34:46,045 [INFO] ADCParametersView:113 -                Rank 1 : false
2025-08-15 19:34:46,045 [INFO] ADCParametersView:113 -                Rank 1 : false
2025-08-15 19:34:46,045 [INFO] ADCParametersView:113 -                Rank 1 : false
2025-08-15 19:34:46,045 [INFO] ADCParametersView:113 -                Rank 1 : false
2025-08-15 19:34:46,045 [INFO] ADCParametersView:113 -                Rank 1 : false
2025-08-15 19:34:46,045 [INFO] ADCParametersView:113 -                Rank 1 : false
2025-08-15 19:34:46,045 [INFO] ADCParametersView:113 -                Rank 1 : false
2025-08-15 19:34:46,046 [INFO] ADCParametersView:113 -                Rank 1 : false
2025-08-15 19:34:46,046 [INFO] ADCParametersView:113 -                Rank 1 : false
2025-08-15 19:34:46,046 [INFO] ADCParametersView:113 -                Rank 1 : false
2025-08-15 19:34:46,046 [INFO] ADCParametersView:113 -                Rank 1 : false
2025-08-15 19:34:46,046 [INFO] ADCParametersView:113 -                Rank 1 : false
2025-08-15 19:34:46,046 [INFO] ADCParametersView:113 -                Rank 1 : false
2025-08-15 19:34:46,046 [INFO] ADCParametersView:113 -                Rank 1 : false
2025-08-15 19:34:46,082 [INFO] ADCParametersView:113 -                Rank 1 : false
2025-08-15 19:34:52,039 [INFO] NvicIntPanel:100 - NVIC parent = com.st.microxplorer.plugins.ip.nvic.MultiNvicIntPanel[,0,0,0x0,invalid,layout=javax.swing.BoxLayout,alignmentX=0.0,alignmentY=0.0,border=,flags=9,maximumSize=,minimumSize=,preferredSize=]
2025-08-15 19:34:52,123 [INFO] ADCParametersView:113 -                Rank 1 : false
2025-08-15 19:34:52,125 [INFO] ADCParametersView:113 -                Rank 1 : false
2025-08-15 19:34:52,125 [INFO] ADCParametersView:113 -                Rank 1 : false
2025-08-15 19:34:52,125 [INFO] ADCParametersView:113 -                Rank 1 : false
2025-08-15 19:34:52,126 [INFO] ADCParametersView:113 -                Rank 1 : false
2025-08-15 19:34:52,126 [INFO] ADCParametersView:113 -                Rank 1 : false
2025-08-15 19:34:52,126 [INFO] ADCParametersView:113 -                Rank 1 : false
2025-08-15 19:34:52,126 [INFO] ADCParametersView:113 -                Rank 1 : false
2025-08-15 19:34:52,126 [INFO] ADCParametersView:113 -                Rank 1 : false
2025-08-15 19:34:52,126 [INFO] ADCParametersView:113 -                Rank 1 : false
2025-08-15 19:34:52,126 [INFO] ADCParametersView:113 -                Rank 1 : false
2025-08-15 19:34:52,126 [INFO] ADCParametersView:113 -                Rank 1 : false
2025-08-15 19:34:52,127 [INFO] ADCParametersView:113 -                Rank 1 : false
2025-08-15 19:34:52,127 [INFO] ADCParametersView:113 -                Rank 1 : false
2025-08-15 19:34:52,127 [INFO] ADCParametersView:113 -                Rank 1 : false
2025-08-15 19:34:52,168 [INFO] ADCParametersView:113 -                Rank 1 : false
2025-08-15 19:34:54,498 [INFO] NvicIntPanel:100 - NVIC parent = com.st.microxplorer.plugins.ip.nvic.MultiNvicIntPanel[,0,0,0x0,invalid,layout=javax.swing.BoxLayout,alignmentX=0.0,alignmentY=0.0,border=,flags=9,maximumSize=,minimumSize=,preferredSize=]
2025-08-15 19:34:54,559 [INFO] ADCParametersView:113 -                Rank 1 : false
2025-08-15 19:34:54,560 [INFO] ADCParametersView:113 -                Rank 1 : false
2025-08-15 19:34:54,561 [INFO] ADCParametersView:113 -                Rank 1 : false
2025-08-15 19:34:54,561 [INFO] ADCParametersView:113 -                Rank 1 : false
2025-08-15 19:34:54,561 [INFO] ADCParametersView:113 -                Rank 1 : false
2025-08-15 19:34:54,561 [INFO] ADCParametersView:113 -                Rank 1 : false
2025-08-15 19:34:54,561 [INFO] ADCParametersView:113 -                Rank 1 : false
2025-08-15 19:34:54,561 [INFO] ADCParametersView:113 -                Rank 1 : false
2025-08-15 19:34:54,561 [INFO] ADCParametersView:113 -                Rank 1 : false
2025-08-15 19:34:54,561 [INFO] ADCParametersView:113 -                Rank 1 : false
2025-08-15 19:34:54,562 [INFO] ADCParametersView:113 -                Rank 1 : false
2025-08-15 19:34:54,562 [INFO] ADCParametersView:113 -                Rank 1 : false
2025-08-15 19:34:54,562 [INFO] ADCParametersView:113 -                Rank 1 : false
2025-08-15 19:34:54,562 [INFO] ADCParametersView:113 -                Rank 1 : false
2025-08-15 19:34:54,599 [INFO] ADCParametersView:113 -                Rank 1 : false
2025-08-15 19:34:55,774 [INFO] UtilMem:74 - End SaveConfig() Used Memory: 893687344 Bytes (1073741824)
2025-08-15 19:34:55,862 [INFO] UtilMem:74 - End SaveConfig() Used Memory: 916229680 Bytes (1073741824)
2025-08-15 19:34:56,268 [INFO] UtilMem:74 - End SaveConfig() Used Memory: 828172240 Bytes (1073741824)
2025-08-15 19:34:56,462 [INFO] BlockDiagram:2759 - set Specific Code input for plugin: SYS
2025-08-15 19:34:56,463 [INFO] BlockDiagram:2759 - set Specific Code input for plugin: ADC
2025-08-15 19:34:56,463 [INFO] BlockDiagram:2759 - set Specific Code input for plugin: RCC
2025-08-15 19:34:56,463 [INFO] BlockDiagram:2759 - set Specific Code input for plugin: NVIC
2025-08-15 19:34:56,463 [INFO] BlockDiagram:2759 - set Specific Code input for plugin: USART
2025-08-15 19:34:56,463 [INFO] BlockDiagram:2759 - set Specific Code input for plugin: GPIO
2025-08-15 19:34:56,463 [INFO] CodeGenerator:692 - code generatio: config db path: /opt/st/stm32cubeide_1.11.0/plugins/com.st.stm32cube.common.mx_6.7.0.202211181646//db/
2025-08-15 19:34:56,710 [INFO] CodeEngine:247 - oldGeneratedFile, /home/boobathi/new_stm32_workspace/MQ135/MXTmpFiles/license.tmp_save
2025-08-15 19:34:56,831 [INFO] CodeEngine:271 - Generated code: /home/boobathi/new_stm32_workspace/MQ135/MXTmpFiles/license.tmp
2025-08-15 19:34:56,838 [INFO] CodeEngine:247 - oldGeneratedFile, /home/boobathi/new_stm32_workspace/MQ135/MXTmpFiles/gpio.tmp_save
2025-08-15 19:34:56,895 [INFO] CodeEngine:271 - Generated code: /home/boobathi/new_stm32_workspace/MQ135/MXTmpFiles/gpio.tmp
2025-08-15 19:34:56,960 [INFO] CodeEngine:247 - oldGeneratedFile, /home/boobathi/new_stm32_workspace/MQ135/Core/Src/stm32f4xx_it.c_save
2025-08-15 19:34:57,090 [INFO] CodeEngine:271 - Generated code: /home/boobathi/new_stm32_workspace/MQ135/Core/Src/stm32f4xx_it.c
2025-08-15 19:34:57,091 [INFO] CodeEngine:247 - oldGeneratedFile, /home/boobathi/new_stm32_workspace/MQ135/Core/Inc/stm32f4xx_it.h_save
2025-08-15 19:34:57,148 [INFO] CodeEngine:271 - Generated code: /home/boobathi/new_stm32_workspace/MQ135/Core/Inc/stm32f4xx_it.h
2025-08-15 19:34:57,151 [INFO] CodeEngine:247 - oldGeneratedFile, /home/boobathi/new_stm32_workspace/MQ135/Core/Src/stm32f4xx_hal_msp.c_save
2025-08-15 19:34:57,260 [INFO] CodeEngine:271 - Generated code: /home/boobathi/new_stm32_workspace/MQ135/Core/Src/stm32f4xx_hal_msp.c
2025-08-15 19:34:57,261 [INFO] CodeEngine:247 - oldGeneratedFile, /home/boobathi/new_stm32_workspace/MQ135/MXTmpFiles/system.tmp_save
2025-08-15 19:34:57,312 [INFO] CodeEngine:271 - Generated code: /home/boobathi/new_stm32_workspace/MQ135/MXTmpFiles/system.tmp
2025-08-15 19:34:57,314 [INFO] CodeEngine:303 - oldGeneratedFile, /home/boobathi/new_stm32_workspace/MQ135/Core/Inc/stm32f4xx_hal_conf.h_save
2025-08-15 19:34:57,374 [INFO] CodeEngine:327 - Generated code: /home/boobathi/new_stm32_workspace/MQ135/Core/Inc/stm32f4xx_hal_conf.h
2025-08-15 19:34:57,385 [WARN] IPConfigManager:2928 - Warning: the RefConfig PLL2P_FOR_MCO is not available in your config.xml file
2025-08-15 19:34:57,389 [INFO] CodeEngine:247 - oldGeneratedFile, /home/boobathi/new_stm32_workspace/MQ135/Core/Inc/main.h_save
2025-08-15 19:34:57,464 [INFO] CodeEngine:271 - Generated code: /home/boobathi/new_stm32_workspace/MQ135/Core/Inc/main.h
2025-08-15 19:34:57,465 [INFO] CodeEngine:247 - oldGeneratedFile, /home/boobathi/new_stm32_workspace/MQ135/Core/Src/main.c_save
2025-08-15 19:34:57,558 [INFO] CodeEngine:271 - Generated code: /home/boobathi/new_stm32_workspace/MQ135/Core/Src/main.c
2025-08-15 19:34:58,074 [INFO] ProjectBuilder:2919 - Time for Copy HAL[1] : 24mS.
2025-08-15 19:34:58,075 [INFO] ProjectBuilder:4183 - Project Generator version: 3.18.0-B7
2025-08-15 19:34:58,441 [INFO] ConfigFileManager:1396 - The Die is : DIE421
2025-08-15 19:34:59,958 [INFO] ProjectBuilder:4351 - Time for Generating toolchain IDE Files: 1883mS.
2025-08-15 19:34:59,959 [INFO] ProjectBuilder:2790 - Time for Copy CMSIS : 0mS.
2025-08-15 19:34:59,959 [INFO] ProjectBuilder:2790 - Time for Copy CMSIS : 0mS.
2025-08-15 19:40:30,982 [INFO] WebAppUi:459 - Close the Jxbrowser engine manually
2025-08-15 19:40:30,988 [INFO] WebAppUi:462 - Profiles folder deleted
2025-08-15 19:40:31,260 [ERROR] LogOutputStream:74 - [STDERR_REDIRECT] 
2025-08-18 10:03:12,407 [INFO] Activator:179 - 


2025-08-18 10:03:12,420 [INFO] Activator:180 - !SESSION log4j initialized
2025-08-18 10:03:44,034 [ERROR] LogOutputStream:74 - [STDERR_REDIRECT] SLF4J: Failed to load class "org.slf4j.impl.StaticLoggerBinder".
2025-08-18 10:03:44,035 [ERROR] LogOutputStream:74 - [STDERR_REDIRECT] SLF4J: Defaulting to no-operation (NOP) logger implementation
2025-08-18 10:03:44,035 [ERROR] LogOutputStream:74 - [STDERR_REDIRECT] SLF4J: See http://www.slf4j.org/codes.html#StaticLoggerBinder for further details.
2025-08-18 10:11:05,271 [INFO] McuFinderGlobals:52 - Set McuFinder mode to 2 (CubeIDE integrated)
2025-08-18 10:11:05,380 [INFO] ApplicationProperties:181 - Using Application install path: /opt/st/stm32cubeide_1.11.0/plugins/com.st.stm32cube.common.mx_6.7.0.202211181646
2025-08-18 10:11:05,396 [INFO] DbMcusXml:77 - Set database path to: /opt/st/stm32cubeide_1.11.0/plugins/com.st.stm32cube.common.mx_6.7.0.202211181646//db//mcu/
2025-08-18 10:11:05,396 [INFO] ApiDb:273 - Set plugin database path to: /opt/st/stm32cubeide_1.11.0/plugins/com.st.stm32cube.common.mx_6.7.0.202211181646//db//plugins/boardmanager/
2025-08-18 10:11:05,399 [WARN] ApiDb:258 - Overriding images path with different value:  => /opt/st/stm32cubeide_1.11.0/plugins/com.st.stm32cube.common.mx_6.7.0.202211181646//db//plugins/mcufinder/images/
2025-08-18 10:11:05,413 [INFO] ApiDb:249 - Set database path to: /home/boobathi/.stmcufinder/plugins/mcufinder//mcu/
2025-08-18 10:11:05,415 [INFO] DbMcusAds:124 - Set database path to: /home/boobathi/.stmcufinder/plugins/mcufinder//mcu/
2025-08-18 10:11:05,426 [INFO] CrossReferenceDbSqlite:202 - Set database path to: /home/boobathi/.stmcufinder/plugins/mcufinder//mcu/cs/
2025-08-18 10:11:05,521 [INFO] RulesReader:61 - Compatibility file has been processed (283 Rules)
2025-08-18 10:11:05,581 [INFO] DbMcusXml:77 - Set database path to: /opt/st/stm32cubeide_1.11.0/plugins/com.st.stm32cube.common.mx_6.7.0.202211181646//db//mcu/
2025-08-18 10:11:05,581 [INFO] ApiDb:273 - Set plugin database path to: /opt/st/stm32cubeide_1.11.0/plugins/com.st.stm32cube.common.mx_6.7.0.202211181646//db//plugins/boardmanager/
2025-08-18 10:11:05,582 [INFO] ApiDb:260 - Set plugin images path to: /opt/st/stm32cubeide_1.11.0/plugins/com.st.stm32cube.common.mx_6.7.0.202211181646//db//plugins/mcufinder/images/
2025-08-18 10:11:05,582 [WARN] DbFile:40 - Overriding database path with different value: /home/boobathi/.stmcufinder/plugins/mcufinder/ => /home/boobathi/.stmcufinder/plugins/mcufinder
2025-08-18 10:11:05,582 [INFO] ApiDb:249 - Set database path to: /home/boobathi/.stmcufinder/plugins/mcufinder//mcu/
2025-08-18 10:11:05,582 [WARN] DbFile:40 - Overriding database path with different value: /home/boobathi/.stmcufinder/plugins/mcufinder/ => /home/boobathi/.stmcufinder/plugins/mcufinder
2025-08-18 10:11:05,583 [INFO] DbMcusAds:124 - Set database path to: /home/boobathi/.stmcufinder/plugins/mcufinder//mcu/
2025-08-18 10:11:05,584 [WARN] DbFile:40 - Overriding database path with different value: /home/boobathi/.stmcufinder/plugins/mcufinder/ => /home/boobathi/.stmcufinder/plugins/mcufinder
2025-08-18 10:11:05,584 [WARN] DbFile:40 - Overriding database path with different value: /home/boobathi/.stmcufinder/plugins/mcufinder/ => /home/boobathi/.stmcufinder/plugins/mcufinder
2025-08-18 10:11:05,584 [INFO] CrossReferenceDbSqlite:202 - Set database path to: /home/boobathi/.stmcufinder/plugins/mcufinder//mcu/cs/
2025-08-18 10:11:05,646 [INFO] MainPanel:252 - HeapMemory: 670040064
2025-08-18 10:11:05,737 [INFO] DbMcusXml:77 - Set database path to: /opt/st/stm32cubeide_1.11.0/plugins/com.st.stm32cube.common.mx_6.7.0.202211181646//db//mcu/
2025-08-18 10:11:05,737 [INFO] ApiDb:273 - Set plugin database path to: /opt/st/stm32cubeide_1.11.0/plugins/com.st.stm32cube.common.mx_6.7.0.202211181646//db//plugins/boardmanager/
2025-08-18 10:11:05,737 [INFO] ApiDb:260 - Set plugin images path to: /opt/st/stm32cubeide_1.11.0/plugins/com.st.stm32cube.common.mx_6.7.0.202211181646//db//plugins/mcufinder/images/
2025-08-18 10:11:05,737 [WARN] DbFile:40 - Overriding database path with different value: /home/boobathi/.stmcufinder/plugins/mcufinder/ => /home/boobathi/.stmcufinder/plugins/mcufinder
2025-08-18 10:11:05,737 [INFO] ApiDb:249 - Set database path to: /home/boobathi/.stmcufinder/plugins/mcufinder//mcu/
2025-08-18 10:11:05,737 [WARN] DbFile:40 - Overriding database path with different value: /home/boobathi/.stmcufinder/plugins/mcufinder/ => /home/boobathi/.stmcufinder/plugins/mcufinder
2025-08-18 10:11:05,737 [INFO] DbMcusAds:124 - Set database path to: /home/boobathi/.stmcufinder/plugins/mcufinder//mcu/
2025-08-18 10:11:05,738 [WARN] DbFile:40 - Overriding database path with different value: /home/boobathi/.stmcufinder/plugins/mcufinder/ => /home/boobathi/.stmcufinder/plugins/mcufinder
2025-08-18 10:11:05,738 [WARN] DbFile:40 - Overriding database path with different value: /home/boobathi/.stmcufinder/plugins/mcufinder/ => /home/boobathi/.stmcufinder/plugins/mcufinder
2025-08-18 10:11:05,738 [INFO] CrossReferenceDbSqlite:202 - Set database path to: /home/boobathi/.stmcufinder/plugins/mcufinder//mcu/cs/
2025-08-18 10:11:05,759 [INFO] ApplicationProperties:181 - Using Application install path: /opt/st/stm32cubeide_1.11.0/plugins/com.st.stm32cube.common.mx_6.7.0.202211181646
2025-08-18 10:11:05,761 [INFO] PluginManage:193 - Search for loadable plugins [exclusion list=, ]
2025-08-18 10:11:05,763 [INFO] PluginManage:307 - Check plugin analytics
2025-08-18 10:11:05,967 [INFO] AnalyticsPlugin:262 - Accepted Software Licenses: 
2025-08-18 10:11:05,968 [INFO] AnalyticsPlugin:264 - Accepted CMSIS Pack Licenses: 
2025-08-18 10:11:05,968 [INFO] AnalyticsPlugin:266 - Accepted Firmware Licenses: FW.F4.1.27.0
2025-08-18 10:11:05,976 [INFO] PluginManage:356 - Loaded plugin analytics (category:tool,tabindex:-1)
2025-08-18 10:11:05,976 [INFO] PluginManage:307 - Check plugin cadmodel
2025-08-18 10:11:06,038 [INFO] CADModel:104 - Init CAD model plugin
2025-08-18 10:11:06,038 [INFO] PluginManage:356 - Loaded plugin cadmodel (category:power,tabindex:5)
2025-08-18 10:11:06,039 [INFO] PluginManage:307 - Check plugin clock
2025-08-18 10:11:06,049 [INFO] PluginManage:356 - Loaded plugin clock (category:base,tabindex:2)
2025-08-18 10:11:06,049 [INFO] PluginManage:307 - Check plugin ddr
2025-08-18 10:11:06,052 [INFO] PluginManage:356 - Loaded plugin ddr (category:tool,tabindex:6)
2025-08-18 10:11:06,052 [INFO] PluginManage:307 - Check plugin filemanager
2025-08-18 10:11:06,192 [INFO] PluginManage:356 - Loaded plugin filemanager (category:base,tabindex:10)
2025-08-18 10:11:06,192 [INFO] PluginManage:307 - Check plugin ipmanager
2025-08-18 10:11:06,197 [INFO] PluginManage:356 - Loaded plugin ipmanager (category:base,tabindex:5)
2025-08-18 10:11:06,198 [INFO] PluginManage:307 - Check plugin lpbam
2025-08-18 10:11:06,206 [INFO] PluginManage:356 - Loaded plugin lpbam (category:base,tabindex:0)
2025-08-18 10:11:06,206 [INFO] PluginManage:307 - Check plugin pinoutandconfiguration
2025-08-18 10:11:06,213 [INFO] PluginManage:356 - Loaded plugin pinoutandconfiguration (category:base,tabindex:1)
2025-08-18 10:11:06,213 [INFO] PluginManage:307 - Check plugin pinoutconfig
2025-08-18 10:11:06,242 [INFO] PluginManage:356 - Loaded plugin pinoutconfig (category:base,tabindex:0)
2025-08-18 10:11:06,242 [INFO] PluginManage:307 - Check plugin power
2025-08-18 10:11:06,252 [INFO] PluginManage:356 - Loaded plugin power (category:power,tabindex:4)
2025-08-18 10:11:06,252 [INFO] PluginManage:307 - Check plugin projectmanager
2025-08-18 10:11:06,272 [INFO] PluginManage:356 - Loaded plugin projectmanager (category:projectmanager,tabindex:3)
2025-08-18 10:11:06,272 [INFO] PluginManage:307 - Check plugin thirdparty
2025-08-18 10:11:06,381 [WARN] IntegrityCheckThread:82 - waiting for thirdparty lock release [integrity check]
2025-08-18 10:11:06,382 [INFO] PluginManage:356 - Loaded plugin thirdparty (category:base,tabindex:-1)
2025-08-18 10:11:06,382 [INFO] IntegrityCheckThread:84 - entering critical section [integrity check]
2025-08-18 10:11:06,382 [INFO] PluginManage:307 - Check plugin tools
2025-08-18 10:11:06,384 [INFO] ThirdPartyUpdaterWithRetryManager:70 - Updater plugin not ready yet. [1/15]
2025-08-18 10:11:06,384 [INFO] PluginManage:356 - Loaded plugin tools (category:base,tabindex:7)
2025-08-18 10:11:06,384 [INFO] PluginManage:307 - Check plugin tutovideos
2025-08-18 10:11:06,571 [INFO] PluginManage:356 - Loaded plugin tutovideos (category:base,tabindex:-1)
2025-08-18 10:11:06,571 [INFO] PluginManage:307 - Check plugin updater
2025-08-18 10:11:06,584 [INFO] PluginManage:356 - Loaded plugin updater (category:base,tabindex:12)
2025-08-18 10:11:06,584 [INFO] PluginManage:280 - PluginManage : Loaded plugins [15]
2025-08-18 10:11:06,779 [INFO] PinOutPanel:1477 - setPackage(No Configuration,No Configuration)
2025-08-18 10:11:06,826 [INFO] CADModel:164 - CPN selected for project level
2025-08-18 10:11:06,826 [INFO] CADModel:113 - Register for checkConnection events
2025-08-18 10:11:06,834 [INFO] IPUIPlugin:79 - create IPUIPlugin
2025-08-18 10:11:06,835 [INFO] PluginManager:219 - loadIPPluginJar : add ltdc
2025-08-18 10:11:06,837 [INFO] IPUIPlugin:79 - create IPUIPlugin
2025-08-18 10:11:06,837 [INFO] PluginManager:219 - loadIPPluginJar : add dfsdm
2025-08-18 10:11:06,843 [INFO] IPUIPlugin:79 - create IPUIPlugin
2025-08-18 10:11:06,843 [INFO] PluginManager:219 - loadIPPluginJar : add mdma
2025-08-18 10:11:06,844 [INFO] IPUIPlugin:79 - create IPUIPlugin
2025-08-18 10:11:06,845 [INFO] PluginManager:219 - loadIPPluginJar : add tsc
2025-08-18 10:11:06,849 [INFO] IPUIPlugin:79 - create IPUIPlugin
2025-08-18 10:11:06,850 [INFO] PluginManager:219 - loadIPPluginJar : add ipddr
2025-08-18 10:11:06,853 [INFO] IPUIPlugin:79 - create IPUIPlugin
2025-08-18 10:11:06,853 [INFO] PluginManager:219 - loadIPPluginJar : add opamp
2025-08-18 10:11:06,855 [INFO] IPUIPlugin:79 - create IPUIPlugin
2025-08-18 10:11:06,855 [INFO] PluginManager:219 - loadIPPluginJar : add can
2025-08-18 10:11:06,857 [INFO] IPUIPlugin:79 - create IPUIPlugin
2025-08-18 10:11:06,857 [INFO] PluginManager:219 - loadIPPluginJar : add dma3
2025-08-18 10:11:06,859 [INFO] IPUIPlugin:79 - create IPUIPlugin
2025-08-18 10:11:06,859 [INFO] PluginManager:219 - loadIPPluginJar : add gtzc
2025-08-18 10:11:06,861 [INFO] IPUIPlugin:79 - create IPUIPlugin
2025-08-18 10:11:06,861 [INFO] PluginManager:219 - loadIPPluginJar : add tim
2025-08-18 10:11:06,866 [INFO] IPUIPlugin:79 - create IPUIPlugin
2025-08-18 10:11:06,867 [INFO] PluginManager:219 - loadIPPluginJar : add freertos
2025-08-18 10:11:06,871 [INFO] IPUIPlugin:79 - create IPUIPlugin
2025-08-18 10:11:06,871 [INFO] PluginManager:219 - loadIPPluginJar : add fmc
2025-08-18 10:11:06,873 [INFO] IPUIPlugin:79 - create IPUIPlugin
2025-08-18 10:11:06,873 [INFO] PluginManager:219 - loadIPPluginJar : add tracer_emb
2025-08-18 10:11:06,876 [INFO] IPUIPlugin:79 - create IPUIPlugin
2025-08-18 10:11:06,876 [INFO] PluginManager:219 - loadIPPluginJar : add nvic
2025-08-18 10:11:06,878 [INFO] IPUIPlugin:79 - create IPUIPlugin
2025-08-18 10:11:06,878 [INFO] PluginManager:219 - loadIPPluginJar : add ts
2025-08-18 10:11:06,883 [INFO] IPUIPlugin:79 - create IPUIPlugin
2025-08-18 10:11:06,884 [INFO] PluginManager:219 - loadIPPluginJar : add gpio
2025-08-18 10:11:06,890 [INFO] IPUIPlugin:79 - create IPUIPlugin
2025-08-18 10:11:06,890 [INFO] PluginManager:219 - loadIPPluginJar : add dma
2025-08-18 10:11:06,896 [INFO] IPUIPlugin:79 - create IPUIPlugin
2025-08-18 10:11:06,898 [INFO] PluginManager:219 - loadIPPluginJar : add plateformsettings
2025-08-18 10:11:06,900 [INFO] IPUIPlugin:79 - create IPUIPlugin
2025-08-18 10:11:06,900 [INFO] PluginManager:219 - loadIPPluginJar : add sai
2025-08-18 10:11:06,902 [INFO] IPUIPlugin:79 - create IPUIPlugin
2025-08-18 10:11:06,902 [INFO] PluginManager:219 - loadIPPluginJar : add comp
2025-08-18 10:11:06,903 [INFO] IPUIPlugin:79 - create IPUIPlugin
2025-08-18 10:11:06,903 [INFO] PluginManager:219 - loadIPPluginJar : add gfxmmu
2025-08-18 10:11:06,904 [INFO] IPUIPlugin:79 - create IPUIPlugin
2025-08-18 10:11:06,905 [INFO] PluginManager:219 - loadIPPluginJar : add quadspi
2025-08-18 10:11:06,909 [INFO] IPUIPlugin:79 - create IPUIPlugin
2025-08-18 10:11:06,909 [INFO] PluginManager:219 - loadIPPluginJar : add gic
2025-08-18 10:11:06,911 [INFO] IPUIPlugin:79 - create IPUIPlugin
2025-08-18 10:11:06,911 [INFO] PluginManager:219 - loadIPPluginJar : add usart
2025-08-18 10:11:06,913 [INFO] IPUIPlugin:79 - create IPUIPlugin
2025-08-18 10:11:06,913 [INFO] PluginManager:219 - loadIPPluginJar : add aes
2025-08-18 10:11:06,917 [INFO] IPUIPlugin:79 - create IPUIPlugin
2025-08-18 10:11:06,917 [INFO] PluginManager:219 - loadIPPluginJar : add stm32_wpan
2025-08-18 10:11:06,919 [INFO] IPUIPlugin:79 - create IPUIPlugin
2025-08-18 10:11:06,919 [INFO] PluginManager:219 - loadIPPluginJar : add hash
2025-08-18 10:11:06,921 [INFO] IPUIPlugin:79 - create IPUIPlugin
2025-08-18 10:11:06,922 [INFO] PluginManager:219 - loadIPPluginJar : add openamp
2025-08-18 10:11:06,922 [INFO] IPUIPlugin:79 - create IPUIPlugin
2025-08-18 10:11:06,923 [INFO] PluginManager:219 - loadIPPluginJar : add fatfs
2025-08-18 10:11:06,925 [INFO] IPUIPlugin:79 - create IPUIPlugin
2025-08-18 10:11:06,926 [INFO] PluginManager:219 - loadIPPluginJar : add resmgrutility
2025-08-18 10:11:06,927 [INFO] IPUIPlugin:79 - create IPUIPlugin
2025-08-18 10:11:06,927 [INFO] PluginManager:219 - loadIPPluginJar : add ucpd
2025-08-18 10:11:06,929 [INFO] IPUIPlugin:79 - create IPUIPlugin
2025-08-18 10:11:06,929 [INFO] PluginManager:219 - loadIPPluginJar : add i2s
2025-08-18 10:11:06,931 [INFO] IPUIPlugin:79 - create IPUIPlugin
2025-08-18 10:11:06,931 [INFO] PluginManager:219 - loadIPPluginJar : add usbx
2025-08-18 10:11:06,936 [INFO] IPUIPlugin:79 - create IPUIPlugin
2025-08-18 10:11:06,936 [INFO] PluginManager:219 - loadIPPluginJar : add adc
2025-08-18 10:11:06,939 [INFO] IPUIPlugin:79 - create IPUIPlugin
2025-08-18 10:11:06,939 [INFO] PluginManager:219 - loadIPPluginJar : add touchsensing
2025-08-18 10:11:06,944 [INFO] IPUIPlugin:79 - create IPUIPlugin
2025-08-18 10:11:06,944 [INFO] PluginManager:219 - loadIPPluginJar : add linkedlist
2025-08-18 10:11:06,945 [INFO] IPUIPlugin:79 - create IPUIPlugin
2025-08-18 10:11:06,945 [INFO] PluginManager:219 - loadIPPluginJar : add genericplugin
2025-08-18 10:11:06,947 [INFO] IPUIPlugin:79 - create IPUIPlugin
2025-08-18 10:11:06,947 [INFO] PluginManager:219 - loadIPPluginJar : add cryp
2025-08-18 10:11:06,949 [INFO] IPUIPlugin:79 - create IPUIPlugin
2025-08-18 10:11:06,949 [INFO] PluginManager:219 - loadIPPluginJar : add spi
2025-08-18 10:11:06,951 [INFO] IPUIPlugin:79 - create IPUIPlugin
2025-08-18 10:11:06,952 [INFO] PluginManager:219 - loadIPPluginJar : add pdm2pcm
2025-08-18 10:11:06,954 [INFO] IPUIPlugin:79 - create IPUIPlugin
2025-08-18 10:11:06,954 [INFO] PluginManager:219 - loadIPPluginJar : add i2c
2025-08-18 10:11:06,957 [INFO] IPUIPlugin:79 - create IPUIPlugin
2025-08-18 10:11:06,957 [INFO] PluginManager:219 - loadIPPluginJar : add lorawan
2025-08-18 10:11:07,083 [INFO] CADModel:164 - CPN selected for project level
2025-08-18 10:11:07,083 [INFO] CADModel:113 - Register for checkConnection events
2025-08-18 10:11:07,083 [FATAL] Updater:308 - Updater called before beeing initialized
2025-08-18 10:11:07,083 [ERROR] CADModel:124 - Updater not yet initialized, retry later 
2025-08-18 10:11:07,231 [INFO] CADModel:164 - CPN selected for project level
2025-08-18 10:11:07,231 [INFO] CADModel:113 - Register for checkConnection events
2025-08-18 10:11:07,232 [FATAL] Updater:308 - Updater called before beeing initialized
2025-08-18 10:11:07,232 [ERROR] CADModel:124 - Updater not yet initialized, retry later 
2025-08-18 10:11:07,235 [FATAL] Updater:308 - Updater called before beeing initialized
2025-08-18 10:11:07,331 [FATAL] Updater:308 - Updater called before beeing initialized
2025-08-18 10:11:07,338 [INFO] DbMcusAds:52 - JSON generation date=Tue Jul 08 13:44:23 IST 2025 (1751962463593)
2025-08-18 10:11:07,338 [FATAL] Updater:308 - Updater called before beeing initialized
2025-08-18 10:11:07,382 [WARN] DetailPanel:344 - Failed to get advertising image, set to default
2025-08-18 10:11:07,486 [FATAL] Updater:308 - Updater called before beeing initialized
2025-08-18 10:11:07,488 [FATAL] Updater:308 - Updater called before beeing initialized
2025-08-18 10:11:07,488 [FATAL] Updater:308 - Updater called before beeing initialized
2025-08-18 10:11:07,488 [WARN] DetailPanel:344 - Failed to get advertising image, set to default
2025-08-18 10:11:07,489 [FATAL] Updater:308 - Updater called before beeing initialized
2025-08-18 10:11:07,520 [ERROR] Updater:1120 - MainUpdater not yet initialized. External WinMGr cannot be set.
2025-08-18 10:11:07,522 [INFO] Updater:1056 - Updater Version found : 6.7.0
2025-08-18 10:11:07,539 [INFO] ApplicationProperties:181 - Using Application install path: /opt/st/stm32cubeide_1.11.0/plugins/com.st.stm32cube.common.mx_6.7.0.202211181646
2025-08-18 10:11:07,648 [INFO] MainUpdater:2800 - connection check result : 10
2025-08-18 10:11:07,648 [INFO] MainUpdater:282 - Updater Check For Update Now.
2025-08-18 10:11:07,648 [INFO] MicroXplorer:481 - Change Database Version : DB.6.0.70
2025-08-18 10:11:07,843 [INFO] CheckServerUpdateThread:119 - End of CheckServer Thread
2025-08-18 10:11:07,855 [INFO] MainUpdater:2800 - connection check result : 10
2025-08-18 10:11:08,233 [INFO] ApiDb:580 - Connected to CubeFinder SQLite database (/home/boobathi/.stmcufinder/plugins/mcufinder/mcu/cube-finder-db.db)
2025-08-18 10:11:08,319 [INFO] ApiDb:667 - CubeFinder database Data Model version=2.1
2025-08-18 10:11:08,320 [INFO] ApiDb:668 - CubeFinder database Configuration version=3.0.39
2025-08-18 10:11:08,320 [INFO] ApiDb:669 - CubeFinder database generation date=2025-07-24 (1753349077)
2025-08-18 10:11:08,320 [INFO] ApiDb:670 - CubeFinder database FW Pack versions=[FP-ATR-ASTRA1_V2.0.0, FP-SNS-FLIGHT1_V5.1.0, FP-SNS-MOTENV1_V5.0.0, FP-SNS-MOTENVWB1_V1.4.0, FP-SNS-SMARTAG2_V1.2.0, FP-SNS-STBOX1_V2.0.0, STM32Cube_FW_C0_V1.4.0, STM32Cube_FW_F4_V1.28.2, STM32Cube_FW_F7_V1.17.3, STM32Cube_FW_G0_V1.6.2, STM32Cube_FW_G4_V1.6.1, STM32Cube_FW_H5_V1.5.0, STM32Cube_FW_H7RS_V1.2.0, STM32Cube_FW_H7_V1.12.1, STM32Cube_FW_L0_V1.12.2, STM32Cube_FW_L4_V1.18.1, STM32Cube_FW_L5_V1.5.1, STM32Cube_FW_N6_V1.2.0, STM32Cube_FW_U0_V1.3.0, STM32Cube_FW_U3_V1.2.0, STM32Cube_FW_U5_V1.8.0, STM32Cube_FW_WB0_V1.3.0, STM32Cube_FW_WBA_V1.7.0, STM32Cube_FW_WB_V1.23.0, STM32Cube_FW_WL3_V1.2.0, STM32Cube_FW_WL_V1.3.1, X-CUBE-ALGOBUILD_V1.4.0, X-CUBE-ALS_V1.0.2, X-CUBE-AZRTOS-F4_V1.1.0, X-CUBE-AZRTOS-F7_V1.1.0, X-CUBE-AZRTOS-G0_V1.1.0, X-CUBE-AZRTOS-G4_V2.0.0, X-CUBE-AZRTOS-H7RS_V1.1.0, X-CUBE-AZRTOS-H7_V3.4.0, X-CUBE-AZRTOS-L4_V2.0.0, X-CUBE-AZRTOS-L5_V2.0.0, X-CUBE-AZRTOS-WB_V2.0.0, X-CUBE-AZRTOS-WL_V2.0.0, X-CUBE-BLE1_V7.1.0, X-CUBE-BLE2_V3.3.0, X-CUBE-BLEMGR_V4.1.0, X-CUBE-EEPRMA1_V5.2.0, X-CUBE-FREERTOS_V1.3.1, X-CUBE-GNSS1_V6.0.0, X-CUBE-MEMS1_V11.3.0, X-CUBE-NFC4_V3.0.0, X-CUBE-NFC7_V2.0.0, X-CUBE-SFXS2LP1_V4.0.0, X-CUBE-ST67W61_V1.0.0, X-CUBE-SUBG2_V5.0.0, X-CUBE-TOF1_V3.4.3]
2025-08-18 10:11:09,521 [WARN] PackLoader:242 - Cannot read IP mode file for STMicroelectronics.FP-SNS-MOTENVWB1.1.4.0
2025-08-18 10:11:09,527 [WARN] PackLoader:242 - Cannot read IP mode file for STMicroelectronics.FP-ATR-ASTRA1.2.0.2
2025-08-18 10:11:09,532 [WARN] PackLoader:242 - Cannot read IP mode file for STMicroelectronics.X-CUBE-SMBUS.2.1.0
2025-08-18 10:11:09,534 [ERROR] Engine:467 - /home/boobathi/.stm32cubemx/thirdparties/pdsc/STMicroelectronics.X-CUBE-ST60.1.0.0.pdsc: PDSC version is not supported
2025-08-18 10:11:09,536 [WARN] PackLoader:242 - Cannot read IP mode file for STMicroelectronics.X-CUBE-TOUCHGFX.4.23.0
2025-08-18 10:11:09,538 [WARN] PackLoader:242 - Cannot read IP mode file for STMicroelectronics.X-CUBE-TOUCHGFX.4.23.2
2025-08-18 10:11:09,561 [WARN] PackLoader:242 - Cannot read IP mode file for STMicroelectronics.X-CUBE-AZRTOS-F7.1.1.0
2025-08-18 10:11:09,568 [WARN] PackLoader:242 - Cannot read IP mode file for STMicroelectronics.FP-SNS-MOTENV1.4.3.2
2025-08-18 10:11:09,642 [WARN] PackLoader:242 - Cannot read IP mode file for STMicroelectronics.X-CUBE-MEMS1.11.0.0
2025-08-18 10:11:09,909 [WARN] PackLoader:242 - Cannot read IP mode file for STMicroelectronics.FP-SNS-FLIGHT1.5.0.2
2025-08-18 10:11:09,944 [WARN] PackLoader:242 - Cannot read IP mode file for STMicroelectronics.X-CUBE-AZRTOS-H7.3.4.0
2025-08-18 10:11:09,956 [WARN] PackLoader:242 - Cannot read IP mode file for STMicroelectronics.X-CUBE-BLE1.7.0.0
2025-08-18 10:11:09,964 [WARN] PackLoader:242 - Cannot read IP mode file for STMicroelectronics.X-CUBE-NFC10.1.0.0
2025-08-18 10:11:09,970 [ERROR] Engine:467 - /home/boobathi/.stm32cubemx/thirdparties/pdsc/STMicroelectronics.X-CUBE-BLEMGR.4.0.0.pdsc: PDSC version is not supported
2025-08-18 10:11:09,976 [WARN] PackLoader:242 - Cannot read IP mode file for emotas.I-CUBE-CANOPEN.1.3.0
2025-08-18 10:11:09,978 [ERROR] Engine:467 - /home/boobathi/.stm32cubemx/thirdparties/pdsc/quantropi.X-CUBE-qispace-sdk-base.2.0.0.pdsc: PDSC version is not supported
2025-08-18 10:11:10,001 [WARN] PackLoader:242 - Cannot read IP mode file for STMicroelectronics.X-CUBE-BLEMGR.3.1.0
2025-08-18 10:11:10,008 [ERROR] Engine:467 - /home/boobathi/.stm32cubemx/thirdparties/pdsc/STMicroelectronics.FP-SNS-STBOX1.2.1.0.pdsc: PDSC version is not supported
2025-08-18 10:11:10,010 [ERROR] Engine:467 - /home/boobathi/.stm32cubemx/thirdparties/pdsc/STMicroelectronics.FP-SNS-FLIGHT1.5.1.0.pdsc: PDSC version is not supported
2025-08-18 10:11:10,019 [INFO] LogOutputStream:76 - [STDOUT_REDIRECT] 1 : Invalid condition id : UX_CORESTACK_Condition cause : null
2025-08-18 10:11:10,020 [INFO] LogOutputStream:76 - [STDOUT_REDIRECT] 1 : Invalid condition id : UX_CORESTACK_Condition cause : null
2025-08-18 10:11:10,020 [INFO] LogOutputStream:76 - [STDOUT_REDIRECT] 1 : Invalid condition id : UX_CORESTACK_Condition cause : null
2025-08-18 10:11:10,021 [INFO] LogOutputStream:76 - [STDOUT_REDIRECT] 1 : Invalid condition id : UX_CORESTACK_Condition cause : null
2025-08-18 10:11:10,021 [INFO] LogOutputStream:76 - [STDOUT_REDIRECT] 1 : Invalid condition id : UX_CORESTACK_Condition cause : null
2025-08-18 10:11:10,026 [WARN] PackLoader:242 - Cannot read IP mode file for STMicroelectronics.X-CUBE-AZRTOS-WL.2.0.0
2025-08-18 10:11:10,032 [WARN] PackLoader:242 - Cannot read IP mode file for STMicroelectronics.FP-SNS-MOTENV1.5.0.0
2025-08-18 10:11:10,036 [WARN] PackLoader:242 - Cannot read IP mode file for wolfSSL.I-CUBE-wolfMQTT.1.19.0
2025-08-18 10:11:10,043 [WARN] PackLoader:242 - Cannot read IP mode file for WES.I-CUBE-Cesium.1.3.0
2025-08-18 10:11:10,047 [WARN] PackLoader:242 - Cannot read IP mode file for STMicroelectronics.X-CUBE-BLE2.3.3.0
2025-08-18 10:11:10,054 [WARN] PackLoader:242 - Cannot read IP mode file for STMicroelectronics.X-CUBE-NFC9.1.0.0
2025-08-18 10:11:10,061 [WARN] PackLoader:242 - Cannot read IP mode file for STMicroelectronics.X-CUBE-BLE1.7.1.0
2025-08-18 10:11:10,067 [WARN] PackLoader:242 - Cannot read IP mode file for STMicroelectronics.X-CUBE-TCPP.4.1.0
2025-08-18 10:11:10,076 [WARN] PackLoader:242 - Cannot read IP mode file for STMicroelectronics.X-CUBE-EEPRMA1.5.2.0
2025-08-18 10:11:10,082 [WARN] PackLoader:242 - Cannot read IP mode file for STMicroelectronics.X-CUBE-AI.10.1.0
2025-08-18 10:11:10,088 [WARN] PackLoader:242 - Cannot read IP mode file for STMicroelectronics.X-CUBE-ALGOBUILD.1.3.0
2025-08-18 10:11:10,166 [WARN] PackLoader:242 - Cannot read IP mode file for STMicroelectronics.X-CUBE-MEMS1.11.2.0
2025-08-18 10:11:10,408 [WARN] PackLoader:242 - Cannot read IP mode file for STMicroelectronics.X-CUBE-AZRTOS-G0.1.1.0
2025-08-18 10:11:10,416 [WARN] PackLoader:242 - Cannot read IP mode file for STMicroelectronics.X-CUBE-SAFEA1.1.2.2
2025-08-18 10:11:10,432 [WARN] PackLoader:242 - Cannot read IP mode file for STMicroelectronics.X-CUBE-NFC4.3.0.0
2025-08-18 10:11:10,436 [ERROR] Engine:467 - /home/boobathi/.stm32cubemx/thirdparties/pdsc/EmbeddedOffice.I-CUBE-FS-RTOS.1.0.1.pdsc: PDSC version is not supported
2025-08-18 10:11:10,440 [WARN] PackLoader:242 - Cannot read IP mode file for STMicroelectronics.X-CUBE-WB05N.2.0.0
2025-08-18 10:11:10,450 [WARN] PackLoader:242 - Cannot read IP mode file for STMicroelectronics.X-CUBE-BLEMGR.3.0.0
2025-08-18 10:11:10,459 [ERROR] Engine:467 - /home/boobathi/.stm32cubemx/thirdparties/pdsc/STMicroelectronics.X-CUBE-TCPP.4.2.0.pdsc: PDSC version is not supported
2025-08-18 10:11:10,461 [ERROR] Engine:467 - /home/boobathi/.stm32cubemx/thirdparties/pdsc/RealThread.X-CUBE-RT-Thread_Nano.4.1.1.pdsc: PDSC version is not supported
2025-08-18 10:11:10,466 [WARN] PackLoader:242 - Cannot read IP mode file for STMicroelectronics.FP-ATR-SIGFOX1.3.2.0
2025-08-18 10:11:10,472 [WARN] PackLoader:242 - Cannot read IP mode file for STMicroelectronics.X-CUBE-EEPRMA1.5.1.0
2025-08-18 10:11:10,478 [ERROR] Engine:467 - /home/boobathi/.stm32cubemx/thirdparties/pdsc/STMicroelectronics.X-CUBE-ST67W61.1.0.0.pdsc: PDSC version is not supported
2025-08-18 10:11:10,481 [WARN] PackLoader:242 - Cannot read IP mode file for STMicroelectronics.X-CUBE-AI.10.2.0
2025-08-18 10:11:10,545 [WARN] PackLoader:242 - Cannot read IP mode file for SEGGER.I-CUBE-embOS.1.3.1
2025-08-18 10:11:10,611 [WARN] PackLoader:242 - Cannot read IP mode file for STMicroelectronics.X-CUBE-ALGOBUILD.1.4.0
2025-08-18 10:11:10,676 [WARN] PackLoader:242 - Cannot read IP mode file for STMicroelectronics.X-CUBE-MEMS1.11.3.0
2025-08-18 10:11:10,868 [WARN] PackLoader:242 - Cannot read IP mode file for STMicroelectronics.X-CUBE-PM33A1.1.0.0
2025-08-18 10:11:10,873 [WARN] PackLoader:242 - Cannot read IP mode file for STMicroelectronics.X-CUBE-GNSS1.6.0.0
2025-08-18 10:11:10,892 [WARN] PackLoader:242 - Cannot read IP mode file for STMicroelectronics.X-CUBE-AZRTOS-F4.1.1.0
2025-08-18 10:11:10,899 [ERROR] Engine:467 - /home/boobathi/.stm32cubemx/thirdparties/pdsc/Avnet-IotConnect.X-CUBE-IoTC-DA16k-PMOD.1.0.0.pdsc: PDSC version is not supported
2025-08-18 10:11:10,901 [WARN] PackLoader:242 - Cannot read IP mode file for STMicroelectronics.X-CUBE-ISPU.2.1.0
2025-08-18 10:11:10,906 [WARN] PackLoader:242 - Cannot read IP mode file for STMicroelectronics.X-CUBE-FREERTOS.1.2.0
2025-08-18 10:11:10,909 [WARN] PackLoader:242 - Cannot read IP mode file for wolfSSL.I-CUBE-wolfSSL.5.6.6
2025-08-18 10:11:10,918 [WARN] PackLoader:242 - Cannot read IP mode file for STMicroelectronics.X-CUBE-NFC12.1.0.0
2025-08-18 10:11:10,962 [WARN] PackLoader:242 - Cannot read IP mode file for STMicroelectronics.X-CUBE-AZRTOS-L5.2.0.0
2025-08-18 10:11:10,972 [WARN] PackLoader:242 - Cannot read IP mode file for STMicroelectronics.X-CUBE-NFC6.3.1.0
2025-08-18 10:11:10,980 [WARN] PackLoader:242 - Cannot read IP mode file for ITTIA_DB.I-CUBE-ITTIADB.8.8.0
2025-08-18 10:11:10,987 [WARN] PackLoader:242 - Cannot read IP mode file for STMicroelectronics.X-CUBE-BLEMGR.2.0.0
2025-08-18 10:11:10,992 [ERROR] Engine:467 - /home/boobathi/.stm32cubemx/thirdparties/pdsc/STMicroelectronics.X-CUBE-DPower.1.2.0.pdsc: PDSC version is not supported
2025-08-18 10:11:10,994 [WARN] PackLoader:242 - Cannot read IP mode file for STMicroelectronics.X-CUBE-AI.9.0.0
2025-08-18 10:11:11,002 [WARN] PackLoader:242 - Cannot read IP mode file for STMicroelectronics.X-CUBE-FREERTOS.1.3.1
2025-08-18 10:11:11,006 [WARN] PackLoader:242 - Cannot read IP mode file for STMicroelectronics.X-CUBE-NFC7.1.0.1
2025-08-18 10:11:11,010 [WARN] PackLoader:242 - Cannot read IP mode file for wolfSSL.I-CUBE-wolfTPM.3.2.0
2025-08-18 10:11:11,019 [WARN] PackLoader:242 - Cannot read IP mode file for STMicroelectronics.X-CUBE-NFC6.3.0.0
2025-08-18 10:11:11,026 [WARN] PackLoader:242 - Cannot read IP mode file for STMicroelectronics.X-CUBE-EEPRMA1.4.1.0
2025-08-18 10:11:11,029 [ERROR] Engine:467 - /home/boobathi/.stm32cubemx/thirdparties/pdsc/STMicroelectronics.FP-SNS-STAIOTCFT.1.0.0.pdsc: PDSC version is not supported
2025-08-18 10:11:11,033 [ERROR] Engine:467 - /home/boobathi/.stm32cubemx/thirdparties/pdsc/STMicroelectronics.X-CUBE-DPower.1.3.0.pdsc: PDSC version is not supported
2025-08-18 10:11:11,035 [WARN] PackLoader:242 - Cannot read IP mode file for STMicroelectronics.X-CUBE-AI.8.1.0
2025-08-18 10:11:11,069 [WARN] ConditionMgr:437 - getConditionDescription Invalid condition id : LAN8742 Phy interface Condition cause : null
2025-08-18 10:11:11,070 [WARN] PackLoader:242 - Cannot read IP mode file for STMicroelectronics.X-CUBE-AZRTOS-L4.2.0.0
2025-08-18 10:11:11,072 [WARN] ConditionMgr:1038 - genDependencies : Invalid condition id : LAN8742 Phy interface Condition cause : null
2025-08-18 10:11:11,072 [WARN] ConditionMgr:1038 - genDependencies : Invalid condition id : LAN8742 Phy interface Condition cause : null
2025-08-18 10:11:11,073 [WARN] ConditionMgr:1038 - genDependencies : Invalid condition id : LAN8742 Phy interface Condition cause : null
2025-08-18 10:11:11,080 [WARN] PackLoader:242 - Cannot read IP mode file for STMicroelectronics.X-CUBE-SFXS2LP1.4.0.0
2025-08-18 10:11:11,107 [WARN] PackLoader:242 - Cannot read IP mode file for STMicroelectronics.X-CUBE-AZRTOS-H7.3.3.0
2025-08-18 10:11:11,116 [ERROR] Engine:467 - /home/boobathi/.stm32cubemx/thirdparties/pdsc/STMicroelectronics.X-CUBE-BLEMGR.4.1.0.pdsc: PDSC version is not supported
2025-08-18 10:11:11,129 [WARN] ConditionMgr:437 - getConditionDescription Invalid condition id : UX DEVICE CLASS RTOS Condition cause : null
2025-08-18 10:11:11,129 [WARN] ConditionMgr:437 - getConditionDescription Invalid condition id : UX DEVICE CLASS RTOS Condition cause : null
2025-08-18 10:11:11,132 [WARN] PackLoader:242 - Cannot read IP mode file for STMicroelectronics.X-CUBE-AZRTOS-WB.2.0.0
2025-08-18 10:11:11,132 [WARN] ConditionMgr:1038 - genDependencies : Invalid condition id : UX DEVICE CLASS RTOS Condition cause : null
2025-08-18 10:11:11,132 [WARN] ConditionMgr:1038 - genDependencies : Invalid condition id : UX DEVICE CLASS RTOS Condition cause : null
2025-08-18 10:11:11,133 [WARN] ConditionMgr:1038 - genDependencies : Invalid condition id : UX DEVICE CLASS RTOS Condition cause : null
2025-08-18 10:11:11,133 [WARN] ConditionMgr:1038 - genDependencies : Invalid condition id : UX DEVICE CLASS RTOS Condition cause : null
2025-08-18 10:11:11,133 [WARN] ConditionMgr:1038 - genDependencies : Invalid condition id : UX DEVICE CLASS RTOS Condition cause : null
2025-08-18 10:11:11,140 [WARN] PackLoader:242 - Cannot read IP mode file for STMicroelectronics.X-CUBE-GNSS1.7.0.1
2025-08-18 10:11:11,145 [WARN] PackLoader:242 - Cannot read IP mode file for STMicroelectronics.X-CUBE-TOUCHGFX.4.25.0
2025-08-18 10:11:11,148 [ERROR] Engine:467 - /home/boobathi/.stm32cubemx/thirdparties/pdsc/STMicroelectronics.FP-SNS-STBOX1.2.0.0.pdsc: PDSC version is not supported
2025-08-18 10:11:11,165 [WARN] PackLoader:242 - Cannot read IP mode file for STMicroelectronics.X-CUBE-SUBG2.5.0.0
2025-08-18 10:11:11,189 [WARN] PackLoader:242 - Cannot read IP mode file for STMicroelectronics.X-CUBE-AZRTOS-H7RS.1.1.0
2025-08-18 10:11:11,205 [WARN] PackLoader:242 - Cannot read IP mode file for STMicroelectronics.X-CUBE-AZRTOS-G4.2.0.0
2025-08-18 10:11:11,217 [WARN] PackLoader:242 - Cannot read IP mode file for Infineon.AIROC-Wi-Fi-Bluetooth-STM32.1.5.1
2025-08-18 10:11:11,223 [WARN] PackLoader:242 - Cannot read IP mode file for STMicroelectronics.X-CUBE-NFC7.2.0.0
2025-08-18 10:11:11,226 [WARN] PackLoader:242 - Cannot read IP mode file for STMicroelectronics.FP-SNS-MOTENVWB1.1.3.1
2025-08-18 10:11:11,229 [WARN] PackLoader:242 - Cannot read IP mode file for STMicroelectronics.X-CUBE-ISPU.2.0.0
2025-08-18 10:11:11,233 [ERROR] Engine:467 - /home/boobathi/.stm32cubemx/thirdparties/pdsc/STMicroelectronics.X-CUBE-IPS.3.1.0.pdsc: PDSC version is not supported
2025-08-18 10:11:11,235 [WARN] PackLoader:242 - Cannot read IP mode file for STMicroelectronics.X-CUBE-ALS.1.0.2
2025-08-18 10:11:11,291 [WARN] PackLoader:242 - Cannot read IP mode file for STMicroelectronics.X-CUBE-MEMS1.10.0.0
2025-08-18 10:11:11,498 [WARN] PackLoader:242 - Cannot read IP mode file for STMicroelectronics.X-CUBE-FREERTOS.1.1.0
2025-08-18 10:11:11,501 [WARN] PackLoader:242 - Cannot read IP mode file for STMicroelectronics.X-CUBE-TOUCHGFX.4.24.0
2025-08-18 10:11:11,504 [WARN] PackLoader:242 - Cannot read IP mode file for portGmbH.I-Cube-SoM-uGOAL.1.1.0
2025-08-18 10:11:11,507 [WARN] PackLoader:242 - Cannot read IP mode file for STMicroelectronics.X-CUBE-ALS.1.0.1
2025-08-18 10:11:11,526 [WARN] PackLoader:242 - Cannot read IP mode file for STMicroelectronics.X-CUBE-AZRTOS-H7RS.1.0.0
2025-08-18 10:11:11,532 [WARN] PackLoader:242 - Cannot read IP mode file for STMicroelectronics.FP-ATR-ASTRA1.2.0.0
2025-08-18 10:11:11,538 [ERROR] Engine:467 - /home/boobathi/.stm32cubemx/thirdparties/pdsc/STMicroelectronics.X-CUBE-TOF1.3.4.2.pdsc: PDSC version is not supported
2025-08-18 10:11:11,543 [ERROR] Engine:467 - /home/boobathi/.stm32cubemx/thirdparties/pdsc/STMicroelectronics.X-CUBE-TOF1.3.4.3.pdsc: PDSC version is not supported
2025-08-18 10:11:11,552 [WARN] PackLoader:242 - Cannot read IP mode file for STMicroelectronics.X-CUBE-TOF1.3.4.0
2025-08-18 10:11:11,598 [WARN] PackLoader:242 - Cannot read IP mode file for STMicroelectronics.X-CUBE-TOF1.3.4.1
2025-08-18 10:11:11,645 [WARN] PackLoader:242 - Cannot read IP mode file for STMicroelectronics.X-CUBE-AZRTOS-H7.3.2.0
2025-08-18 10:11:11,654 [WARN] PackLoader:242 - Cannot read IP mode file for wolfSSL.I-CUBE-wolfSSH.1.4.17
2025-08-18 10:11:11,654 [INFO] ThirdParty:947 - Integrity check success = true
2025-08-18 10:11:11,654 [INFO] IntegrityCheckThread:98 - exiting critical section [integrity check]
2025-08-18 10:11:11,655 [INFO] IntegrityCheckThread:101 - End integrity checks thread
2025-08-18 10:11:11,705 [INFO] ApiDb:239 - Found 143 in-development CPN: [B-WB1M-WPAN1, B-WL5M-SUBG1, NUCLEO-C031C6, STEVAL-PROTEUS1, STEVAL-STWINBX1, STM320518-EVAL, STM32C0116-DK, STM32C011D6Y3TR, STM32C011D6Y6TR, STM32C011F4P3, STM32C011F4P6, STM32C011F4U3, STM32C011F4U6TR, STM32C011F6P3, STM32C011F6P6, STM32C011F6U3, STM32C011F6U6TR, STM32C011J4M3, STM32C011J4M6, STM32C011J6M3, STM32C011J6M6, STM32C0316-DK, STM32C031C4T3, STM32C031C4T6, STM32C031C4U3, STM32C031C4U6, STM32C031C6T3, STM32C031C6T6, STM32C031C6U3, STM32C031C6U6, STM32C031F4P3, STM32C031F4P6, STM32C031F6P3, STM32C031F6P6, STM32C031G4U3, STM32C031G4U6, STM32C031G6U3, STM32C031G6U6, STM32C031K4T3, STM32C031K4T6, STM32C031K4U3, STM32C031K4U6, STM32C031K6T3, STM32C031K6T6, STM32C031K6U3, STM32C031K6U6, STM32G071K8TXN, STM32G071K8UXN, STM32G081GBU6N, STM32G081KBT6N, STM32G081KBUXN, STM32G0B1CCT6N, STM32G0B1KCT6, STM32G0B1NEY6TR, STM32G0B1RCT6N, STM32G0C1CCT6, STM32G0C1CCT6N, STM32G0C1CCU6N, STM32G0C1CET6N, STM32G0C1CEU6N, STM32G0C1KCT6, STM32G0C1NEY6TR, STM32G0C1RCI6N, STM32G0C1RCT6N, STM32G0C1REI6N, STM32G0C1RET6N, STM32G0C1VCI6, STM32G0C1VEI6, STM32G471CCT6, STM32G471CCU6, STM32G471CET3, STM32G471CET6, STM32G471CEU3, STM32G471CEU6, STM32G471MCT6, STM32G471MET3, STM32G471MET6, STM32G471MEY6TR, STM32G471QCT6, STM32G471QET3, STM32G471RCT6, STM32G471RET3, STM32G471RET6, STM32G471VCH6, STM32G471VCI6, STM32G471VCT6, STM32G471VEH3, STM32G471VEH6, STM32G471VEI3, STM32G471VEI6, STM32G471VET3, STM32G471VET6, STM32G474CCT6, STM32L476VGY6PTR, STM32L4R5QGI6STR, STM32MP131AAE3, STM32MP131AAF3, STM32MP131AAG3, STM32MP131CAE3, STM32MP131CAF3, STM32MP131CAG3, STM32MP131DAE7, STM32MP131DAF7, STM32MP131DAG7, STM32MP131FAE7, STM32MP131FAF7, STM32MP131FAG7, STM32MP133AAE3, STM32MP133AAF3, STM32MP133AAG3, STM32MP133CAE3, STM32MP133CAF3, STM32MP133CAG3, STM32MP133DAE7, STM32MP133DAF7, STM32MP133DAG7, STM32MP133FAE7, STM32MP133FAF7, STM32MP133FAG7, STM32MP135AAE3, STM32MP135AAF3, STM32MP135AAG3, STM32MP135CAE3, STM32MP135CAF3, STM32MP135CAG3, STM32MP135DAE7, STM32MP135DAF7, STM32MP135DAG7, STM32MP135F-DK, STM32MP135FAE7, STM32MP135FAF7, STM32MP135FAF7T, STM32MP135FAF7U, STM32MP135FAG7, STM32U595ZJT6Q, STM32U599BJY6QTR, STM32U599NIH6Q, STM32U599NJH6Q, STM32U5A5ZJT6Q, STM32U5A9BJY6QTR, STM32U5A9NJH6Q, STM32WB1MMCH6, STM32WL5MOCH6TR]
2025-08-18 10:11:11,710 [INFO] DbMcus:215 - Found 4709 MCUs, 4709 are supported
2025-08-18 10:11:11,713 [INFO] ApiDb:422 - Load user favorites file /home/boobathi/.stm32cubeide/favorites.mcus.txt: 0 item(s)
2025-08-18 10:11:11,714 [INFO] ApiDb:426 - User favorites MCUs=[]
2025-08-18 10:11:11,714 [INFO] DbMcus:221 - Set 0 / 0 favorites MCUs
2025-08-18 10:11:12,551 [INFO] McuFinderGlobals:65 - Set McuFinderConnectedMode to true
2025-08-18 10:11:12,567 [INFO] MultiScanPanel:196 - Auto-refresh data requested => check proxy status ongoing
2025-08-18 10:11:12,570 [INFO] FinderPluginLoader:92 - Searching for filters in installed packs
2025-08-18 10:11:13,992 [INFO] LoadUrlFilesThread:179 - End of LoadServerUrlFiles without Thread
2025-08-18 10:11:14,094 [INFO] DetailPanel:339 - Set advertising image to /home/boobathi/STM32Cube/Repository//en.2400x1350px.jpeg
2025-08-18 10:11:14,802 [INFO] ApiDb:667 - CubeFinder database Data Model version=2.1
2025-08-18 10:11:14,802 [INFO] ApiDb:668 - CubeFinder database Configuration version=3.0.39
2025-08-18 10:11:14,802 [INFO] ApiDb:669 - CubeFinder database generation date=2025-07-24 (1753349077)
2025-08-18 10:11:14,802 [INFO] ApiDb:670 - CubeFinder database FW Pack versions=[FP-ATR-ASTRA1_V2.0.0, FP-SNS-FLIGHT1_V5.1.0, FP-SNS-MOTENV1_V5.0.0, FP-SNS-MOTENVWB1_V1.4.0, FP-SNS-SMARTAG2_V1.2.0, FP-SNS-STBOX1_V2.0.0, STM32Cube_FW_C0_V1.4.0, STM32Cube_FW_F4_V1.28.2, STM32Cube_FW_F7_V1.17.3, STM32Cube_FW_G0_V1.6.2, STM32Cube_FW_G4_V1.6.1, STM32Cube_FW_H5_V1.5.0, STM32Cube_FW_H7RS_V1.2.0, STM32Cube_FW_H7_V1.12.1, STM32Cube_FW_L0_V1.12.2, STM32Cube_FW_L4_V1.18.1, STM32Cube_FW_L5_V1.5.1, STM32Cube_FW_N6_V1.2.0, STM32Cube_FW_U0_V1.3.0, STM32Cube_FW_U3_V1.2.0, STM32Cube_FW_U5_V1.8.0, STM32Cube_FW_WB0_V1.3.0, STM32Cube_FW_WBA_V1.7.0, STM32Cube_FW_WB_V1.23.0, STM32Cube_FW_WL3_V1.2.0, STM32Cube_FW_WL_V1.3.1, X-CUBE-ALGOBUILD_V1.4.0, X-CUBE-ALS_V1.0.2, X-CUBE-AZRTOS-F4_V1.1.0, X-CUBE-AZRTOS-F7_V1.1.0, X-CUBE-AZRTOS-G0_V1.1.0, X-CUBE-AZRTOS-G4_V2.0.0, X-CUBE-AZRTOS-H7RS_V1.1.0, X-CUBE-AZRTOS-H7_V3.4.0, X-CUBE-AZRTOS-L4_V2.0.0, X-CUBE-AZRTOS-L5_V2.0.0, X-CUBE-AZRTOS-WB_V2.0.0, X-CUBE-AZRTOS-WL_V2.0.0, X-CUBE-BLE1_V7.1.0, X-CUBE-BLE2_V3.3.0, X-CUBE-BLEMGR_V4.1.0, X-CUBE-EEPRMA1_V5.2.0, X-CUBE-FREERTOS_V1.3.1, X-CUBE-GNSS1_V6.0.0, X-CUBE-MEMS1_V11.3.0, X-CUBE-NFC4_V3.0.0, X-CUBE-NFC7_V2.0.0, X-CUBE-SFXS2LP1_V4.0.0, X-CUBE-ST67W61_V1.0.0, X-CUBE-SUBG2_V5.0.0, X-CUBE-TOF1_V3.4.3]
2025-08-18 10:11:14,873 [INFO] DbBoardsSqlite:225 - include board P-NUCLEO-WB55-NUCLEO as a kit item of type 'Nucleo-64'
2025-08-18 10:11:14,873 [INFO] DbBoardsSqlite:225 - include board P-NUCLEO-WB55-USBDONGLE as a kit item of type 'Nucleo USB Dongle'
2025-08-18 10:11:14,874 [INFO] DbBoardsSqlite:225 - include board STEVAL-IDP005V1 as a kit item of type 'Evaluation Board'
2025-08-18 10:11:14,874 [INFO] DbBoardsSqlite:225 - include board STEVAL-IDP005V2 as a kit item of type 'Evaluation Board'
2025-08-18 10:11:14,928 [INFO] ApiDb:239 - Found 143 in-development CPN: [B-WB1M-WPAN1, B-WL5M-SUBG1, NUCLEO-C031C6, STEVAL-PROTEUS1, STEVAL-STWINBX1, STM320518-EVAL, STM32C0116-DK, STM32C011D6Y3TR, STM32C011D6Y6TR, STM32C011F4P3, STM32C011F4P6, STM32C011F4U3, STM32C011F4U6TR, STM32C011F6P3, STM32C011F6P6, STM32C011F6U3, STM32C011F6U6TR, STM32C011J4M3, STM32C011J4M6, STM32C011J6M3, STM32C011J6M6, STM32C0316-DK, STM32C031C4T3, STM32C031C4T6, STM32C031C4U3, STM32C031C4U6, STM32C031C6T3, STM32C031C6T6, STM32C031C6U3, STM32C031C6U6, STM32C031F4P3, STM32C031F4P6, STM32C031F6P3, STM32C031F6P6, STM32C031G4U3, STM32C031G4U6, STM32C031G6U3, STM32C031G6U6, STM32C031K4T3, STM32C031K4T6, STM32C031K4U3, STM32C031K4U6, STM32C031K6T3, STM32C031K6T6, STM32C031K6U3, STM32C031K6U6, STM32G071K8TXN, STM32G071K8UXN, STM32G081GBU6N, STM32G081KBT6N, STM32G081KBUXN, STM32G0B1CCT6N, STM32G0B1KCT6, STM32G0B1NEY6TR, STM32G0B1RCT6N, STM32G0C1CCT6, STM32G0C1CCT6N, STM32G0C1CCU6N, STM32G0C1CET6N, STM32G0C1CEU6N, STM32G0C1KCT6, STM32G0C1NEY6TR, STM32G0C1RCI6N, STM32G0C1RCT6N, STM32G0C1REI6N, STM32G0C1RET6N, STM32G0C1VCI6, STM32G0C1VEI6, STM32G471CCT6, STM32G471CCU6, STM32G471CET3, STM32G471CET6, STM32G471CEU3, STM32G471CEU6, STM32G471MCT6, STM32G471MET3, STM32G471MET6, STM32G471MEY6TR, STM32G471QCT6, STM32G471QET3, STM32G471RCT6, STM32G471RET3, STM32G471RET6, STM32G471VCH6, STM32G471VCI6, STM32G471VCT6, STM32G471VEH3, STM32G471VEH6, STM32G471VEI3, STM32G471VEI6, STM32G471VET3, STM32G471VET6, STM32G474CCT6, STM32L476VGY6PTR, STM32L4R5QGI6STR, STM32MP131AAE3, STM32MP131AAF3, STM32MP131AAG3, STM32MP131CAE3, STM32MP131CAF3, STM32MP131CAG3, STM32MP131DAE7, STM32MP131DAF7, STM32MP131DAG7, STM32MP131FAE7, STM32MP131FAF7, STM32MP131FAG7, STM32MP133AAE3, STM32MP133AAF3, STM32MP133AAG3, STM32MP133CAE3, STM32MP133CAF3, STM32MP133CAG3, STM32MP133DAE7, STM32MP133DAF7, STM32MP133DAG7, STM32MP133FAE7, STM32MP133FAF7, STM32MP133FAG7, STM32MP135AAE3, STM32MP135AAF3, STM32MP135AAG3, STM32MP135CAE3, STM32MP135CAF3, STM32MP135CAG3, STM32MP135DAE7, STM32MP135DAF7, STM32MP135DAG7, STM32MP135F-DK, STM32MP135FAE7, STM32MP135FAF7, STM32MP135FAF7T, STM32MP135FAF7U, STM32MP135FAG7, STM32U595ZJT6Q, STM32U599BJY6QTR, STM32U599NIH6Q, STM32U599NJH6Q, STM32U5A5ZJT6Q, STM32U5A9BJY6QTR, STM32U5A9NJH6Q, STM32WB1MMCH6, STM32WL5MOCH6TR]
2025-08-18 10:11:14,936 [INFO] BoardInfo:879 - No configuration file found for board B-G473E-ZEST1S
2025-08-18 10:11:14,936 [INFO] DbBoards:156 - Board is not supported: B-G473E-ZEST1S
2025-08-18 10:11:14,949 [INFO] BoardInfo:879 - No configuration file found for board B-WBA5M-WPAN
2025-08-18 10:11:14,949 [INFO] DbBoards:156 - Board is not supported: B-WBA5M-WPAN
2025-08-18 10:11:14,968 [INFO] BoardInfo:879 - No configuration file found for board NUCLEO-C051C8
2025-08-18 10:11:14,968 [INFO] DbBoards:156 - Board is not supported: NUCLEO-C051C8
2025-08-18 10:11:14,969 [INFO] BoardInfo:879 - No configuration file found for board NUCLEO-C071RB
2025-08-18 10:11:14,969 [INFO] DbBoards:156 - Board is not supported: NUCLEO-C071RB
2025-08-18 10:11:14,970 [INFO] BoardInfo:879 - No configuration file found for board NUCLEO-C092RC
2025-08-18 10:11:14,970 [INFO] DbBoards:156 - Board is not supported: NUCLEO-C092RC
2025-08-18 10:11:15,002 [INFO] BoardInfo:879 - No configuration file found for board NUCLEO-H503RB
2025-08-18 10:11:15,003 [INFO] DbBoards:156 - Board is not supported: NUCLEO-H503RB
2025-08-18 10:11:15,004 [INFO] BoardInfo:879 - No configuration file found for board NUCLEO-H533RE
2025-08-18 10:11:15,004 [INFO] DbBoards:156 - Board is not supported: NUCLEO-H533RE
2025-08-18 10:11:15,005 [INFO] BoardInfo:879 - No configuration file found for board NUCLEO-H563ZI
2025-08-18 10:11:15,005 [INFO] DbBoards:156 - Board is not supported: NUCLEO-H563ZI
2025-08-18 10:11:15,012 [INFO] BoardInfo:879 - No configuration file found for board NUCLEO-H7S3L8
2025-08-18 10:11:15,012 [INFO] DbBoards:156 - Board is not supported: NUCLEO-H7S3L8
2025-08-18 10:11:15,030 [INFO] BoardInfo:879 - No configuration file found for board NUCLEO-N657X0-Q
2025-08-18 10:11:15,031 [INFO] DbBoards:156 - Board is not supported: NUCLEO-N657X0-Q
2025-08-18 10:11:15,044 [INFO] BoardInfo:879 - No configuration file found for board NUCLEO-U031R8
2025-08-18 10:11:15,044 [INFO] DbBoards:156 - Board is not supported: NUCLEO-U031R8
2025-08-18 10:11:15,045 [INFO] BoardInfo:879 - No configuration file found for board NUCLEO-U083RC
2025-08-18 10:11:15,045 [INFO] DbBoards:156 - Board is not supported: NUCLEO-U083RC
2025-08-18 10:11:15,046 [INFO] BoardInfo:879 - No configuration file found for board NUCLEO-U385RG-Q
2025-08-18 10:11:15,046 [INFO] DbBoards:156 - Board is not supported: NUCLEO-U385RG-Q
2025-08-18 10:11:15,047 [INFO] BoardInfo:879 - No configuration file found for board NUCLEO-U545RE-Q
2025-08-18 10:11:15,047 [INFO] DbBoards:156 - Board is not supported: NUCLEO-U545RE-Q
2025-08-18 10:11:15,049 [INFO] BoardInfo:879 - No configuration file found for board NUCLEO-U5A5ZJ-Q
2025-08-18 10:11:15,049 [INFO] DbBoards:156 - Board is not supported: NUCLEO-U5A5ZJ-Q
2025-08-18 10:11:15,050 [INFO] BoardInfo:879 - No configuration file found for board NUCLEO-WB05KZ
2025-08-18 10:11:15,050 [INFO] DbBoards:156 - Board is not supported: NUCLEO-WB05KZ
2025-08-18 10:11:15,051 [INFO] BoardInfo:879 - No configuration file found for board NUCLEO-WB07CC
2025-08-18 10:11:15,051 [INFO] DbBoards:156 - Board is not supported: NUCLEO-WB07CC
2025-08-18 10:11:15,052 [INFO] BoardInfo:879 - No configuration file found for board NUCLEO-WB09KE
2025-08-18 10:11:15,052 [INFO] DbBoards:156 - Board is not supported: NUCLEO-WB09KE
2025-08-18 10:11:15,054 [INFO] BoardInfo:879 - No configuration file found for board NUCLEO-WBA52CG
2025-08-18 10:11:15,054 [INFO] DbBoards:156 - Board is not supported: NUCLEO-WBA52CG
2025-08-18 10:11:15,055 [INFO] BoardInfo:879 - No configuration file found for board NUCLEO-WBA55CG
2025-08-18 10:11:15,055 [INFO] DbBoards:156 - Board is not supported: NUCLEO-WBA55CG
2025-08-18 10:11:15,056 [INFO] BoardInfo:879 - No configuration file found for board NUCLEO-WBA65RI
2025-08-18 10:11:15,056 [INFO] DbBoards:156 - Board is not supported: NUCLEO-WBA65RI
2025-08-18 10:11:15,057 [INFO] BoardInfo:879 - No configuration file found for board NUCLEO-WL33CC1
2025-08-18 10:11:15,057 [INFO] DbBoards:156 - Board is not supported: NUCLEO-WL33CC1
2025-08-18 10:11:15,064 [INFO] BoardInfo:879 - No configuration file found for board NUCLEO-WL33CC2
2025-08-18 10:11:15,064 [INFO] DbBoards:156 - Board is not supported: NUCLEO-WL33CC2
2025-08-18 10:11:15,068 [INFO] BoardInfo:879 - No configuration file found for board P-NUCLEO-WB55
2025-08-18 10:11:15,068 [INFO] DbBoards:156 - Kit is not supported: P-NUCLEO-WB55
2025-08-18 10:11:15,072 [INFO] BoardInfo:879 - No configuration file found for board STEVAL-BFA001V1B
2025-08-18 10:11:15,072 [INFO] DbBoards:156 - Kit is not supported: STEVAL-BFA001V1B
2025-08-18 10:11:15,073 [INFO] BoardInfo:879 - No configuration file found for board STEVAL-BFA001V2B
2025-08-18 10:11:15,073 [INFO] DbBoards:156 - Kit is not supported: STEVAL-BFA001V2B
2025-08-18 10:11:15,075 [INFO] BoardInfo:879 - No configuration file found for board STEVAL-MKBOXPRO
2025-08-18 10:11:15,076 [INFO] DbBoards:156 - Board is not supported: STEVAL-MKBOXPRO
2025-08-18 10:11:15,079 [INFO] BoardInfo:879 - No configuration file found for board STEVAL-SMARTAG2
2025-08-18 10:11:15,079 [INFO] DbBoards:156 - Board is not supported: STEVAL-SMARTAG2
2025-08-18 10:11:15,134 [INFO] BoardInfo:879 - No configuration file found for board STM32H573I-DK
2025-08-18 10:11:15,134 [INFO] DbBoards:156 - Board is not supported: STM32H573I-DK
2025-08-18 10:11:15,147 [INFO] BoardInfo:879 - No configuration file found for board STM32H7S78-DK
2025-08-18 10:11:15,147 [INFO] DbBoards:156 - Board is not supported: STM32H7S78-DK
2025-08-18 10:11:15,165 [INFO] BoardInfo:879 - No configuration file found for board STM32MP257F-DK
2025-08-18 10:11:15,165 [INFO] DbBoards:156 - Board is not supported: STM32MP257F-DK
2025-08-18 10:11:15,166 [INFO] BoardInfo:879 - No configuration file found for board STM32MP257F-EV1
2025-08-18 10:11:15,166 [INFO] DbBoards:156 - Board is not supported: STM32MP257F-EV1
2025-08-18 10:11:15,167 [INFO] BoardInfo:879 - No configuration file found for board STM32N6570-DK
2025-08-18 10:11:15,167 [INFO] DbBoards:156 - Board is not supported: STM32N6570-DK
2025-08-18 10:11:15,168 [INFO] BoardInfo:879 - No configuration file found for board STM32U083C-DK
2025-08-18 10:11:15,168 [INFO] DbBoards:156 - Board is not supported: STM32U083C-DK
2025-08-18 10:11:15,171 [INFO] BoardInfo:879 - No configuration file found for board STM32U5A9J-DK
2025-08-18 10:11:15,171 [INFO] DbBoards:156 - Board is not supported: STM32U5A9J-DK
2025-08-18 10:11:15,172 [INFO] BoardInfo:879 - No configuration file found for board STM32U5G9J-DK1
2025-08-18 10:11:15,172 [INFO] DbBoards:156 - Board is not supported: STM32U5G9J-DK1
2025-08-18 10:11:15,173 [INFO] BoardInfo:879 - No configuration file found for board STM32U5G9J-DK2
2025-08-18 10:11:15,173 [INFO] DbBoards:156 - Board is not supported: STM32U5G9J-DK2
2025-08-18 10:11:15,176 [INFO] BoardInfo:879 - No configuration file found for board STM32WBA55G-DK1
2025-08-18 10:11:15,176 [INFO] DbBoards:156 - Board is not supported: STM32WBA55G-DK1
2025-08-18 10:11:15,177 [INFO] BoardInfo:879 - No configuration file found for board STM32WBA65I-DK1
2025-08-18 10:11:15,177 [INFO] DbBoards:156 - Board is not supported: STM32WBA65I-DK1
2025-08-18 10:11:15,177 [INFO] DbBoards:160 - Found 211 boards, 172 are supported
2025-08-18 10:11:15,181 [INFO] ApiDb:422 - Load user favorites file /home/boobathi/.stm32cubeide/favorites.boards.txt: 1 item(s)
2025-08-18 10:11:15,181 [INFO] ApiDb:426 - User favorites Boards=[NUCLEO-F446RE]
2025-08-18 10:11:15,182 [INFO] DbBoards:189 - Set 1 / 1 favorites Boards
2025-08-18 10:11:19,177 [INFO] MultiScanPanel:196 - Auto-refresh data requested => check proxy status ongoing
2025-08-18 10:11:19,300 [INFO] LoadUrlFilesThread:179 - End of LoadServerUrlFiles without Thread
2025-08-18 10:11:19,300 [INFO] DetailPanel:339 - Set advertising image to /home/boobathi/STM32Cube/Repository//en.2400x1350px.jpeg
2025-08-18 10:11:19,318 [INFO] DbBoards:633 - Loading board mini-images...
2025-08-18 10:11:21,715 [INFO] DbBoards:656 - Loaded 211 board mini-images
2025-08-18 10:11:39,617 [INFO] MainUpdater:2800 - connection check result : 10
2025-08-18 10:11:39,618 [INFO] MainUpdater:2800 - connection check result : 10
2025-08-18 10:11:39,630 [INFO] MicroXplorer:451 - Change Database Path : 
2025-08-18 10:11:39,630 [INFO] MicroXplorer:481 - Change Database Version : DB.6.0.70
2025-08-18 10:11:39,631 [WARN] ThirdParty:845 - waiting for thirdparty lock release [close project]
2025-08-18 10:11:39,631 [INFO] ThirdParty:847 - entering critical section [close project]
2025-08-18 10:11:39,632 [INFO] ThirdParty:857 - exiting critical section [close project]
2025-08-18 10:11:39,636 [INFO] PinOutPanel:1477 - setPackage(No Configuration,No Configuration)
2025-08-18 10:11:39,641 [INFO] UtilMem:74 - Begin LoadConfig() Used Memory: 951029456 Bytes (981467136)
2025-08-18 10:11:39,646 [INFO] OpenFileManager:307 - Change cursor
2025-08-18 10:11:39,673 [INFO] ProjectFactory:399 - No CPN specified for board NUCLEO-F446RE => set CPN to STM32F446RET6
2025-08-18 10:11:39,673 [INFO] Mcu:1925 - Initializing MCU STM32F446R(C-E)Tx STM32F446RETx STM32F446RET6
2025-08-18 10:11:41,300 [INFO] Context:654 - Trying to add GPIOservice into a context  which must be forbidden
2025-08-18 10:11:41,918 [INFO] Rule:225 - rule 117617 - U5Cobra4M][GTZC] default value MPCBB3 and MPCBB5 - Not Secured memory - MPCBB1 is applicable
2025-08-18 10:11:41,918 [INFO] Rule:225 - rule 117617 - U5Cobra4M][GTZC] default value MPCBB3 and MPCBB5 - Not Secured memory - MPCBB1 is applicable
2025-08-18 10:11:41,918 [INFO] Rule:225 - rule 117617 - U5Cobra4M][GTZC] default value MPCBB3 and MPCBB5 - Not Secured memory - MPCBB2 is applicable
2025-08-18 10:11:41,918 [INFO] Rule:225 - rule 117617 - U5Cobra4M][GTZC] default value MPCBB3 and MPCBB5 - Not Secured memory - MPCBB2 is applicable
2025-08-18 10:11:41,918 [INFO] Rule:225 - rule 117617 - U5Cobra4M][GTZC] default value MPCBB3 and MPCBB5 - Not Secured memory - MPCBB3 is applicable
2025-08-18 10:11:41,918 [INFO] Rule:225 - rule 117617 - U5Cobra4M][GTZC] default value MPCBB3 and MPCBB5 - Not Secured memory - MPCBB3 is applicable
2025-08-18 10:11:41,918 [INFO] Rule:225 - rule 117617 - U5Cobra4M][GTZC] default value MPCBB3 and MPCBB5 - Not Secured memory - MPCBB4 is applicable
2025-08-18 10:11:41,918 [INFO] Rule:225 - rule 117617 - U5Cobra4M][GTZC] default value MPCBB3 and MPCBB5 - Not Secured memory - MPCBB4 is applicable
2025-08-18 10:11:41,918 [INFO] Rule:225 - rule 117617 - U5Cobra4M][GTZC] default value MPCBB3 and MPCBB5 - Secured memory - MPCBB1 is applicable
2025-08-18 10:11:41,918 [INFO] Rule:225 - rule 117617 - U5Cobra4M][GTZC] default value MPCBB3 and MPCBB5 - Secured memory - MPCBB2 is applicable
2025-08-18 10:11:41,918 [INFO] Rule:225 - rule 117617 - U5Cobra4M][GTZC] default value MPCBB3 and MPCBB5 - Secured memory - MPCBB3 is applicable
2025-08-18 10:11:41,918 [INFO] Rule:225 - rule 117617 - U5Cobra4M][GTZC] default value MPCBB3 and MPCBB5 - Secured memory - MPCBB4 is applicable
2025-08-18 10:11:41,919 [INFO] Rule:225 - rule 117617 - U5Cobra4M][GTZC] default value MPCBB3 and MPCBB5 - Privileged memory - MPCBB1 is applicable
2025-08-18 10:11:41,919 [INFO] Rule:225 - rule 117617 - U5Cobra4M][GTZC] default value MPCBB3 and MPCBB5 - Privileged memory - MPCBB2 is applicable
2025-08-18 10:11:41,919 [INFO] Rule:225 - rule 117617 - U5Cobra4M][GTZC] default value MPCBB3 and MPCBB5 - Privileged memory - MPCBB3 is applicable
2025-08-18 10:11:41,919 [INFO] Rule:225 - rule 117617 - U5Cobra4M][GTZC] default value MPCBB3 and MPCBB5 - Privileged memory - MPCBB4 is applicable
2025-08-18 10:11:41,919 [INFO] Rule:225 - rule 117617 - U5Cobra4M][GTZC] default value MPCBB3 and MPCBB5 - Not Privileged memory - MPCBB1 is applicable
2025-08-18 10:11:41,919 [INFO] Rule:225 - rule 117617 - U5Cobra4M][GTZC] default value MPCBB3 and MPCBB5 - Not Privileged memory - MPCBB2 is applicable
2025-08-18 10:11:41,919 [INFO] Rule:225 - rule 117617 - U5Cobra4M][GTZC] default value MPCBB3 and MPCBB5 - Not Privileged memory - MPCBB3 is applicable
2025-08-18 10:11:41,919 [INFO] Rule:225 - rule 117617 - U5Cobra4M][GTZC] default value MPCBB3 and MPCBB5 - Not Privileged memory - MPCBB4 is applicable
2025-08-18 10:11:41,919 [INFO] Rule:225 - rule 117617 - U5Cobra4M][GTZC] default value MPCBB3 and MPCBB5 - Privileged memory - MPCBB1 is applicable
2025-08-18 10:11:41,919 [INFO] Rule:225 - rule 117617 - U5Cobra4M][GTZC] default value MPCBB3 and MPCBB5 - Privileged memory - MPCBB2 is applicable
2025-08-18 10:11:41,919 [INFO] Rule:225 - rule 117617 - U5Cobra4M][GTZC] default value MPCBB3 and MPCBB5 - Privileged memory - MPCBB3 is applicable
2025-08-18 10:11:41,919 [INFO] Rule:225 - rule 117617 - U5Cobra4M][GTZC] default value MPCBB3 and MPCBB5 - Privileged memory - MPCBB4 is applicable
2025-08-18 10:11:41,919 [INFO] Rule:225 - rule 117617 - U5Cobra4M][GTZC] default value MPCBB3 and MPCBB5 - Privileged memory - MPCBB1 is applicable
2025-08-18 10:11:41,919 [INFO] Rule:225 - rule 117617 - U5Cobra4M][GTZC] default value MPCBB3 and MPCBB5 - Privileged memory - MPCBB2 is applicable
2025-08-18 10:11:41,919 [INFO] Rule:225 - rule 117617 - U5Cobra4M][GTZC] default value MPCBB3 and MPCBB5 - Privileged memory - MPCBB3 is applicable
2025-08-18 10:11:41,919 [INFO] Rule:225 - rule 117617 - U5Cobra4M][GTZC] default value MPCBB3 and MPCBB5 - Privileged memory - MPCBB4 is applicable
2025-08-18 10:11:41,919 [INFO] Rule:225 - rule 117617 - U5Cobra4M][GTZC] default value MPCBB3 and MPCBB5 - Not Privileged memory - MPCBB1 is applicable
2025-08-18 10:11:41,920 [INFO] Rule:225 - rule 117617 - U5Cobra4M][GTZC] default value MPCBB3 and MPCBB5 - Not Privileged memory - MPCBB2 is applicable
2025-08-18 10:11:41,920 [INFO] Rule:225 - rule 117617 - U5Cobra4M][GTZC] default value MPCBB3 and MPCBB5 - Not Privileged memory - MPCBB3 is applicable
2025-08-18 10:11:41,920 [INFO] Rule:225 - rule 117617 - U5Cobra4M][GTZC] default value MPCBB3 and MPCBB5 - Not Privileged memory - MPCBB4 is applicable
2025-08-18 10:11:41,920 [INFO] Rule:225 - rule 117617 - U5Cobra4M][GTZC] default value MPCBB3 and MPCBB5 - Privileged memory - MPCBB1 is applicable
2025-08-18 10:11:41,920 [INFO] Rule:225 - rule 117617 - U5Cobra4M][GTZC] default value MPCBB3 and MPCBB5 - Privileged memory - MPCBB2 is applicable
2025-08-18 10:11:41,920 [INFO] Rule:225 - rule 117617 - U5Cobra4M][GTZC] default value MPCBB3 and MPCBB5 - Privileged memory - MPCBB3 is applicable
2025-08-18 10:11:41,920 [INFO] Rule:225 - rule 117617 - U5Cobra4M][GTZC] default value MPCBB3 and MPCBB5 - Privileged memory - MPCBB4 is applicable
2025-08-18 10:11:41,920 [INFO] Rule:225 - rule Rename SubGHz_Phy SUBGHZ_APPLICATION SUBGHZ_PINGPONG to SUBGHZ_ADV_APPLICATION is applicable
2025-08-18 10:11:41,920 [INFO] Rule:225 - rule Rename Enabled to IBEACON is applicable
2025-08-18 10:11:41,920 [INFO] Rule:225 - rule GTZC_S instance for project manager is applicable
2025-08-18 10:11:41,920 [INFO] Rule:225 - rule GTZC_S instance for context M33S is applicable
2025-08-18 10:11:41,920 [INFO] Rule:225 - rule GTZC_S instance value for IP GTZC is applicable
2025-08-18 10:11:41,920 [INFO] Rule:225 - rule GTZC_S instance for mcu.IP is applicable
2025-08-18 10:11:41,920 [INFO] Rule:225 - rule GTZC_S instance for VP is applicable
2025-08-18 10:11:41,920 [INFO] Rule:225 - rule GTZC_S instance for signal is applicable
2025-08-18 10:11:41,920 [INFO] Rule:225 - rule GTZC_S instance for mcu.Pin is applicable
2025-08-18 10:11:41,921 [INFO] Rule:225 - rule GTZC_S instance for VP is applicable
2025-08-18 10:11:41,921 [INFO] Rule:225 - rule GTZC_S instance for signal is applicable
2025-08-18 10:11:41,921 [INFO] Rule:225 - rule GTZC_S instance for mcu is applicable
2025-08-18 10:11:41,921 [INFO] Rule:225 - rule GTZC_S instance for mcu.Pin is applicable
2025-08-18 10:11:41,921 [INFO] Rule:225 - rule GTZC_S instance value for IP GTZC is applicable
2025-08-18 10:11:41,921 [INFO] Rule:225 - rule GTZC_S instance for project manager is applicable
2025-08-18 10:11:41,921 [INFO] Rule:225 - rule GTZC_S instance for context M33S is applicable
2025-08-18 10:11:41,921 [INFO] Rule:225 - rule GTZC_S instance for VP is applicable
2025-08-18 10:11:41,921 [INFO] Rule:225 - rule GTZC_S instance for signal is applicable
2025-08-18 10:11:41,921 [INFO] Rule:225 - rule SPDIFRX instance for mcu is applicable
2025-08-18 10:11:41,921 [INFO] Rule:225 - rule Rename Tracer Mode is applicable
2025-08-18 10:11:41,921 [INFO] Rule:225 - rule SPDIFRX instance value for IP SPDIFRX is applicable
2025-08-18 10:11:41,921 [INFO] Rule:225 - rule SPDIFRX instance for signal is applicable
2025-08-18 10:11:41,921 [INFO] Rule:225 - rule SPDIFRX instance for project manager is applicable
2025-08-18 10:11:41,921 [INFO] Rule:225 - rule SPDIFRX instance for project manager is applicable
2025-08-18 10:11:41,921 [INFO] Rule:225 - rule ADC Scan  fix with FW F7 is applicable
2025-08-18 10:11:41,921 [INFO] Rule:225 - rule ADC Scan  fix with FW F7 is applicable
2025-08-18 10:11:41,922 [INFO] Rule:225 - rule Add RTC Activate Clock Source is applicable
2025-08-18 10:11:41,922 [INFO] Rule:225 - rule Add RTC Activate Calendar 1 is applicable
2025-08-18 10:11:41,922 [INFO] Rule:225 - rule Add RTC Activate Calendar 2 is applicable
2025-08-18 10:11:41,922 [INFO] Rule:225 - rule Add RTC Activate Calendar 3 is applicable
2025-08-18 10:11:41,922 [INFO] Rule:225 - rule UART/USART TX Mode is applicable
2025-08-18 10:11:41,922 [INFO] Rule:225 - rule UART/USART RX Mode is applicable
2025-08-18 10:11:41,922 [INFO] Rule:225 - rule UART/USART RX TX Mode is applicable
2025-08-18 10:11:41,922 [INFO] Rule:225 - rule UART/USART PARITY NONE is applicable
2025-08-18 10:11:41,922 [INFO] Rule:225 - rule UART/USART PARITY EVEN is applicable
2025-08-18 10:11:41,922 [INFO] Rule:225 - rule UART/USART PARITY ODD is applicable
2025-08-18 10:11:41,922 [INFO] Rule:225 - rule USART StopBits 1 is applicable
2025-08-18 10:11:41,922 [INFO] Rule:225 - rule USART StopBits 2 is applicable
2025-08-18 10:11:41,922 [INFO] Rule:225 - rule USART StopBits 1.5 is applicable
2025-08-18 10:11:41,922 [INFO] Rule:225 - rule USART StopBits 0.5 is applicable
2025-08-18 10:11:41,923 [INFO] Rule:225 - rule UART/USART WORD LENGTH 7 is applicable
2025-08-18 10:11:41,923 [INFO] Rule:225 - rule UART/USART WORD LENGTH 8 is applicable
2025-08-18 10:11:41,923 [INFO] Rule:225 - rule UART/USART WORD LENGTH 9 is applicable
2025-08-18 10:11:41,923 [INFO] Rule:225 - rule Rename FMC NAND NCE signal is applicable
2025-08-18 10:11:41,923 [INFO] Rule:225 - rule Rename FMC NAND INT signal is applicable
2025-08-18 10:11:41,923 [INFO] Rule:225 - rule Change Default Value for LSE Drive Capability for WB family is applicable
2025-08-18 10:11:41,923 [INFO] Rule:225 - rule Change Default Value for ADC Clock Prescaler G0 family is applicable
2025-08-18 10:11:41,923 [INFO] Rule:225 - rule Change Default Value for ADC ExternalTrigConv L4 family is applicable
2025-08-18 10:11:41,923 [INFO] Rule:225 - rule Change Default Value for ADC ExternalTrigInjecConv L4 family is applicable
2025-08-18 10:11:41,923 [INFO] Rule:225 - rule Change Default Value for ADC ExternalTrigConv F3 family is applicable
2025-08-18 10:11:41,923 [INFO] Rule:225 - rule Change Default Value for ADC ExternalTrigInjecConv F3 family is applicable
2025-08-18 10:11:41,923 [INFO] Rule:225 - rule Change Default Value for ADC ExternalTrigConv Goldfish serie is applicable
2025-08-18 10:11:41,923 [INFO] Rule:225 - rule Change Default Value for ADC ExternalTrigInjecConv Goldfish serie is applicable
2025-08-18 10:11:41,923 [INFO] Rule:225 - rule Change Default Value for ADC ExternalTrigConv L0 family is applicable
2025-08-18 10:11:41,923 [INFO] Rule:225 - rule Change Default Value for ADC ExternalTrigConv F0 family is applicable
2025-08-18 10:11:41,923 [INFO] Rule:225 - rule Change Default Value for ADC ExternalTrigConvn L1 family is applicable
2025-08-18 10:11:41,923 [INFO] Rule:225 - rule Change Default Value for ADC ExternalTrigInjecConv L1 family is applicable
2025-08-18 10:11:41,924 [INFO] Rule:225 - rule Change Default Value for ADC ExternalTrigConv F1 family is applicable
2025-08-18 10:11:41,924 [INFO] Rule:225 - rule Change Default Value for ADC ExternalTrigInjecConv F1 family is applicable
2025-08-18 10:11:41,924 [INFO] Rule:225 - rule Change Default Value for ADC ExternalTrigConv F7 family is applicable
2025-08-18 10:11:41,924 [INFO] Rule:225 - rule Change Default Value for ADC ExternalTrigInjecConv F7 family is applicable
2025-08-18 10:11:41,924 [INFO] Rule:225 - rule Change Default Value for ADC ExternalTrigConv F4 and F2 family is applicable
2025-08-18 10:11:41,924 [INFO] Rule:225 - rule Change Default Value for ADC ExternalTrigInjecConv F4 and F2 family is applicable
2025-08-18 10:11:41,924 [INFO] Rule:225 - rule ADC SamplingTime fix with FW L0  is applicable
2025-08-18 10:11:41,924 [INFO] Rule:225 - rule ADC SamplingTime fix with FW L0  is applicable
2025-08-18 10:11:41,924 [INFO] Rule:225 - rule ADC SamplingTime fix with FW L0 is applicable
2025-08-18 10:11:41,924 [INFO] Rule:225 - rule ADC SamplingTime fix with FW L0 is applicable
2025-08-18 10:11:41,924 [INFO] Rule:225 - rule ADC SamplingTime fix with FW L0  is applicable
2025-08-18 10:11:41,924 [INFO] Rule:225 - rule ADC SamplingTime fix with FW L0 is applicable
2025-08-18 10:11:41,924 [INFO] Rule:225 - rule Rename USB_OE Signal is applicable
2025-08-18 10:11:41,924 [INFO] Rule:225 - rule Rename Activate_OE Mode is applicable
2025-08-18 10:11:41,924 [INFO] Rule:225 - rule Rename DIE462/DIE415 pin PC14/OSC32_IN -> PC14-OSC32_IN (PC14) is applicable
2025-08-18 10:11:41,925 [INFO] Rule:225 - rule Rename DIE462/DIE415 pin PC15/OSC32_OUT -> PC15-OSC32_OUT (PC15) is applicable
2025-08-18 10:11:41,925 [INFO] Rule:225 - rule Rename DIE462/DIE415 pin PH0/OSC_IN -> PH0-OSC_IN (PH0) is applicable
2025-08-18 10:11:41,925 [INFO] Rule:225 - rule Rename DIE462/DIE415 pin PH1/OSC_OUT -> PH1-OSC_OUT (PH1) is applicable
2025-08-18 10:11:41,925 [INFO] Rule:225 - rule Rename DIE462 pin PA13 -> PA13 (JTMS/SWDIO) is applicable
2025-08-18 10:11:41,925 [INFO] Rule:225 - rule Rename DIE415 pin PA13 -> PA13 (JTMS/SWDIO) is applicable
2025-08-18 10:11:41,925 [INFO] Rule:225 - rule Rename DIE462 pin PA14 -> PA14 (JTCK/SWCLK) is applicable
2025-08-18 10:11:41,925 [INFO] Rule:225 - rule Rename DIE415 pin PA14 -> PA14 (JTCK/SWCLK) is applicable
2025-08-18 10:11:41,925 [INFO] Rule:225 - rule Rename DIE462/DIE415 pin PA15 -> PA15 (JTDI) is applicable
2025-08-18 10:11:41,925 [INFO] Rule:225 - rule Rename DIE462 pin PB3 -> PB3 (JTD0/TRACESWO) is applicable
2025-08-18 10:11:41,925 [INFO] Rule:225 - rule Rename DIE415 pin PB3 -> PB3 (JTD0-TRACESWO) is applicable
2025-08-18 10:11:41,925 [INFO] Rule:225 - rule Rename DIE462/DIE415 pin PB4 -> PB4 (NJTRST) is applicable
2025-08-18 10:11:41,925 [INFO] Rule:225 - rule Rename DIE462 pin PH3/BOOT0 -> PH3-BOOT0 (BOOT0) is applicable
2025-08-18 10:11:41,925 [INFO] Rule:225 - rule Rename CRYP DataEncryptionTypesList to Algorithm is applicable
2025-08-18 10:11:41,925 [INFO] Rule:225 - rule Rename AES DataEncryptionTypesList to Algorithm is applicable
2025-08-18 10:11:41,925 [INFO] Rule:225 - rule Rename TDESECB to CRYP_TDES_ECB is applicable
2025-08-18 10:11:41,925 [INFO] Rule:225 - rule Rename TDESCBC to CRYP_TDES_CBC is applicable
2025-08-18 10:11:41,925 [INFO] Rule:225 - rule Rename DESECB to CRYP_DES_ECB is applicable
2025-08-18 10:11:41,926 [INFO] Rule:225 - rule Rename DESCBC to CRYP_DES_CBC is applicable
2025-08-18 10:11:41,926 [INFO] Rule:225 - rule Rename AESECB to CRYP_AES_ECB is applicable
2025-08-18 10:11:41,926 [INFO] Rule:225 - rule Rename AESCBC to CRYP_AES_CBC is applicable
2025-08-18 10:11:41,926 [INFO] Rule:225 - rule Rename AESCTR to CRYP_AES_CTR is applicable
2025-08-18 10:11:41,926 [INFO] Rule:225 - rule Rename AESGCM to CRYP_AES_GCM is applicable
2025-08-18 10:11:41,926 [INFO] Rule:225 - rule Rename AESCCM to CRYP_AES_CCM is applicable
2025-08-18 10:11:41,926 [INFO] Rule:225 - rule Rename CAN TimeSeg1 to BS1 is applicable
2025-08-18 10:11:41,926 [INFO] Rule:225 - rule Rename CAN TimeSeg2 to BS2 is applicable
2025-08-18 10:11:41,926 [INFO] Rule:225 - rule Rename CAN SyncJumpWidth to SJW is applicable
2025-08-18 10:11:41,926 [INFO] Rule:225 - rule TimeTriggeredMode to TTCM is applicable
2025-08-18 10:11:41,926 [INFO] Rule:225 - rule Rename CAN AutoBusOff to ABOM is applicable
2025-08-18 10:11:41,926 [INFO] Rule:225 - rule Rename CAN AutoWakeUp to AWUM is applicable
2025-08-18 10:11:41,926 [INFO] Rule:225 - rule Rename CAN AutoRetransmission to NART is applicable
2025-08-18 10:11:41,926 [INFO] Rule:225 - rule Rename CAN ReceiveFifoLocked to RFLM is applicable
2025-08-18 10:11:41,926 [INFO] Rule:225 - rule Rename CAN TransmitFifoPriority to TXFP is applicable
2025-08-18 10:11:41,926 [INFO] Rule:225 - rule Rename HRTIMER HRTIM_OUTPUTFAULTLEVEL_HIGH in HRTIMER HRTIM_OUTPUTFAULTLEVEL_HIGHZ is applicable
2025-08-18 10:11:41,926 [INFO] Rule:225 - rule Rename TIMER TIM_CLEARINPUTSOURCE_OCREFCLR in  TIMER TIM_CLEARINPUTSOURCE_NONE for F7 family is applicable
2025-08-18 10:11:41,926 [INFO] Rule:225 - rule FDCAN_R1 - Rename FDCAN mode Master into Classic is applicable
2025-08-18 10:11:41,926 [INFO] Rule:225 - rule FDCAN_R2 - Rename FDCAN mode Slave into Classic is applicable
2025-08-18 10:11:41,927 [INFO] Rule:225 - rule FDCAN1_R3 - if PA10.Mode=FullDuplex, add Pin PA12 is applicable
2025-08-18 10:11:41,927 [INFO] Rule:225 - rule FDCAN1_R3 - if PA9.Mode=FullDuplex, add Pin PA11 is applicable
2025-08-18 10:11:41,927 [INFO] Rule:225 - rule FDCAN1_R3 - Alternatepin_1 - if PE1.Mode=FullDuplex, add Pin PB9 is applicable
2025-08-18 10:11:41,927 [INFO] Rule:225 - rule FDCAN1_R3 - Alternatepin_1 - if PE0.Mode=FullDuplex, add Pin PB8 is applicable
2025-08-18 10:11:41,927 [INFO] Rule:225 - rule FDCAN1_R3 - Alternatepin_2 - if PD5.Mode=FullDuplex, add Pin PD1 is applicable
2025-08-18 10:11:41,927 [INFO] Rule:225 - rule FDCAN1_R3 - Alternatepin_2 - if PD4.Mode=FullDuplex, add Pin PD0 is applicable
2025-08-18 10:11:41,927 [INFO] Rule:225 - rule FDCAN1_R4 - Rename Mode FullDuplex into Enable FDCAN_TXFD for pin PA10 is applicable
2025-08-18 10:11:41,927 [INFO] Rule:225 - rule FDCAN1_R4 - Rename Mode FullDuplex into Enable FDCAN_TXFD for pin PA9 is applicable
2025-08-18 10:11:41,927 [INFO] Rule:225 - rule FDCAN1_R4 - Alternatepin_1 - Rename Mode FullDuplex into Enable FDCAN_TXFD for pin PE1 is applicable
2025-08-18 10:11:41,927 [INFO] Rule:225 - rule FDCAN1_R4 - Alternatepin_1 - Rename Mode FullDuplex into Enable FDCAN_TXFD for pin PE0 is applicable
2025-08-18 10:11:41,927 [INFO] Rule:225 - rule FDCAN1_R4 - Alternatepin_2 - Rename Mode FullDuplex into Enable FDCAN_TXFD for pin PD5 is applicable
2025-08-18 10:11:41,927 [INFO] Rule:225 - rule FDCAN1_R4 - Alternatepin_2 - Rename Mode FullDuplex into Enable FDCAN_TXFD for pin PD4 is applicable
2025-08-18 10:11:41,927 [INFO] Rule:225 - rule FDCAN2_R3 - if PD10.Mode=FullDuplex, add Pin PB13 is applicable
2025-08-18 10:11:41,927 [INFO] Rule:225 - rule FDCAN2_R3 - if PD9.Mode=FullDuplex, add Pin PB12 is applicable
2025-08-18 10:11:41,927 [INFO] Rule:225 - rule FDCAN2_R3 - Alternatepin_1 - if PB7.Mode=FullDuplex, add Pin PB6 is applicable
2025-08-18 10:11:41,927 [INFO] Rule:225 - rule FDCAN2_R3 - Alternatepin_1 - if PD9.Mode=FullDuplex, add Pin PB12 is applicable
2025-08-18 10:11:41,927 [INFO] Rule:225 - rule FDCAN2_R4 - Rename Mode FullDuplex into Enable FDCAN_TXFD for pin PD10 is applicable
2025-08-18 10:11:41,927 [INFO] Rule:225 - rule FDCAN2_R4 - Rename Mode FullDuplex into Enable FDCAN_TXFD for pin PD9 is applicable
2025-08-18 10:11:41,928 [INFO] Rule:225 - rule FDCAN2_R4 - Alternatepin_1 - Rename Mode FullDuplex into Enable FDCAN_TXFD for pin PB7 is applicable
2025-08-18 10:11:41,928 [INFO] Rule:225 - rule FDCAN2_R4 - Alternatepin_1 - Rename Mode FullDuplex into Enable FDCAN_TXFD for pin PD6 is applicable
2025-08-18 10:11:41,928 [INFO] Rule:225 - rule USART TxPinLevelInvertParam Mode is applicable
2025-08-18 10:11:41,928 [INFO] Rule:225 - rule USART RxPinLevelInvertParam Mode is applicable
2025-08-18 10:11:41,928 [INFO] Rule:225 - rule USART DataInvertParam Mode is applicable
2025-08-18 10:11:41,928 [INFO] Rule:225 - rule USART SwapParam Mode is applicable
2025-08-18 10:11:41,928 [INFO] Rule:225 - rule USART OverrunDisableParam Mode is applicable
2025-08-18 10:11:41,928 [INFO] Rule:225 - rule USART DMADisableonRxErrorParam Mode is applicable
2025-08-18 10:11:41,928 [INFO] Rule:225 - rule USART MSBFirstParam Mode is applicable
2025-08-18 10:11:41,928 [INFO] Rule:225 - rule Update MwName for USB_DEVICE is applicable
2025-08-18 10:11:41,928 [INFO] Rule:225 - rule Change PWR_Regulator_Voltage_Scale Default Value for RCC  H7 family is applicable
2025-08-18 10:11:41,928 [INFO] Rule:225 - rule UART/USART IPParameter rename Prescaler parameter to ClockPrescaler is applicable
2025-08-18 10:11:41,928 [INFO] Rule:225 - rule UART/USART Prescaler rename Prescaler parameter to ClockPrescaler is applicable
2025-08-18 10:11:41,928 [INFO] Rule:225 - rule TIM1CLockSelection is applicable
2025-08-18 10:11:41,928 [INFO] Rule:225 - rule TIM15CLockSelection is applicable
2025-08-18 10:11:41,928 [INFO] Rule:225 - rule align RCC SDMMC3CLockSelection default value on MP1 is applicable
2025-08-18 10:11:41,928 [INFO] Rule:225 - rule align RCC SDMMC12CLockSelection default value on MP1 is applicable
2025-08-18 10:11:41,928 [INFO] Rule:225 - rule align RCC QSPICLockSelection default value on MP1 is applicable
2025-08-18 10:11:41,929 [INFO] Rule:225 - rule align RCC QSPICLockSelection default value on MP1 is applicable
2025-08-18 10:11:41,929 [INFO] Rule:225 - rule align RCC SPI6CLockSelection default value on MP1 is applicable
2025-08-18 10:11:41,929 [INFO] Rule:225 - rule align RCC LPTIM23CLockSelection default value on MP1 is applicable
2025-08-18 10:11:41,929 [INFO] Rule:225 - rule align RCC LPTIM1CLockSelection default value on MP1 is applicable
2025-08-18 10:11:41,929 [INFO] Rule:225 - rule align RCC USART1CLockSelection default value on MP1 is applicable
2025-08-18 10:11:41,929 [INFO] Rule:225 - rule align RCC USART24CLockSelection default value on MP1 is applicable
2025-08-18 10:11:41,929 [INFO] Rule:225 - rule align RCC USART6CLockSelection default value on MP1 is applicable
2025-08-18 10:11:41,929 [INFO] Rule:225 - rule align RCC UART78CLockSelection default value on MP1 is applicable
2025-08-18 10:11:41,929 [INFO] Rule:225 - rule align RCC USART35CLockSelection default value on MP1 is applicable
2025-08-18 10:11:41,929 [INFO] Rule:225 - rule align RCC SPI45CLockSelection default value on MP1 is applicable
2025-08-18 10:11:41,929 [INFO] Rule:225 - rule align RCC I2C46CLockSelection BCLK value on MP1 is applicable
2025-08-18 10:11:41,929 [INFO] Rule:225 - rule align RCC SPI45CLockSelection default value on MP1 is applicable
2025-08-18 10:11:41,929 [INFO] Rule:225 - rule align RCC I2C12CLockSelection default value on MP1 is applicable
2025-08-18 10:11:41,929 [INFO] Rule:225 - rule align RCC I2C35CLockSelection default value on MP1 is applicable
2025-08-18 10:11:41,929 [INFO] Rule:225 - rule align RCC LPTIM45CLockSelection default value on MP1 is applicable
2025-08-18 10:11:41,929 [INFO] Rule:225 - rule Rename DCMI PIXCK signal is applicable
2025-08-18 10:11:41,929 [INFO] Rule:225 - rule Change Default Value for I2C46CLockSelection MP1 family is applicable
2025-08-18 10:11:41,929 [INFO] Rule:225 - rule Change Default Value for UART for G4, G0 and WB families is applicable
2025-08-18 10:11:41,930 [INFO] Rule:225 - rule Change Default Value for USART for G4, G0 and WB families is applicable
2025-08-18 10:11:41,930 [INFO] Rule:225 - rule Change Default Value for USART for G4 family is applicable
2025-08-18 10:11:41,930 [INFO] Rule:225 - rule Change USART1CLockSelection refparam name for MP1 is applicable
2025-08-18 10:11:41,930 [INFO] Rule:225 - rule Change USART2CLockSelection refparam name for MP1 is applicable
2025-08-18 10:11:41,930 [INFO] Rule:225 - rule Change USART3CLockSelection refparam name for MP1 is applicable
2025-08-18 10:11:41,930 [INFO] Rule:225 - rule Change UART4CLockSelection refparam name for MP1 is applicable
2025-08-18 10:11:41,930 [INFO] Rule:225 - rule Change UART5CLockSelection refparam name for MP1 is applicable
2025-08-18 10:11:41,930 [INFO] Rule:225 - rule Change LPUART1CLockSelection refparam name for MP1 is applicable
2025-08-18 10:11:41,930 [INFO] Rule:225 - rule Change LPTIM1CLockSelection refparam name for MP1 is applicable
2025-08-18 10:11:41,930 [INFO] Rule:225 - rule Change LPTIM2CLockSelection refparam name for MP1 is applicable
2025-08-18 10:11:41,930 [INFO] Rule:225 - rule Change RCC_MCO1Source refparam name for MP1 is applicable
2025-08-18 10:11:41,930 [INFO] Rule:225 - rule Change LSCOSource1 refparam name for MP1 is applicable
2025-08-18 10:11:41,930 [INFO] Rule:225 - rule Change SMPSCLockSelection refparam name for MP1 is applicable
2025-08-18 10:11:41,930 [INFO] Rule:225 - rule Change LPTIM3CLockSelection refparam name for MP1 is applicable
2025-08-18 10:11:41,930 [INFO] Rule:225 - rule Change MPCBB* Default Template Mode to Parameters is applicable
2025-08-18 10:11:41,930 [INFO] Rule:225 - rule Change MPCWM* or MPCBB* Secure Mode to Parameters is applicable
2025-08-18 10:11:41,930 [INFO] Rule:225 - rule Change MPCWM* or MPCBB* No Secure Mode to Parameters is applicable
2025-08-18 10:11:41,930 [INFO] Rule:225 - rule Change TZSC IP Secure Mode to Parameters is applicable
2025-08-18 10:11:41,930 [INFO] Rule:225 - rule Change TZSC IP No Secure Mode to Parameters is applicable
2025-08-18 10:11:41,931 [INFO] Rule:225 - rule Change TZSC IP Privilege Mode to Parameters is applicable
2025-08-18 10:11:41,931 [INFO] Rule:225 - rule Change TZSC IP No Privilege Mode to Parameters is applicable
2025-08-18 10:11:41,931 [INFO] Rule:225 - rule Change TZIC IT Secure Mode to Parameters is applicable
2025-08-18 10:11:41,931 [INFO] Rule:225 - rule Change TZIC IT No Secure Mode to Parameters is applicable
2025-08-18 10:11:41,931 [INFO] Rule:225 - rule Add MPCBB1_NonSecureArea_Start_Address value with referenced to MPCBB1_NonSecureArea_Start value is applicable
2025-08-18 10:11:41,931 [INFO] Rule:225 - rule Add MPCBB2_NonSecureArea_Start_Address value with referenced to MPCBB2_NonSecureArea_Start value is applicable
2025-08-18 10:11:41,931 [INFO] Rule:225 - rule Add MPCWM1_NonSecureArea*_Start_Address value with referenced to MPCWM1_NonSecureArea*_Start value is applicable
2025-08-18 10:11:41,931 [INFO] Rule:225 - rule Add MPCWM2_NonSecureArea*_Start_Address value with referenced to MPCWM2_NonSecureArea*_Start value is applicable
2025-08-18 10:11:41,931 [INFO] Rule:225 - rule Add MPCWM3_NonSecureArea_Start_Address value with referenced to MPCWM3_NonSecureArea_Start value is applicable
2025-08-18 10:11:41,931 [INFO] Rule:225 - rule Change Default Value for PLL1UserDefinedConfig is applicable
2025-08-18 10:11:41,931 [INFO] Rule:225 - rule Change GPIO_PuPd Default Value for USART in async mode is applicable
2025-08-18 10:11:41,931 [INFO] Rule:225 - rule Change SMPSDivider Default Value is applicable
2025-08-18 10:11:41,931 [INFO] Rule:225 - rule OPAMP is applicable
2025-08-18 10:11:41,931 [INFO] Rule:225 - rule LPUART IPParameter rename Prescaler parameter to ClockPrescaler for STM32H7 is applicable
2025-08-18 10:11:41,931 [INFO] Rule:225 - rule LPUART IPParameter rename Prescaler parameter to ClockPrescaler for STM32H7 is applicable
2025-08-18 10:11:41,931 [INFO] Rule:225 - rule LPUART IPParameter rename Prescaler parameter to ClockPrescaler for STM32WB is applicable
2025-08-18 10:11:41,931 [INFO] Rule:225 - rule LPUART IPParameter rename Prescaler parameter to ClockPrescaler for STM32WB is applicable
2025-08-18 10:11:41,931 [INFO] Rule:225 - rule LPUART IPParameter rename Prescaler parameter to ClockPrescaler for STM32G4 is applicable
2025-08-18 10:11:41,932 [INFO] Rule:225 - rule LPUART IPParameter rename Prescaler parameter to ClockPrescaler for STM32G4 is applicable
2025-08-18 10:11:41,932 [INFO] Rule:225 - rule LPUART IPParameter rename Prescaler parameter to ClockPrescaler for STM32L5 is applicable
2025-08-18 10:11:41,932 [INFO] Rule:225 - rule LPUART IPParameter rename Prescaler parameter to ClockPrescaler for STM32L5 is applicable
2025-08-18 10:11:41,932 [INFO] Rule:225 - rule LPUART IPParameter rename Prescaler parameter to ClockPrescaler for STM32G4 is applicable
2025-08-18 10:11:41,932 [INFO] Rule:225 - rule LPUART IPParameter rename Prescaler parameter to ClockPrescaler for STM32G4 is applicable
2025-08-18 10:11:41,932 [INFO] Rule:225 - rule USB device lib V2.5.3 for L0 rename USBD_SUPPORT_USER_STRING parameter to USBD_SUPPORT_USER_STRING_DESC4 is applicable
2025-08-18 10:11:41,932 [INFO] Rule:225 - rule I2SCLockSelection clock entry align is applicable
2025-08-18 10:11:41,932 [INFO] Rule:225 - rule Assign TIMx context if used as SYS timebase is applicable
2025-08-18 10:11:41,932 [INFO] Rule:225 - rule Change GPIO_Pu Default Value for I2C is applicable
2025-08-18 10:11:41,932 [INFO] Rule:225 - rule Change GPIO_Pu Default Value for SMBus is applicable
2025-08-18 10:11:41,932 [INFO] Rule:225 - rule change FDCAN default value is applicable
2025-08-18 10:11:41,932 [INFO] Rule:225 - rule Change mode sai is applicable
2025-08-18 10:11:41,932 [INFO] Rule:225 - rule **Change sai mode is applicable
2025-08-18 10:11:41,954 [INFO] DbConfProperties:305 - Apply Compatibility (49/248 Rules)
2025-08-18 10:11:41,977 [INFO] ImportTextPane:193 - (OptionalMessage_ERROR) Unable to find key (Mcu.ThirdPartyNb) in loaded IOC file
2025-08-18 10:11:42,335 [INFO] RtosManager:489 - Registered RTOS mode: class=CMSIS, group=RTOS, mode=CMSIS_V1, owner=FREERTOS
2025-08-18 10:11:42,335 [INFO] RtosManager:489 - Registered RTOS mode: class=CMSIS, group=RTOS2, mode=CMSIS_V2, owner=FREERTOS
2025-08-18 10:11:42,335 [INFO] RtosManager:489 - Registered RTOS mode: class=RTOS, group=Core, mode=CMSIS_V1, owner=FREERTOS
2025-08-18 10:11:42,353 [INFO] RtosManager:489 - Registered RTOS mode: class=RTOS, group=Core, mode=CMSIS_V2, owner=FREERTOS
2025-08-18 10:11:42,354 [WARN] ModelIntegratedComponent:185 - Missing modes for component STMicroelectronics:FreeRTOS:0.0.1:STMicroelectronics:RTOS:FreeRTOS:Core:::10.2.0:
2025-08-18 10:11:42,360 [WARN] ModelIntegratedComponent:64 - No mode defined for component null
2025-08-18 10:11:42,360 [WARN] ModelIntegratedComponent:64 - No mode defined for component null
2025-08-18 10:11:42,360 [WARN] ModelIntegratedComponent:64 - No mode defined for component null
2025-08-18 10:11:42,361 [WARN] ModelIntegratedComponent:64 - No mode defined for component null
2025-08-18 10:11:42,361 [WARN] ModelIntegratedComponent:64 - No mode defined for component null
2025-08-18 10:11:42,361 [WARN] ModelIntegratedComponent:64 - No mode defined for component null
2025-08-18 10:11:42,361 [WARN] ModelIntegratedComponent:64 - No mode defined for component null
2025-08-18 10:11:42,361 [WARN] ModelIntegratedComponent:64 - No mode defined for component null
2025-08-18 10:11:42,361 [WARN] ModelIntegratedComponent:64 - No mode defined for component null
2025-08-18 10:11:42,361 [WARN] ModelIntegratedComponent:64 - No mode defined for component null
2025-08-18 10:11:42,361 [WARN] ModelIntegratedComponent:64 - No mode defined for component null
2025-08-18 10:11:42,361 [WARN] ModelIntegratedComponent:64 - No mode defined for component null
2025-08-18 10:11:42,361 [WARN] ModelIntegratedComponent:64 - No mode defined for component null
2025-08-18 10:11:42,361 [WARN] ModelIntegratedComponent:64 - No mode defined for component null
2025-08-18 10:11:42,361 [WARN] ModelIntegratedComponent:64 - No mode defined for component null
2025-08-18 10:11:42,361 [WARN] ModelIntegratedComponent:64 - No mode defined for component null
2025-08-18 10:11:42,361 [WARN] ModelIntegratedComponent:64 - No mode defined for component null
2025-08-18 10:11:42,361 [WARN] ModelIntegratedComponent:64 - No mode defined for component null
2025-08-18 10:11:42,362 [WARN] ModelIntegratedComponent:64 - No mode defined for component null
2025-08-18 10:11:42,362 [WARN] ModelIntegratedComponent:64 - No mode defined for component null
2025-08-18 10:11:42,362 [WARN] ModelIntegratedComponent:64 - No mode defined for component null
2025-08-18 10:11:42,362 [WARN] ModelIntegratedComponent:64 - No mode defined for component null
2025-08-18 10:11:42,362 [WARN] ModelIntegratedComponent:64 - No mode defined for component null
2025-08-18 10:11:42,362 [WARN] ModelIntegratedComponent:64 - No mode defined for component null
2025-08-18 10:11:42,362 [WARN] ModelIntegratedComponent:64 - No mode defined for component null
2025-08-18 10:11:42,362 [WARN] ModelIntegratedComponent:64 - No mode defined for component null
2025-08-18 10:11:42,362 [WARN] ModelIntegratedComponent:64 - No mode defined for component null
2025-08-18 10:11:42,362 [WARN] ModelIntegratedComponent:64 - No mode defined for component null
2025-08-18 10:11:42,362 [WARN] ModelIntegratedComponent:64 - No mode defined for component null
2025-08-18 10:11:42,362 [WARN] ModelIntegratedComponent:64 - No mode defined for component null
2025-08-18 10:11:42,362 [WARN] ModelIntegratedComponent:64 - No mode defined for component null
2025-08-18 10:11:42,362 [WARN] ModelIntegratedComponent:64 - No mode defined for component null
2025-08-18 10:11:42,362 [WARN] ModelIntegratedComponent:64 - No mode defined for component null
2025-08-18 10:11:42,935 [INFO] ThirdPartyModel:294 - Start build external matchings
2025-08-18 10:11:45,689 [INFO] ThirdPartyModel:310 - End build external matchings
2025-08-18 10:11:45,729 [INFO] ImportTextPane:193 - (OptionalMessage_ERROR) IP (RCC) : Invalid parameter (48MHZClocksFreq_Value)
2025-08-18 10:11:45,729 [INFO] ImportTextPane:193 - (OptionalMessage_ERROR) IP (RCC) : Invalid parameter (EthernetFreq_Value)
2025-08-18 10:11:45,731 [INFO] ImportTextPane:193 - (OptionalMessage_ERROR) IP (RCC) : Parameter (FLatency) has Id (AdvancedSettings) currently not set
2025-08-18 10:11:45,731 [INFO] ImportTextPane:193 - (OptionalMessage_ERROR) IP (RCC) : Invalid parameter (FamilyName)
2025-08-18 10:11:45,732 [INFO] ImportTextPane:193 - (OptionalMessage_ERROR) IP (RCC) : Invalid parameter (I2SClocksFreq_Value)
2025-08-18 10:11:45,733 [INFO] ImportTextPane:193 - (OptionalMessage_ERROR) IP (RCC) : Parameter (SDIOFreq_Value) has invalid value (168000000)
2025-08-18 10:11:45,733 [INFO] ImportTextPane:193 - (OptionalMessage_ERROR) IP (RCC) : Parameter (USBFreq_Value) has invalid value (168000000)
2025-08-18 10:11:45,734 [INFO] ImportTextPane:193 - (OptionalMessage_ERROR) IP (RCC) : Invalid parameter (VCOInputMFreq_Value)
2025-08-18 10:11:45,734 [INFO] ImportTextPane:193 - (OptionalMessage_ERROR) IP (RCC) : Invalid parameter (VcooutputI2S)
2025-08-18 10:11:45,991 [INFO] UtilMem:74 - End LoadConfig() Used Memory: 975181064 Bytes (1039138816)
2025-08-18 10:11:46,131 [WARN] ThirdParty:807 - waiting for thirdparty lock release [change project]
2025-08-18 10:11:46,131 [INFO] ThirdParty:809 - entering critical section [change project]
2025-08-18 10:11:46,131 [INFO] ThirdParty:999 - CMSIS Pack Vendor :STMicroelectronics X-CUBE-PM33A1 1.0.0
2025-08-18 10:11:46,132 [INFO] ThirdParty:999 - CMSIS Pack Vendor :STMicroelectronics X-CUBE-GNSS1 6.0.0
2025-08-18 10:11:46,132 [INFO] ThirdParty:999 - CMSIS Pack Vendor :STMicroelectronics USB_HOST 2.0.0
2025-08-18 10:11:46,132 [INFO] ThirdParty:999 - CMSIS Pack Vendor :STMicroelectronics FP-SNS-MOTENVWB1 1.4.0
2025-08-18 10:11:46,132 [INFO] ThirdParty:999 - CMSIS Pack Vendor :STMicroelectronics X-CUBE-AZRTOS-F4 1.1.0
2025-08-18 10:11:46,132 [INFO] ThirdParty:999 - CMSIS Pack Vendor :STMicroelectronics LIBJPEG 8.0.0
2025-08-18 10:11:46,132 [INFO] ThirdParty:999 - CMSIS Pack Vendor :STMicroelectronics FP-ATR-ASTRA1 2.0.2
2025-08-18 10:11:46,132 [INFO] ThirdParty:999 - CMSIS Pack Vendor :STMicroelectronics X-CUBE-SMBUS 2.1.0
2025-08-18 10:11:46,132 [INFO] ThirdParty:999 - CMSIS Pack Vendor :STMicroelectronics X-CUBE-ISPU 2.1.0
2025-08-18 10:11:46,132 [INFO] ThirdParty:999 - CMSIS Pack Vendor :STMicroelectronics X-CUBE-FREERTOS 1.2.0
2025-08-18 10:11:46,132 [INFO] ThirdParty:999 - CMSIS Pack Vendor :wolfSSL I-CUBE-wolfSSL 5.6.6
2025-08-18 10:11:46,132 [INFO] ThirdParty:999 - CMSIS Pack Vendor :STMicroelectronics X-CUBE-TOUCHGFX 4.23.0
2025-08-18 10:11:46,132 [INFO] ThirdParty:999 - CMSIS Pack Vendor :STMicroelectronics X-CUBE-NFC12 1.0.0
2025-08-18 10:11:46,132 [INFO] ThirdParty:999 - CMSIS Pack Vendor :STMicroelectronics X-CUBE-TOUCHGFX 4.23.2
2025-08-18 10:11:46,132 [INFO] ThirdParty:999 - CMSIS Pack Vendor :STMicroelectronics X-CUBE-AZRTOS-F7 1.1.0
2025-08-18 10:11:46,132 [INFO] ThirdParty:999 - CMSIS Pack Vendor :STMicroelectronics X-CUBE-AZRTOS-L5 2.0.0
2025-08-18 10:11:46,132 [INFO] ThirdParty:999 - CMSIS Pack Vendor :STMicroelectronics USB_DEVICE 2.0.0
2025-08-18 10:11:46,132 [INFO] ThirdParty:999 - CMSIS Pack Vendor :STMicroelectronics X-CUBE-NFC6 3.1.0
2025-08-18 10:11:46,132 [INFO] ThirdParty:999 - CMSIS Pack Vendor :ITTIA_DB I-CUBE-ITTIADB 8.8.0
2025-08-18 10:11:46,132 [INFO] ThirdParty:999 - CMSIS Pack Vendor :STMicroelectronics FP-SNS-MOTENV1 4.3.2
2025-08-18 10:11:46,132 [INFO] ThirdParty:999 - CMSIS Pack Vendor :STMicroelectronics X-CUBE-MEMS1 11.0.0
2025-08-18 10:11:46,132 [INFO] ThirdParty:999 - CMSIS Pack Vendor :STMicroelectronics FreeRTOS 0.0.1
2025-08-18 10:11:46,132 [INFO] ThirdParty:999 - CMSIS Pack Vendor :STMicroelectronics X-CUBE-BLEMGR 2.0.0
2025-08-18 10:11:46,133 [INFO] ThirdParty:999 - CMSIS Pack Vendor :STMicroelectronics FP-SNS-FLIGHT1 5.0.2
2025-08-18 10:11:46,133 [INFO] ThirdParty:999 - CMSIS Pack Vendor :STMicroelectronics X-CUBE-AI 9.0.0
2025-08-18 10:11:46,133 [INFO] ThirdParty:999 - CMSIS Pack Vendor :STMicroelectronics PDM2PCM 3.3.0
2025-08-18 10:11:46,133 [INFO] ThirdParty:999 - CMSIS Pack Vendor :STMicroelectronics X-CUBE-AZRTOS-H7 3.4.0
2025-08-18 10:11:46,133 [INFO] ThirdParty:999 - CMSIS Pack Vendor :STMicroelectronics X-CUBE-BLE1 7.0.0
2025-08-18 10:11:46,133 [INFO] ThirdParty:999 - CMSIS Pack Vendor :STMicroelectronics X-CUBE-NFC10 1.0.0
2025-08-18 10:11:46,133 [INFO] ThirdParty:999 - CMSIS Pack Vendor :STMicroelectronics X-CUBE-FREERTOS 1.3.1
2025-08-18 10:11:46,133 [INFO] ThirdParty:999 - CMSIS Pack Vendor :STMicroelectronics HAL Drivers 0.0.0
2025-08-18 10:11:46,133 [INFO] ThirdParty:999 - CMSIS Pack Vendor :emotas I-CUBE-CANOPEN 1.3.0
2025-08-18 10:11:46,133 [INFO] ThirdParty:999 - CMSIS Pack Vendor :STMicroelectronics X-CUBE-NFC7 1.0.1
2025-08-18 10:11:46,133 [INFO] ThirdParty:999 - CMSIS Pack Vendor :STMicroelectronics MBEDTLS 2.14.1
2025-08-18 10:11:46,133 [INFO] ThirdParty:999 - CMSIS Pack Vendor :wolfSSL I-CUBE-wolfTPM 3.2.0
2025-08-18 10:11:46,133 [INFO] ThirdParty:999 - CMSIS Pack Vendor :STMicroelectronics X-CUBE-NFC6 3.0.0
2025-08-18 10:11:46,133 [INFO] ThirdParty:999 - CMSIS Pack Vendor :STMicroelectronics X-CUBE-EEPRMA1 4.1.0
2025-08-18 10:11:46,133 [INFO] ThirdParty:999 - CMSIS Pack Vendor :STMicroelectronics X-CUBE-BLEMGR 3.1.0
2025-08-18 10:11:46,133 [INFO] ThirdParty:999 - CMSIS Pack Vendor :STMicroelectronics X-CUBE-AZRTOS-WL 2.0.0
2025-08-18 10:11:46,133 [INFO] ThirdParty:999 - CMSIS Pack Vendor :STMicroelectronics FP-SNS-MOTENV1 5.0.0
2025-08-18 10:11:46,133 [INFO] ThirdParty:999 - CMSIS Pack Vendor :STMicroelectronics USB_DEVICE 1.0.0
2025-08-18 10:11:46,133 [INFO] ThirdParty:999 - CMSIS Pack Vendor :STMicroelectronics X-CUBE-AI 8.1.0
2025-08-18 10:11:46,134 [INFO] ThirdParty:999 - CMSIS Pack Vendor :wolfSSL I-CUBE-wolfMQTT 1.19.0
2025-08-18 10:11:46,134 [INFO] ThirdParty:999 - CMSIS Pack Vendor :STMicroelectronics X-CUBE-AZRTOS-L4 2.0.0
2025-08-18 10:11:46,134 [INFO] ThirdParty:999 - CMSIS Pack Vendor :STMicroelectronics ThreadX 0.0.2
2025-08-18 10:11:46,134 [INFO] ThirdParty:999 - CMSIS Pack Vendor :WES I-CUBE-Cesium 1.3.0
2025-08-18 10:11:46,134 [INFO] ThirdParty:999 - CMSIS Pack Vendor :STMicroelectronics lwIP 2.1.2
2025-08-18 10:11:46,134 [INFO] ThirdParty:999 - CMSIS Pack Vendor :STMicroelectronics X-CUBE-SFXS2LP1 4.0.0
2025-08-18 10:11:46,134 [INFO] ThirdParty:999 - CMSIS Pack Vendor :STMicroelectronics X-CUBE-BLE2 3.3.0
2025-08-18 10:11:46,134 [INFO] ThirdParty:999 - CMSIS Pack Vendor :STMicroelectronics PDM2PCM 3.2.0
2025-08-18 10:11:46,134 [INFO] ThirdParty:999 - CMSIS Pack Vendor :STMicroelectronics X-CUBE-AZRTOS-H7 3.3.0
2025-08-18 10:11:46,134 [INFO] ThirdParty:999 - CMSIS Pack Vendor :STMicroelectronics X-CUBE-NFC9 1.0.0
2025-08-18 10:11:46,134 [INFO] ThirdParty:999 - CMSIS Pack Vendor :STMicroelectronics X-CUBE-BLE1 7.1.0
2025-08-18 10:11:46,134 [INFO] ThirdParty:999 - CMSIS Pack Vendor :STMicroelectronics USB_DEVICE 3.0.0
2025-08-18 10:11:46,134 [INFO] ThirdParty:999 - CMSIS Pack Vendor :STMicroelectronics X-CUBE-TCPP 4.1.0
2025-08-18 10:11:46,134 [INFO] ThirdParty:999 - CMSIS Pack Vendor :STMicroelectronics X-CUBE-EEPRMA1 5.2.0
2025-08-18 10:11:46,134 [INFO] ThirdParty:999 - CMSIS Pack Vendor :STMicroelectronics X-CUBE-AZRTOS-WB 2.0.0
2025-08-18 10:11:46,134 [INFO] ThirdParty:999 - CMSIS Pack Vendor :STMicroelectronics X-CUBE-GNSS1 7.0.1
2025-08-18 10:11:46,135 [INFO] ThirdParty:999 - CMSIS Pack Vendor :STMicroelectronics X-CUBE-TOUCHGFX 4.25.0
2025-08-18 10:11:46,135 [INFO] ThirdParty:999 - CMSIS Pack Vendor :STMicroelectronics X-CUBE-AI 10.1.0
2025-08-18 10:11:46,135 [INFO] ThirdParty:999 - CMSIS Pack Vendor :STMicroelectronics X-CUBE-ALGOBUILD 1.3.0
2025-08-18 10:11:46,135 [INFO] ThirdParty:999 - CMSIS Pack Vendor :STMicroelectronics X-CUBE-MEMS1 11.2.0
2025-08-18 10:11:46,135 [INFO] ThirdParty:999 - CMSIS Pack Vendor :STMicroelectronics X-CUBE-AZRTOS-G0 1.1.0
2025-08-18 10:11:46,135 [INFO] ThirdParty:999 - CMSIS Pack Vendor :STMicroelectronics X-CUBE-SAFEA1 1.2.2
2025-08-18 10:11:46,135 [INFO] ThirdParty:999 - CMSIS Pack Vendor :STMicroelectronics X-CUBE-NFC4 3.0.0
2025-08-18 10:11:46,135 [INFO] ThirdParty:999 - CMSIS Pack Vendor :STMicroelectronics X-CUBE-SUBG2 5.0.0
2025-08-18 10:11:46,135 [INFO] ThirdParty:999 - CMSIS Pack Vendor :STMicroelectronics X-CUBE-AZRTOS-H7RS 1.1.0
2025-08-18 10:11:46,135 [INFO] ThirdParty:999 - CMSIS Pack Vendor :STMicroelectronics STM32_WPAN 1.0.0
2025-08-18 10:11:46,135 [INFO] ThirdParty:999 - CMSIS Pack Vendor :STMicroelectronics lwIP 2.0.3
2025-08-18 10:11:46,135 [INFO] ThirdParty:999 - CMSIS Pack Vendor :STMicroelectronics USB_HOST 1.0.0
2025-08-18 10:11:46,135 [INFO] ThirdParty:999 - CMSIS Pack Vendor :STMicroelectronics X-CUBE-AZRTOS-G4 2.0.0
2025-08-18 10:11:46,135 [INFO] ThirdParty:999 - CMSIS Pack Vendor :STMicroelectronics X-CUBE-WB05N 2.0.0
2025-08-18 10:11:46,135 [INFO] ThirdParty:999 - CMSIS Pack Vendor :STMicroelectronics PDM2PCM 3.1.0
2025-08-18 10:11:46,135 [INFO] ThirdParty:999 - CMSIS Pack Vendor :Infineon AIROC-Wi-Fi-Bluetooth-STM32 1.5.1
2025-08-18 10:11:46,135 [INFO] ThirdParty:999 - CMSIS Pack Vendor :STMicroelectronics X-CUBE-BLEMGR 3.0.0
2025-08-18 10:11:46,135 [INFO] ThirdParty:999 - CMSIS Pack Vendor :STMicroelectronics X-CUBE-NFC7 2.0.0
2025-08-18 10:11:46,136 [INFO] ThirdParty:999 - CMSIS Pack Vendor :STMicroelectronics FP-SNS-MOTENVWB1 1.3.1
2025-08-18 10:11:46,136 [INFO] ThirdParty:999 - CMSIS Pack Vendor :STMicroelectronics FP-ATR-SIGFOX1 3.2.0
2025-08-18 10:11:46,136 [INFO] ThirdParty:999 - CMSIS Pack Vendor :STMicroelectronics X-CUBE-ISPU 2.0.0
2025-08-18 10:11:46,136 [INFO] ThirdParty:999 - CMSIS Pack Vendor :STMicroelectronics X-CUBE-EEPRMA1 5.1.0
2025-08-18 10:11:46,136 [INFO] ThirdParty:999 - CMSIS Pack Vendor :STMicroelectronics MBEDTLS 2.16.2
2025-08-18 10:11:46,136 [INFO] ThirdParty:999 - CMSIS Pack Vendor :STMicroelectronics X-CUBE-ALS 1.0.2
2025-08-18 10:11:46,136 [INFO] ThirdParty:999 - CMSIS Pack Vendor :STMicroelectronics X-CUBE-MEMS1 10.0.0
2025-08-18 10:11:46,136 [INFO] ThirdParty:999 - CMSIS Pack Vendor :STMicroelectronics X-CUBE-FREERTOS 1.1.0
2025-08-18 10:11:46,136 [INFO] ThirdParty:999 - CMSIS Pack Vendor :STMicroelectronics X-CUBE-TOUCHGFX 4.24.0
2025-08-18 10:11:46,136 [INFO] ThirdParty:999 - CMSIS Pack Vendor :portGmbH I-Cube-SoM-uGOAL 1.1.0
2025-08-18 10:11:46,136 [INFO] ThirdParty:999 - CMSIS Pack Vendor :STMicroelectronics X-CUBE-ALS 1.0.1
2025-08-18 10:11:46,136 [INFO] ThirdParty:999 - CMSIS Pack Vendor :STMicroelectronics X-CUBE-AI 10.2.0
2025-08-18 10:11:46,136 [INFO] ThirdParty:999 - CMSIS Pack Vendor :STMicroelectronics ThreadX 1.0.0
2025-08-18 10:11:46,136 [INFO] ThirdParty:999 - CMSIS Pack Vendor :SEGGER I-CUBE-embOS 1.3.1
2025-08-18 10:11:46,136 [INFO] ThirdParty:999 - CMSIS Pack Vendor :STMicroelectronics X-CUBE-ALGOBUILD 1.4.0
2025-08-18 10:11:46,136 [INFO] ThirdParty:999 - CMSIS Pack Vendor :STMicroelectronics X-CUBE-MEMS1 11.3.0
2025-08-18 10:11:46,136 [INFO] ThirdParty:999 - CMSIS Pack Vendor :STMicroelectronics X-CUBE-AZRTOS-H7RS 1.0.0
2025-08-18 10:11:46,137 [INFO] ThirdParty:999 - CMSIS Pack Vendor :STMicroelectronics FP-ATR-ASTRA1 2.0.0
2025-08-18 10:11:46,137 [INFO] ThirdParty:999 - CMSIS Pack Vendor :STMicroelectronics X-CUBE-TOF1 3.4.0
2025-08-18 10:11:46,137 [INFO] ThirdParty:999 - CMSIS Pack Vendor :STMicroelectronics X-CUBE-TOF1 3.4.1
2025-08-18 10:11:46,137 [INFO] ThirdParty:999 - CMSIS Pack Vendor :STMicroelectronics X-CUBE-AZRTOS-H7 3.2.0
2025-08-18 10:11:46,137 [INFO] ThirdParty:999 - CMSIS Pack Vendor :wolfSSL I-CUBE-wolfSSH 1.4.17
2025-08-18 10:11:46,137 [INFO] ThirdParty:815 - exiting critical section [change project]
2025-08-18 10:11:46,700 [INFO] PinOutPanel:1477 - setPackage(No Configuration,No Configuration)
2025-08-18 10:11:46,702 [INFO] PinOutPanel:1477 - setPackage(STM32F446RETx,LQFP64)
2025-08-18 10:11:47,558 [INFO] UtilMem:74 - Before build in PCC Used Memory: 1019240384 Bytes (1044381696)
2025-08-18 10:11:48,360 [INFO] UtilMem:74 - After build in PCC Used Memory: 990634944 Bytes (1044381696)
2025-08-18 10:11:48,384 [INFO] IPUIPlugin:79 - create IPUIPlugin
2025-08-18 10:11:48,384 [INFO] IPUIPlugin:79 - create IPUIPlugin
2025-08-18 10:11:48,384 [INFO] IPUIPlugin:79 - create IPUIPlugin
2025-08-18 10:11:48,384 [INFO] IPUIPlugin:79 - create IPUIPlugin
2025-08-18 10:11:48,384 [INFO] IPUIPlugin:79 - create IPUIPlugin
2025-08-18 10:11:48,384 [INFO] IPUIPlugin:79 - create IPUIPlugin
2025-08-18 10:11:48,384 [INFO] IPUIPlugin:79 - create IPUIPlugin
2025-08-18 10:11:48,385 [INFO] IPUIPlugin:79 - create IPUIPlugin
2025-08-18 10:11:48,385 [INFO] IPUIPlugin:79 - create IPUIPlugin
2025-08-18 10:11:48,385 [INFO] IPUIPlugin:79 - create IPUIPlugin
2025-08-18 10:11:48,385 [INFO] IPUIPlugin:79 - create IPUIPlugin
2025-08-18 10:11:48,385 [INFO] IPUIPlugin:79 - create IPUIPlugin
2025-08-18 10:11:48,385 [INFO] IPUIPlugin:79 - create IPUIPlugin
2025-08-18 10:11:48,385 [INFO] IPUIPlugin:79 - create IPUIPlugin
2025-08-18 10:11:48,385 [INFO] IPUIPlugin:79 - create IPUIPlugin
2025-08-18 10:11:48,386 [INFO] IPUIPlugin:79 - create IPUIPlugin
2025-08-18 10:11:48,386 [INFO] IPUIPlugin:79 - create IPUIPlugin
2025-08-18 10:11:48,386 [INFO] IPUIPlugin:79 - create IPUIPlugin
2025-08-18 10:11:48,386 [INFO] IPUIPlugin:79 - create IPUIPlugin
2025-08-18 10:11:48,386 [INFO] IPUIPlugin:79 - create IPUIPlugin
2025-08-18 10:11:48,387 [INFO] IPUIPlugin:79 - create IPUIPlugin
2025-08-18 10:11:48,387 [INFO] IPUIPlugin:79 - create IPUIPlugin
2025-08-18 10:11:48,387 [INFO] IPUIPlugin:79 - create IPUIPlugin
2025-08-18 10:11:48,387 [INFO] IPUIPlugin:79 - create IPUIPlugin
2025-08-18 10:11:48,387 [INFO] IPUIPlugin:79 - create IPUIPlugin
2025-08-18 10:11:48,387 [INFO] IPUIPlugin:79 - create IPUIPlugin
2025-08-18 10:11:48,388 [INFO] IPUIPlugin:79 - create IPUIPlugin
2025-08-18 10:11:48,388 [INFO] IPUIPlugin:79 - create IPUIPlugin
2025-08-18 10:11:48,388 [INFO] IPUIPlugin:79 - create IPUIPlugin
2025-08-18 10:11:48,388 [INFO] IPUIPlugin:79 - create IPUIPlugin
2025-08-18 10:11:48,388 [INFO] IPUIPlugin:79 - create IPUIPlugin
2025-08-18 10:11:48,389 [INFO] IPUIPlugin:79 - create IPUIPlugin
2025-08-18 10:11:48,389 [INFO] IPUIPlugin:79 - create IPUIPlugin
2025-08-18 10:11:48,389 [INFO] IPUIPlugin:79 - create IPUIPlugin
2025-08-18 10:11:48,389 [INFO] IPUIPlugin:79 - create IPUIPlugin
2025-08-18 10:11:48,389 [INFO] IPUIPlugin:79 - create IPUIPlugin
2025-08-18 10:11:48,389 [INFO] IPUIPlugin:79 - create IPUIPlugin
2025-08-18 10:11:48,389 [INFO] IPUIPlugin:79 - create IPUIPlugin
2025-08-18 10:11:48,389 [INFO] IPUIPlugin:79 - create IPUIPlugin
2025-08-18 10:11:48,390 [INFO] IPUIPlugin:79 - create IPUIPlugin
2025-08-18 10:11:48,390 [INFO] IPUIPlugin:79 - create IPUIPlugin
2025-08-18 10:11:48,390 [INFO] IPUIPlugin:79 - create IPUIPlugin
2025-08-18 10:11:48,390 [INFO] IPUIPlugin:79 - create IPUIPlugin
2025-08-18 10:11:48,390 [INFO] IPUIPlugin:79 - create IPUIPlugin
2025-08-18 10:11:48,390 [INFO] IPUIPlugin:79 - create IPUIPlugin
2025-08-18 10:11:48,390 [INFO] IPUIPlugin:79 - create IPUIPlugin
2025-08-18 10:11:48,390 [INFO] IPUIPlugin:79 - create IPUIPlugin
2025-08-18 10:11:48,390 [INFO] IPUIPlugin:79 - create IPUIPlugin
2025-08-18 10:11:48,390 [INFO] IPUIPlugin:79 - create IPUIPlugin
2025-08-18 10:11:48,391 [INFO] IPUIPlugin:79 - create IPUIPlugin
2025-08-18 10:11:48,391 [INFO] IPUIPlugin:79 - create IPUIPlugin
2025-08-18 10:11:48,391 [INFO] IPUIPlugin:79 - create IPUIPlugin
2025-08-18 10:11:48,391 [INFO] IPUIPlugin:79 - create IPUIPlugin
2025-08-18 10:11:48,391 [INFO] IPUIPlugin:79 - create IPUIPlugin
2025-08-18 10:11:48,391 [INFO] IPUIPlugin:79 - create IPUIPlugin
2025-08-18 10:11:48,392 [INFO] IPUIPlugin:79 - create IPUIPlugin
2025-08-18 10:11:48,392 [INFO] IPUIPlugin:79 - create IPUIPlugin
2025-08-18 10:11:48,393 [INFO] IPUIPlugin:79 - create IPUIPlugin
2025-08-18 10:11:48,393 [INFO] IPUIPlugin:79 - create IPUIPlugin
2025-08-18 10:11:48,394 [INFO] IPUIPlugin:79 - create IPUIPlugin
2025-08-18 10:11:48,457 [INFO] ApiDbMcu:505 - Load IP Config File for PDM2PCM
2025-08-18 10:11:48,695 [INFO] CADModel:164 - CPN selected for project levelSTM32F446RET6
2025-08-18 10:11:48,695 [INFO] CADModel:113 - Register for checkConnection events
2025-08-18 10:11:48,738 [INFO] OpenFileManager:327 - Restore cursor
2025-08-18 10:11:49,621 [INFO] UtilMem:74 - End SaveConfig() Used Memory: 1000952320 Bytes (1044381696)
2025-08-18 10:11:49,699 [INFO] UtilMem:74 - End SaveConfig() Used Memory: 1023163104 Bytes (1044381696)
2025-08-18 10:11:50,419 [INFO] BlockDiagram:2759 - set Specific Code input for plugin: SYS
2025-08-18 10:11:50,419 [INFO] BlockDiagram:2759 - set Specific Code input for plugin: RCC
2025-08-18 10:11:50,419 [INFO] BlockDiagram:2759 - set Specific Code input for plugin: NVIC
2025-08-18 10:11:50,420 [INFO] BlockDiagram:2759 - set Specific Code input for plugin: USART
2025-08-18 10:11:50,420 [INFO] BlockDiagram:2759 - set Specific Code input for plugin: GPIO
2025-08-18 10:11:50,421 [INFO] CodeGenerator:692 - code generatio: config db path: /opt/st/stm32cubeide_1.11.0/plugins/com.st.stm32cube.common.mx_6.7.0.202211181646//db/
2025-08-18 10:11:51,519 [INFO] CodeEngine:247 - oldGeneratedFile, /home/boobathi/new_stm32_workspace/HC-SR04/MXTmpFiles/license.tmp_save
2025-08-18 10:11:51,953 [INFO] CodeEngine:271 - Generated code: /home/boobathi/new_stm32_workspace/HC-SR04/MXTmpFiles/license.tmp
2025-08-18 10:11:52,013 [INFO] CodeEngine:247 - oldGeneratedFile, /home/boobathi/new_stm32_workspace/HC-SR04/MXTmpFiles/gpio.tmp_save
2025-08-18 10:11:52,141 [INFO] CodeEngine:271 - Generated code: /home/boobathi/new_stm32_workspace/HC-SR04/MXTmpFiles/gpio.tmp
2025-08-18 10:11:52,251 [INFO] CodeEngine:247 - oldGeneratedFile, /home/boobathi/new_stm32_workspace/HC-SR04/Core/Src/stm32f4xx_it.c_save
2025-08-18 10:11:52,364 [INFO] CodeEngine:271 - Generated code: /home/boobathi/new_stm32_workspace/HC-SR04/Core/Src/stm32f4xx_it.c
2025-08-18 10:11:52,372 [INFO] CodeEngine:247 - oldGeneratedFile, /home/boobathi/new_stm32_workspace/HC-SR04/Core/Inc/stm32f4xx_it.h_save
2025-08-18 10:11:52,464 [INFO] CodeEngine:271 - Generated code: /home/boobathi/new_stm32_workspace/HC-SR04/Core/Inc/stm32f4xx_it.h
2025-08-18 10:11:52,469 [INFO] CodeEngine:247 - oldGeneratedFile, /home/boobathi/new_stm32_workspace/HC-SR04/Core/Src/stm32f4xx_hal_msp.c_save
2025-08-18 10:11:52,587 [INFO] CodeEngine:271 - Generated code: /home/boobathi/new_stm32_workspace/HC-SR04/Core/Src/stm32f4xx_hal_msp.c
2025-08-18 10:11:52,594 [INFO] CodeEngine:247 - oldGeneratedFile, /home/boobathi/new_stm32_workspace/HC-SR04/MXTmpFiles/system.tmp_save
2025-08-18 10:11:52,663 [INFO] CodeEngine:271 - Generated code: /home/boobathi/new_stm32_workspace/HC-SR04/MXTmpFiles/system.tmp
2025-08-18 10:11:52,666 [INFO] CodeEngine:303 - oldGeneratedFile, /home/boobathi/new_stm32_workspace/HC-SR04/Core/Inc/stm32f4xx_hal_conf.h_save
2025-08-18 10:11:52,760 [INFO] CodeEngine:327 - Generated code: /home/boobathi/new_stm32_workspace/HC-SR04/Core/Inc/stm32f4xx_hal_conf.h
2025-08-18 10:11:52,820 [WARN] IPConfigManager:2928 - Warning: the RefConfig PLL2P_FOR_MCO is not available in your config.xml file
2025-08-18 10:11:52,837 [INFO] CodeEngine:247 - oldGeneratedFile, /home/boobathi/new_stm32_workspace/HC-SR04/Core/Inc/main.h_save
2025-08-18 10:11:52,971 [INFO] CodeEngine:271 - Generated code: /home/boobathi/new_stm32_workspace/HC-SR04/Core/Inc/main.h
2025-08-18 10:11:52,978 [INFO] CodeEngine:247 - oldGeneratedFile, /home/boobathi/new_stm32_workspace/HC-SR04/Core/Src/main.c_save
2025-08-18 10:11:53,134 [INFO] CodeEngine:271 - Generated code: /home/boobathi/new_stm32_workspace/HC-SR04/Core/Src/main.c
2025-08-18 10:11:53,891 [INFO] ProjectBuilder:2919 - Time for Copy HAL[1] : 52mS.
2025-08-18 10:11:53,905 [INFO] ProjectBuilder:4183 - Project Generator version: 3.18.0-B7
2025-08-18 10:11:54,355 [INFO] ConfigFileManager:1396 - The Die is : DIE421
2025-08-18 10:11:54,367 [INFO] ApiDbMcu:505 - Load IP Config File for FATFS
2025-08-18 10:11:54,370 [INFO] ApiDbMcu:505 - Load IP Config File for FREERTOS
2025-08-18 10:11:54,372 [INFO] ApiDbMcu:505 - Load IP Config File for LIBJPEG
2025-08-18 10:11:54,377 [INFO] ApiDbMcu:505 - Load IP Config File for MBEDTLS
2025-08-18 10:11:54,384 [INFO] ApiDbMcu:505 - Load IP Config File for USB_DEVICE
2025-08-18 10:11:54,388 [INFO] ApiDbMcu:505 - Load IP Config File for USB_HOST
2025-08-18 10:11:59,426 [INFO] ProjectBuilder:4351 - Time for Generating toolchain IDE Files: 5519mS.
2025-08-18 10:11:59,427 [INFO] ProjectBuilder:2790 - Time for Copy CMSIS : 0mS.
2025-08-18 10:11:59,430 [INFO] ProjectBuilder:2790 - Time for Copy CMSIS : 1mS.
2025-08-18 10:12:00,143 [INFO] McuFinderGlobals:65 - Set McuFinderConnectedMode to true
2025-08-18 10:12:00,148 [INFO] ApiDb:447 - Save user favorites file /home/boobathi/.stm32cubeide/favorites.mcus.txt: 0 item(s)
2025-08-18 10:12:00,148 [INFO] ApiDb:451 - User favorites MCUs=[]
2025-08-18 10:12:00,149 [INFO] ApiDb:447 - Save user favorites file /home/boobathi/.stm32cubeide/favorites.boards.txt: 1 item(s)
2025-08-18 10:12:00,150 [INFO] ApiDb:451 - User favorites Boards=[NUCLEO-F446RE]
2025-08-18 10:20:20,980 [INFO] Gpio:272 - dependency for GPIO [RCC, SYS, TIM2, USART2]
2025-08-18 10:21:33,296 [INFO] Gpio:272 - dependency for GPIO [RCC, SYS, TIM2, USART2]
2025-08-18 10:21:48,059 [INFO] NvicIntPanel:100 - NVIC parent = com.st.microxplorer.plugins.ip.nvic.MultiNvicIntPanel[,0,0,458x191,layout=javax.swing.BoxLayout,alignmentX=0.0,alignmentY=0.0,border=,flags=9,maximumSize=,minimumSize=,preferredSize=]
2025-08-18 10:22:05,012 [INFO] NvicIntPanel:100 - NVIC parent = com.st.microxplorer.plugins.ip.nvic.MultiNvicIntPanel[,0,0,0x0,invalid,layout=javax.swing.BoxLayout,alignmentX=0.0,alignmentY=0.0,border=,flags=9,maximumSize=,minimumSize=,preferredSize=]
2025-08-18 10:23:06,816 [INFO] UtilMem:74 - End SaveConfig() Used Memory: 890497584 Bytes (1073741824)
2025-08-18 10:23:06,933 [INFO] UtilMem:74 - End SaveConfig() Used Memory: 910831280 Bytes (1073741824)
2025-08-18 10:23:07,374 [INFO] UtilMem:74 - End SaveConfig() Used Memory: 734353424 Bytes (1073741824)
2025-08-18 10:23:07,641 [INFO] BlockDiagram:2759 - set Specific Code input for plugin: TIM1_8
2025-08-18 10:23:07,641 [INFO] BlockDiagram:2759 - set Specific Code input for plugin: SYS
2025-08-18 10:23:07,642 [INFO] BlockDiagram:2759 - set Specific Code input for plugin: RCC
2025-08-18 10:23:07,642 [INFO] BlockDiagram:2759 - set Specific Code input for plugin: NVIC
2025-08-18 10:23:07,642 [INFO] BlockDiagram:2759 - set Specific Code input for plugin: USART
2025-08-18 10:23:07,642 [INFO] BlockDiagram:2759 - set Specific Code input for plugin: GPIO
2025-08-18 10:23:07,643 [INFO] CodeGenerator:692 - code generatio: config db path: /opt/st/stm32cubeide_1.11.0/plugins/com.st.stm32cube.common.mx_6.7.0.202211181646//db/
2025-08-18 10:23:07,917 [INFO] CodeEngine:247 - oldGeneratedFile, /home/boobathi/new_stm32_workspace/HC-SR04/MXTmpFiles/license.tmp_save
2025-08-18 10:23:08,109 [INFO] CodeEngine:271 - Generated code: /home/boobathi/new_stm32_workspace/HC-SR04/MXTmpFiles/license.tmp
2025-08-18 10:23:08,128 [INFO] CodeEngine:247 - oldGeneratedFile, /home/boobathi/new_stm32_workspace/HC-SR04/MXTmpFiles/gpio.tmp_save
2025-08-18 10:23:08,247 [INFO] CodeEngine:271 - Generated code: /home/boobathi/new_stm32_workspace/HC-SR04/MXTmpFiles/gpio.tmp
2025-08-18 10:23:08,365 [INFO] CodeEngine:247 - oldGeneratedFile, /home/boobathi/new_stm32_workspace/HC-SR04/Core/Src/stm32f4xx_it.c_save
2025-08-18 10:23:08,716 [INFO] CodeEngine:271 - Generated code: /home/boobathi/new_stm32_workspace/HC-SR04/Core/Src/stm32f4xx_it.c
2025-08-18 10:23:08,717 [INFO] CodeEngine:247 - oldGeneratedFile, /home/boobathi/new_stm32_workspace/HC-SR04/Core/Inc/stm32f4xx_it.h_save
2025-08-18 10:23:08,808 [INFO] CodeEngine:271 - Generated code: /home/boobathi/new_stm32_workspace/HC-SR04/Core/Inc/stm32f4xx_it.h
2025-08-18 10:23:08,812 [INFO] CodeEngine:247 - oldGeneratedFile, /home/boobathi/new_stm32_workspace/HC-SR04/Core/Src/stm32f4xx_hal_msp.c_save
2025-08-18 10:23:08,998 [INFO] CodeEngine:271 - Generated code: /home/boobathi/new_stm32_workspace/HC-SR04/Core/Src/stm32f4xx_hal_msp.c
2025-08-18 10:23:08,999 [INFO] CodeEngine:247 - oldGeneratedFile, /home/boobathi/new_stm32_workspace/HC-SR04/MXTmpFiles/system.tmp_save
2025-08-18 10:23:09,058 [INFO] CodeEngine:271 - Generated code: /home/boobathi/new_stm32_workspace/HC-SR04/MXTmpFiles/system.tmp
2025-08-18 10:23:09,062 [INFO] CodeEngine:303 - oldGeneratedFile, /home/boobathi/new_stm32_workspace/HC-SR04/Core/Inc/stm32f4xx_hal_conf.h_save
2025-08-18 10:23:09,141 [INFO] CodeEngine:327 - Generated code: /home/boobathi/new_stm32_workspace/HC-SR04/Core/Inc/stm32f4xx_hal_conf.h
2025-08-18 10:23:09,158 [WARN] IPConfigManager:2928 - Warning: the RefConfig PLL2P_FOR_MCO is not available in your config.xml file
2025-08-18 10:23:09,162 [WARN] IPConfigManager:3414 - IP not found : TIM
2025-08-18 10:23:09,162 [WARN] CodeGenerator:3583 - IP not found : null
2025-08-18 10:23:09,164 [INFO] CodeEngine:247 - oldGeneratedFile, /home/boobathi/new_stm32_workspace/HC-SR04/Core/Inc/main.h_save
2025-08-18 10:23:09,241 [INFO] CodeEngine:271 - Generated code: /home/boobathi/new_stm32_workspace/HC-SR04/Core/Inc/main.h
2025-08-18 10:23:09,243 [INFO] CodeEngine:247 - oldGeneratedFile, /home/boobathi/new_stm32_workspace/HC-SR04/Core/Src/main.c_save
2025-08-18 10:23:09,384 [INFO] CodeEngine:271 - Generated code: /home/boobathi/new_stm32_workspace/HC-SR04/Core/Src/main.c
2025-08-18 10:23:09,950 [INFO] ProjectBuilder:2919 - Time for Copy HAL[1] : 38mS.
2025-08-18 10:23:09,953 [INFO] ProjectBuilder:4183 - Project Generator version: 3.18.0-B7
2025-08-18 10:23:10,341 [INFO] ConfigFileManager:1396 - The Die is : DIE421
2025-08-18 10:23:11,970 [INFO] ProjectBuilder:4351 - Time for Generating toolchain IDE Files: 2016mS.
2025-08-18 10:23:11,970 [INFO] ProjectBuilder:2790 - Time for Copy CMSIS : 0mS.
2025-08-18 10:23:11,971 [INFO] ProjectBuilder:2790 - Time for Copy CMSIS : 1mS.
2025-08-18 10:31:23,111 [INFO] LogOutputStream:76 - [STDOUT_REDIRECT] StartTraceHandler.execute(), success : Collect=true
2025-08-18 10:48:30,588 [INFO] NvicIntPanel:100 - NVIC parent = com.st.microxplorer.plugins.ip.nvic.MultiNvicIntPanel[,0,0,0x0,invalid,layout=javax.swing.BoxLayout,alignmentX=0.0,alignmentY=0.0,border=,flags=9,maximumSize=,minimumSize=,preferredSize=]
2025-08-18 10:49:02,005 [INFO] UtilMem:74 - End SaveConfig() Used Memory: 896015024 Bytes (1073741824)
2025-08-18 10:49:02,086 [INFO] UtilMem:74 - End SaveConfig() Used Memory: 915937968 Bytes (1073741824)
2025-08-18 10:49:02,447 [INFO] UtilMem:74 - End SaveConfig() Used Memory: 794303272 Bytes (1073741824)
2025-08-18 10:49:02,677 [INFO] BlockDiagram:2759 - set Specific Code input for plugin: TIM1_8
2025-08-18 10:49:02,678 [INFO] BlockDiagram:2759 - set Specific Code input for plugin: SYS
2025-08-18 10:49:02,678 [INFO] BlockDiagram:2759 - set Specific Code input for plugin: RCC
2025-08-18 10:49:02,678 [INFO] BlockDiagram:2759 - set Specific Code input for plugin: NVIC
2025-08-18 10:49:02,678 [INFO] BlockDiagram:2759 - set Specific Code input for plugin: USART
2025-08-18 10:49:02,678 [INFO] BlockDiagram:2759 - set Specific Code input for plugin: GPIO
2025-08-18 10:49:02,679 [INFO] CodeGenerator:692 - code generatio: config db path: /opt/st/stm32cubeide_1.11.0/plugins/com.st.stm32cube.common.mx_6.7.0.202211181646//db/
2025-08-18 10:49:02,942 [INFO] CodeEngine:247 - oldGeneratedFile, /home/boobathi/new_stm32_workspace/HC-SR04/MXTmpFiles/license.tmp_save
2025-08-18 10:49:03,048 [INFO] CodeEngine:271 - Generated code: /home/boobathi/new_stm32_workspace/HC-SR04/MXTmpFiles/license.tmp
2025-08-18 10:49:03,061 [INFO] CodeEngine:247 - oldGeneratedFile, /home/boobathi/new_stm32_workspace/HC-SR04/MXTmpFiles/gpio.tmp_save
2025-08-18 10:49:03,133 [INFO] CodeEngine:271 - Generated code: /home/boobathi/new_stm32_workspace/HC-SR04/MXTmpFiles/gpio.tmp
2025-08-18 10:49:03,219 [INFO] CodeEngine:247 - oldGeneratedFile, /home/boobathi/new_stm32_workspace/HC-SR04/Core/Src/stm32f4xx_it.c_save
2025-08-18 10:49:03,468 [INFO] CodeEngine:271 - Generated code: /home/boobathi/new_stm32_workspace/HC-SR04/Core/Src/stm32f4xx_it.c
2025-08-18 10:49:03,470 [INFO] CodeEngine:247 - oldGeneratedFile, /home/boobathi/new_stm32_workspace/HC-SR04/Core/Inc/stm32f4xx_it.h_save
2025-08-18 10:49:03,549 [INFO] CodeEngine:271 - Generated code: /home/boobathi/new_stm32_workspace/HC-SR04/Core/Inc/stm32f4xx_it.h
2025-08-18 10:49:03,571 [INFO] CodeEngine:247 - oldGeneratedFile, /home/boobathi/new_stm32_workspace/HC-SR04/Core/Src/stm32f4xx_hal_msp.c_save
2025-08-18 10:49:03,684 [INFO] CodeEngine:271 - Generated code: /home/boobathi/new_stm32_workspace/HC-SR04/Core/Src/stm32f4xx_hal_msp.c
2025-08-18 10:49:03,686 [INFO] CodeEngine:247 - oldGeneratedFile, /home/boobathi/new_stm32_workspace/HC-SR04/MXTmpFiles/system.tmp_save
2025-08-18 10:49:03,743 [INFO] CodeEngine:271 - Generated code: /home/boobathi/new_stm32_workspace/HC-SR04/MXTmpFiles/system.tmp
2025-08-18 10:49:03,745 [INFO] CodeEngine:303 - oldGeneratedFile, /home/boobathi/new_stm32_workspace/HC-SR04/Core/Inc/stm32f4xx_hal_conf.h_save
2025-08-18 10:49:03,814 [INFO] CodeEngine:327 - Generated code: /home/boobathi/new_stm32_workspace/HC-SR04/Core/Inc/stm32f4xx_hal_conf.h
2025-08-18 10:49:03,831 [WARN] IPConfigManager:2928 - Warning: the RefConfig PLL2P_FOR_MCO is not available in your config.xml file
2025-08-18 10:49:03,837 [WARN] IPConfigManager:3414 - IP not found : TIM
2025-08-18 10:49:03,837 [WARN] CodeGenerator:3583 - IP not found : null
2025-08-18 10:49:03,840 [INFO] CodeEngine:247 - oldGeneratedFile, /home/boobathi/new_stm32_workspace/HC-SR04/Core/Inc/main.h_save
2025-08-18 10:49:03,943 [INFO] CodeEngine:271 - Generated code: /home/boobathi/new_stm32_workspace/HC-SR04/Core/Inc/main.h
2025-08-18 10:49:03,944 [INFO] CodeEngine:247 - oldGeneratedFile, /home/boobathi/new_stm32_workspace/HC-SR04/Core/Src/main.c_save
2025-08-18 10:49:04,076 [INFO] CodeEngine:271 - Generated code: /home/boobathi/new_stm32_workspace/HC-SR04/Core/Src/main.c
2025-08-18 10:49:04,553 [INFO] ProjectBuilder:2919 - Time for Copy HAL[1] : 22mS.
2025-08-18 10:49:04,554 [INFO] ProjectBuilder:4183 - Project Generator version: 3.18.0-B7
2025-08-18 10:49:04,952 [INFO] ConfigFileManager:1396 - The Die is : DIE421
2025-08-18 10:49:06,407 [INFO] ProjectBuilder:4351 - Time for Generating toolchain IDE Files: 1853mS.
2025-08-18 10:49:06,408 [INFO] ProjectBuilder:2790 - Time for Copy CMSIS : 0mS.
2025-08-18 10:49:06,409 [INFO] ProjectBuilder:2790 - Time for Copy CMSIS : 0mS.
2025-08-18 10:50:40,815 [INFO] NvicIntPanel:100 - NVIC parent = com.st.microxplorer.plugins.ip.nvic.MultiNvicIntPanel[,0,0,0x0,invalid,layout=javax.swing.BoxLayout,alignmentX=0.0,alignmentY=0.0,border=,flags=9,maximumSize=,minimumSize=,preferredSize=]
2025-08-18 10:51:32,300 [INFO] UtilMem:74 - End SaveConfig() Used Memory: 835652064 Bytes (1073741824)
2025-08-18 10:51:32,391 [INFO] UtilMem:74 - End SaveConfig() Used Memory: 857752672 Bytes (1073741824)
2025-08-18 10:51:32,529 [INFO] UtilMem:74 - End SaveConfig() Used Memory: 929497520 Bytes (1073741824)
2025-08-18 10:51:32,771 [INFO] BlockDiagram:2759 - set Specific Code input for plugin: TIM1_8
2025-08-18 10:51:32,771 [INFO] BlockDiagram:2759 - set Specific Code input for plugin: SYS
2025-08-18 10:51:32,771 [INFO] BlockDiagram:2759 - set Specific Code input for plugin: RCC
2025-08-18 10:51:32,771 [INFO] BlockDiagram:2759 - set Specific Code input for plugin: NVIC
2025-08-18 10:51:32,771 [INFO] BlockDiagram:2759 - set Specific Code input for plugin: USART
2025-08-18 10:51:32,771 [INFO] BlockDiagram:2759 - set Specific Code input for plugin: GPIO
2025-08-18 10:51:32,772 [INFO] CodeGenerator:692 - code generatio: config db path: /opt/st/stm32cubeide_1.11.0/plugins/com.st.stm32cube.common.mx_6.7.0.202211181646//db/
2025-08-18 10:51:33,008 [INFO] CodeEngine:247 - oldGeneratedFile, /home/boobathi/new_stm32_workspace/HC-SR04/MXTmpFiles/license.tmp_save
2025-08-18 10:51:33,177 [INFO] CodeEngine:271 - Generated code: /home/boobathi/new_stm32_workspace/HC-SR04/MXTmpFiles/license.tmp
2025-08-18 10:51:33,207 [INFO] CodeEngine:247 - oldGeneratedFile, /home/boobathi/new_stm32_workspace/HC-SR04/MXTmpFiles/gpio.tmp_save
2025-08-18 10:51:33,309 [INFO] CodeEngine:271 - Generated code: /home/boobathi/new_stm32_workspace/HC-SR04/MXTmpFiles/gpio.tmp
2025-08-18 10:51:33,408 [INFO] CodeEngine:247 - oldGeneratedFile, /home/boobathi/new_stm32_workspace/HC-SR04/Core/Src/stm32f4xx_it.c_save
2025-08-18 10:51:33,657 [INFO] CodeEngine:271 - Generated code: /home/boobathi/new_stm32_workspace/HC-SR04/Core/Src/stm32f4xx_it.c
2025-08-18 10:51:33,658 [INFO] CodeEngine:247 - oldGeneratedFile, /home/boobathi/new_stm32_workspace/HC-SR04/Core/Inc/stm32f4xx_it.h_save
2025-08-18 10:51:33,708 [INFO] CodeEngine:271 - Generated code: /home/boobathi/new_stm32_workspace/HC-SR04/Core/Inc/stm32f4xx_it.h
2025-08-18 10:51:33,712 [INFO] CodeEngine:247 - oldGeneratedFile, /home/boobathi/new_stm32_workspace/HC-SR04/Core/Src/stm32f4xx_hal_msp.c_save
2025-08-18 10:51:33,831 [INFO] CodeEngine:271 - Generated code: /home/boobathi/new_stm32_workspace/HC-SR04/Core/Src/stm32f4xx_hal_msp.c
2025-08-18 10:51:33,832 [INFO] CodeEngine:247 - oldGeneratedFile, /home/boobathi/new_stm32_workspace/HC-SR04/MXTmpFiles/system.tmp_save
2025-08-18 10:51:33,882 [INFO] CodeEngine:271 - Generated code: /home/boobathi/new_stm32_workspace/HC-SR04/MXTmpFiles/system.tmp
2025-08-18 10:51:33,883 [INFO] CodeEngine:303 - oldGeneratedFile, /home/boobathi/new_stm32_workspace/HC-SR04/Core/Inc/stm32f4xx_hal_conf.h_save
2025-08-18 10:51:33,951 [INFO] CodeEngine:327 - Generated code: /home/boobathi/new_stm32_workspace/HC-SR04/Core/Inc/stm32f4xx_hal_conf.h
2025-08-18 10:51:33,964 [WARN] IPConfigManager:2928 - Warning: the RefConfig PLL2P_FOR_MCO is not available in your config.xml file
2025-08-18 10:51:33,967 [WARN] IPConfigManager:3414 - IP not found : TIM
2025-08-18 10:51:33,967 [WARN] CodeGenerator:3583 - IP not found : null
2025-08-18 10:51:33,969 [INFO] CodeEngine:247 - oldGeneratedFile, /home/boobathi/new_stm32_workspace/HC-SR04/Core/Inc/main.h_save
2025-08-18 10:51:34,068 [INFO] CodeEngine:271 - Generated code: /home/boobathi/new_stm32_workspace/HC-SR04/Core/Inc/main.h
2025-08-18 10:51:34,070 [INFO] CodeEngine:247 - oldGeneratedFile, /home/boobathi/new_stm32_workspace/HC-SR04/Core/Src/main.c_save
2025-08-18 10:51:34,196 [INFO] CodeEngine:271 - Generated code: /home/boobathi/new_stm32_workspace/HC-SR04/Core/Src/main.c
2025-08-18 10:51:34,711 [INFO] ProjectBuilder:2919 - Time for Copy HAL[1] : 69mS.
2025-08-18 10:51:34,712 [INFO] ProjectBuilder:4183 - Project Generator version: 3.18.0-B7
2025-08-18 10:51:35,131 [INFO] ConfigFileManager:1396 - The Die is : DIE421
2025-08-18 10:51:36,675 [INFO] ProjectBuilder:4351 - Time for Generating toolchain IDE Files: 1963mS.
2025-08-18 10:51:36,676 [INFO] ProjectBuilder:2790 - Time for Copy CMSIS : 1mS.
2025-08-18 10:51:36,676 [INFO] ProjectBuilder:2790 - Time for Copy CMSIS : 0mS.
2025-08-18 10:58:13,130 [INFO] MainUpdater:2800 - connection check result : 10
2025-08-18 10:58:13,277 [INFO] McuFinderGlobals:65 - Set McuFinderConnectedMode to true
2025-08-18 10:58:13,279 [INFO] MultiScanPanel:196 - Auto-refresh data requested => check proxy status ongoing
2025-08-18 10:58:13,279 [INFO] FinderPluginLoader:92 - Searching for filters in installed packs
2025-08-18 10:58:14,357 [INFO] LoadUrlFilesThread:179 - End of LoadServerUrlFiles without Thread
2025-08-18 10:58:14,358 [INFO] DetailPanel:339 - Set advertising image to /home/boobathi/STM32Cube/Repository//en.2400x1350px.jpeg
2025-08-18 10:59:24,621 [INFO] MultiScanPanel:196 - Auto-refresh data requested => check proxy status ongoing
2025-08-18 10:59:24,706 [INFO] LoadUrlFilesThread:179 - End of LoadServerUrlFiles without Thread
2025-08-18 10:59:24,706 [INFO] DetailPanel:339 - Set advertising image to /home/boobathi/STM32Cube/Repository//en.2400x1350px.jpeg
2025-08-18 11:10:57,156 [INFO] MainUpdater:2800 - connection check result : 10
2025-08-18 11:10:57,157 [INFO] MainUpdater:2800 - connection check result : 10
2025-08-18 11:10:57,207 [INFO] MicroXplorer:451 - Change Database Path : 
2025-08-18 11:10:57,207 [INFO] MicroXplorer:481 - Change Database Version : DB.6.0.70
2025-08-18 11:10:57,219 [WARN] ThirdParty:845 - waiting for thirdparty lock release [close project]
2025-08-18 11:10:57,219 [INFO] ThirdParty:847 - entering critical section [close project]
2025-08-18 11:10:57,219 [INFO] ThirdParty:857 - exiting critical section [close project]
2025-08-18 11:10:57,220 [INFO] PinOutPanel:1477 - setPackage(No Configuration,No Configuration)
2025-08-18 11:10:57,226 [WARN] IpParametersView:148 - Warning: This peripheral hasn't parameters
2025-08-18 11:10:57,232 [WARN] MainPanel:253 - <html><b><center>Warning: This peripheral has no parameters to be configured<br></b></html>
2025-08-18 11:10:57,239 [INFO] UtilMem:74 - Begin LoadConfig() Used Memory: 878630344 Bytes (1073741824)
2025-08-18 11:10:57,240 [INFO] OpenFileManager:307 - Change cursor
2025-08-18 11:10:57,255 [INFO] RulesReader:61 - Compatibility file has been processed (283 Rules)
2025-08-18 11:10:57,258 [INFO] ProjectFactory:399 - No CPN specified for board NUCLEO-F446RE => set CPN to STM32F446RET6
2025-08-18 11:10:57,258 [INFO] Mcu:1925 - Initializing MCU STM32F446R(C-E)Tx STM32F446RETx STM32F446RET6
2025-08-18 11:10:58,250 [INFO] Context:654 - Trying to add GPIOservice into a context  which must be forbidden
2025-08-18 11:10:58,637 [INFO] Rule:225 - rule 117617 - U5Cobra4M][GTZC] default value MPCBB3 and MPCBB5 - Not Secured memory - MPCBB1 is applicable
2025-08-18 11:10:58,637 [INFO] Rule:225 - rule 117617 - U5Cobra4M][GTZC] default value MPCBB3 and MPCBB5 - Not Secured memory - MPCBB1 is applicable
2025-08-18 11:10:58,637 [INFO] Rule:225 - rule 117617 - U5Cobra4M][GTZC] default value MPCBB3 and MPCBB5 - Not Secured memory - MPCBB2 is applicable
2025-08-18 11:10:58,637 [INFO] Rule:225 - rule 117617 - U5Cobra4M][GTZC] default value MPCBB3 and MPCBB5 - Not Secured memory - MPCBB2 is applicable
2025-08-18 11:10:58,637 [INFO] Rule:225 - rule 117617 - U5Cobra4M][GTZC] default value MPCBB3 and MPCBB5 - Not Secured memory - MPCBB3 is applicable
2025-08-18 11:10:58,637 [INFO] Rule:225 - rule 117617 - U5Cobra4M][GTZC] default value MPCBB3 and MPCBB5 - Not Secured memory - MPCBB3 is applicable
2025-08-18 11:10:58,637 [INFO] Rule:225 - rule 117617 - U5Cobra4M][GTZC] default value MPCBB3 and MPCBB5 - Not Secured memory - MPCBB4 is applicable
2025-08-18 11:10:58,637 [INFO] Rule:225 - rule 117617 - U5Cobra4M][GTZC] default value MPCBB3 and MPCBB5 - Not Secured memory - MPCBB4 is applicable
2025-08-18 11:10:58,637 [INFO] Rule:225 - rule 117617 - U5Cobra4M][GTZC] default value MPCBB3 and MPCBB5 - Secured memory - MPCBB1 is applicable
2025-08-18 11:10:58,637 [INFO] Rule:225 - rule 117617 - U5Cobra4M][GTZC] default value MPCBB3 and MPCBB5 - Secured memory - MPCBB2 is applicable
2025-08-18 11:10:58,637 [INFO] Rule:225 - rule 117617 - U5Cobra4M][GTZC] default value MPCBB3 and MPCBB5 - Secured memory - MPCBB3 is applicable
2025-08-18 11:10:58,637 [INFO] Rule:225 - rule 117617 - U5Cobra4M][GTZC] default value MPCBB3 and MPCBB5 - Secured memory - MPCBB4 is applicable
2025-08-18 11:10:58,637 [INFO] Rule:225 - rule 117617 - U5Cobra4M][GTZC] default value MPCBB3 and MPCBB5 - Privileged memory - MPCBB1 is applicable
2025-08-18 11:10:58,637 [INFO] Rule:225 - rule 117617 - U5Cobra4M][GTZC] default value MPCBB3 and MPCBB5 - Privileged memory - MPCBB2 is applicable
2025-08-18 11:10:58,637 [INFO] Rule:225 - rule 117617 - U5Cobra4M][GTZC] default value MPCBB3 and MPCBB5 - Privileged memory - MPCBB3 is applicable
2025-08-18 11:10:58,637 [INFO] Rule:225 - rule 117617 - U5Cobra4M][GTZC] default value MPCBB3 and MPCBB5 - Privileged memory - MPCBB4 is applicable
2025-08-18 11:10:58,637 [INFO] Rule:225 - rule 117617 - U5Cobra4M][GTZC] default value MPCBB3 and MPCBB5 - Not Privileged memory - MPCBB1 is applicable
2025-08-18 11:10:58,638 [INFO] Rule:225 - rule 117617 - U5Cobra4M][GTZC] default value MPCBB3 and MPCBB5 - Not Privileged memory - MPCBB2 is applicable
2025-08-18 11:10:58,638 [INFO] Rule:225 - rule 117617 - U5Cobra4M][GTZC] default value MPCBB3 and MPCBB5 - Not Privileged memory - MPCBB3 is applicable
2025-08-18 11:10:58,638 [INFO] Rule:225 - rule 117617 - U5Cobra4M][GTZC] default value MPCBB3 and MPCBB5 - Not Privileged memory - MPCBB4 is applicable
2025-08-18 11:10:58,638 [INFO] Rule:225 - rule 117617 - U5Cobra4M][GTZC] default value MPCBB3 and MPCBB5 - Privileged memory - MPCBB1 is applicable
2025-08-18 11:10:58,638 [INFO] Rule:225 - rule 117617 - U5Cobra4M][GTZC] default value MPCBB3 and MPCBB5 - Privileged memory - MPCBB2 is applicable
2025-08-18 11:10:58,638 [INFO] Rule:225 - rule 117617 - U5Cobra4M][GTZC] default value MPCBB3 and MPCBB5 - Privileged memory - MPCBB3 is applicable
2025-08-18 11:10:58,638 [INFO] Rule:225 - rule 117617 - U5Cobra4M][GTZC] default value MPCBB3 and MPCBB5 - Privileged memory - MPCBB4 is applicable
2025-08-18 11:10:58,638 [INFO] Rule:225 - rule 117617 - U5Cobra4M][GTZC] default value MPCBB3 and MPCBB5 - Privileged memory - MPCBB1 is applicable
2025-08-18 11:10:58,638 [INFO] Rule:225 - rule 117617 - U5Cobra4M][GTZC] default value MPCBB3 and MPCBB5 - Privileged memory - MPCBB2 is applicable
2025-08-18 11:10:58,638 [INFO] Rule:225 - rule 117617 - U5Cobra4M][GTZC] default value MPCBB3 and MPCBB5 - Privileged memory - MPCBB3 is applicable
2025-08-18 11:10:58,638 [INFO] Rule:225 - rule 117617 - U5Cobra4M][GTZC] default value MPCBB3 and MPCBB5 - Privileged memory - MPCBB4 is applicable
2025-08-18 11:10:58,638 [INFO] Rule:225 - rule 117617 - U5Cobra4M][GTZC] default value MPCBB3 and MPCBB5 - Not Privileged memory - MPCBB1 is applicable
2025-08-18 11:10:58,638 [INFO] Rule:225 - rule 117617 - U5Cobra4M][GTZC] default value MPCBB3 and MPCBB5 - Not Privileged memory - MPCBB2 is applicable
2025-08-18 11:10:58,638 [INFO] Rule:225 - rule 117617 - U5Cobra4M][GTZC] default value MPCBB3 and MPCBB5 - Not Privileged memory - MPCBB3 is applicable
2025-08-18 11:10:58,638 [INFO] Rule:225 - rule 117617 - U5Cobra4M][GTZC] default value MPCBB3 and MPCBB5 - Not Privileged memory - MPCBB4 is applicable
2025-08-18 11:10:58,638 [INFO] Rule:225 - rule 117617 - U5Cobra4M][GTZC] default value MPCBB3 and MPCBB5 - Privileged memory - MPCBB1 is applicable
2025-08-18 11:10:58,638 [INFO] Rule:225 - rule 117617 - U5Cobra4M][GTZC] default value MPCBB3 and MPCBB5 - Privileged memory - MPCBB2 is applicable
2025-08-18 11:10:58,638 [INFO] Rule:225 - rule 117617 - U5Cobra4M][GTZC] default value MPCBB3 and MPCBB5 - Privileged memory - MPCBB3 is applicable
2025-08-18 11:10:58,638 [INFO] Rule:225 - rule 117617 - U5Cobra4M][GTZC] default value MPCBB3 and MPCBB5 - Privileged memory - MPCBB4 is applicable
2025-08-18 11:10:58,638 [INFO] Rule:225 - rule Rename SubGHz_Phy SUBGHZ_APPLICATION SUBGHZ_PINGPONG to SUBGHZ_ADV_APPLICATION is applicable
2025-08-18 11:10:58,638 [INFO] Rule:225 - rule Rename Enabled to IBEACON is applicable
2025-08-18 11:10:58,638 [INFO] Rule:225 - rule GTZC_S instance for project manager is applicable
2025-08-18 11:10:58,638 [INFO] Rule:225 - rule GTZC_S instance for context M33S is applicable
2025-08-18 11:10:58,639 [INFO] Rule:225 - rule GTZC_S instance value for IP GTZC is applicable
2025-08-18 11:10:58,639 [INFO] Rule:225 - rule GTZC_S instance for mcu.IP is applicable
2025-08-18 11:10:58,639 [INFO] Rule:225 - rule GTZC_S instance for VP is applicable
2025-08-18 11:10:58,639 [INFO] Rule:225 - rule GTZC_S instance for signal is applicable
2025-08-18 11:10:58,639 [INFO] Rule:225 - rule GTZC_S instance for mcu.Pin is applicable
2025-08-18 11:10:58,639 [INFO] Rule:225 - rule GTZC_S instance for VP is applicable
2025-08-18 11:10:58,639 [INFO] Rule:225 - rule GTZC_S instance for signal is applicable
2025-08-18 11:10:58,639 [INFO] Rule:225 - rule GTZC_S instance for mcu is applicable
2025-08-18 11:10:58,639 [INFO] Rule:225 - rule GTZC_S instance for mcu.Pin is applicable
2025-08-18 11:10:58,639 [INFO] Rule:225 - rule GTZC_S instance value for IP GTZC is applicable
2025-08-18 11:10:58,639 [INFO] Rule:225 - rule GTZC_S instance for project manager is applicable
2025-08-18 11:10:58,639 [INFO] Rule:225 - rule GTZC_S instance for context M33S is applicable
2025-08-18 11:10:58,639 [INFO] Rule:225 - rule GTZC_S instance for VP is applicable
2025-08-18 11:10:58,639 [INFO] Rule:225 - rule GTZC_S instance for signal is applicable
2025-08-18 11:10:58,639 [INFO] Rule:225 - rule SPDIFRX instance for mcu is applicable
2025-08-18 11:10:58,639 [INFO] Rule:225 - rule Rename Tracer Mode is applicable
2025-08-18 11:10:58,639 [INFO] Rule:225 - rule SPDIFRX instance value for IP SPDIFRX is applicable
2025-08-18 11:10:58,639 [INFO] Rule:225 - rule SPDIFRX instance for signal is applicable
2025-08-18 11:10:58,639 [INFO] Rule:225 - rule SPDIFRX instance for project manager is applicable
2025-08-18 11:10:58,639 [INFO] Rule:225 - rule SPDIFRX instance for project manager is applicable
2025-08-18 11:10:58,639 [INFO] Rule:225 - rule ADC Scan  fix with FW F7 is applicable
2025-08-18 11:10:58,640 [INFO] Rule:225 - rule ADC Scan  fix with FW F7 is applicable
2025-08-18 11:10:58,640 [INFO] Rule:225 - rule Add RTC Activate Clock Source is applicable
2025-08-18 11:10:58,640 [INFO] Rule:225 - rule Add RTC Activate Calendar 1 is applicable
2025-08-18 11:10:58,640 [INFO] Rule:225 - rule Add RTC Activate Calendar 2 is applicable
2025-08-18 11:10:58,640 [INFO] Rule:225 - rule Add RTC Activate Calendar 3 is applicable
2025-08-18 11:10:58,640 [INFO] Rule:225 - rule UART/USART TX Mode is applicable
2025-08-18 11:10:58,640 [INFO] Rule:225 - rule UART/USART RX Mode is applicable
2025-08-18 11:10:58,640 [INFO] Rule:225 - rule UART/USART RX TX Mode is applicable
2025-08-18 11:10:58,640 [INFO] Rule:225 - rule UART/USART PARITY NONE is applicable
2025-08-18 11:10:58,640 [INFO] Rule:225 - rule UART/USART PARITY EVEN is applicable
2025-08-18 11:10:58,640 [INFO] Rule:225 - rule UART/USART PARITY ODD is applicable
2025-08-18 11:10:58,640 [INFO] Rule:225 - rule USART StopBits 1 is applicable
2025-08-18 11:10:58,640 [INFO] Rule:225 - rule USART StopBits 2 is applicable
2025-08-18 11:10:58,640 [INFO] Rule:225 - rule USART StopBits 1.5 is applicable
2025-08-18 11:10:58,640 [INFO] Rule:225 - rule USART StopBits 0.5 is applicable
2025-08-18 11:10:58,640 [INFO] Rule:225 - rule UART/USART WORD LENGTH 7 is applicable
2025-08-18 11:10:58,641 [INFO] Rule:225 - rule UART/USART WORD LENGTH 8 is applicable
2025-08-18 11:10:58,641 [INFO] Rule:225 - rule UART/USART WORD LENGTH 9 is applicable
2025-08-18 11:10:58,641 [INFO] Rule:225 - rule Rename FMC NAND NCE signal is applicable
2025-08-18 11:10:58,641 [INFO] Rule:225 - rule Rename FMC NAND INT signal is applicable
2025-08-18 11:10:58,641 [INFO] Rule:225 - rule Change Default Value for LSE Drive Capability for WB family is applicable
2025-08-18 11:10:58,641 [INFO] Rule:225 - rule Change Default Value for ADC Clock Prescaler G0 family is applicable
2025-08-18 11:10:58,641 [INFO] Rule:225 - rule Change Default Value for ADC ExternalTrigConv L4 family is applicable
2025-08-18 11:10:58,641 [INFO] Rule:225 - rule Change Default Value for ADC ExternalTrigInjecConv L4 family is applicable
2025-08-18 11:10:58,641 [INFO] Rule:225 - rule Change Default Value for ADC ExternalTrigConv F3 family is applicable
2025-08-18 11:10:58,641 [INFO] Rule:225 - rule Change Default Value for ADC ExternalTrigInjecConv F3 family is applicable
2025-08-18 11:10:58,641 [INFO] Rule:225 - rule Change Default Value for ADC ExternalTrigConv Goldfish serie is applicable
2025-08-18 11:10:58,641 [INFO] Rule:225 - rule Change Default Value for ADC ExternalTrigInjecConv Goldfish serie is applicable
2025-08-18 11:10:58,641 [INFO] Rule:225 - rule Change Default Value for ADC ExternalTrigConv L0 family is applicable
2025-08-18 11:10:58,641 [INFO] Rule:225 - rule Change Default Value for ADC ExternalTrigConv F0 family is applicable
2025-08-18 11:10:58,641 [INFO] Rule:225 - rule Change Default Value for ADC ExternalTrigConvn L1 family is applicable
2025-08-18 11:10:58,641 [INFO] Rule:225 - rule Change Default Value for ADC ExternalTrigInjecConv L1 family is applicable
2025-08-18 11:10:58,641 [INFO] Rule:225 - rule Change Default Value for ADC ExternalTrigConv F1 family is applicable
2025-08-18 11:10:58,641 [INFO] Rule:225 - rule Change Default Value for ADC ExternalTrigInjecConv F1 family is applicable
2025-08-18 11:10:58,641 [INFO] Rule:225 - rule Change Default Value for ADC ExternalTrigConv F7 family is applicable
2025-08-18 11:10:58,641 [INFO] Rule:225 - rule Change Default Value for ADC ExternalTrigInjecConv F7 family is applicable
2025-08-18 11:10:58,642 [INFO] Rule:225 - rule Change Default Value for ADC ExternalTrigConv F4 and F2 family is applicable
2025-08-18 11:10:58,642 [INFO] Rule:225 - rule Change Default Value for ADC ExternalTrigInjecConv F4 and F2 family is applicable
2025-08-18 11:10:58,642 [INFO] Rule:225 - rule ADC SamplingTime fix with FW L0  is applicable
2025-08-18 11:10:58,642 [INFO] Rule:225 - rule ADC SamplingTime fix with FW L0  is applicable
2025-08-18 11:10:58,642 [INFO] Rule:225 - rule ADC SamplingTime fix with FW L0 is applicable
2025-08-18 11:10:58,642 [INFO] Rule:225 - rule ADC SamplingTime fix with FW L0 is applicable
2025-08-18 11:10:58,642 [INFO] Rule:225 - rule ADC SamplingTime fix with FW L0  is applicable
2025-08-18 11:10:58,642 [INFO] Rule:225 - rule ADC SamplingTime fix with FW L0 is applicable
2025-08-18 11:10:58,642 [INFO] Rule:225 - rule Rename USB_OE Signal is applicable
2025-08-18 11:10:58,642 [INFO] Rule:225 - rule Rename Activate_OE Mode is applicable
2025-08-18 11:10:58,642 [INFO] Rule:225 - rule Rename DIE462/DIE415 pin PC14/OSC32_IN -> PC14-OSC32_IN (PC14) is applicable
2025-08-18 11:10:58,642 [INFO] Rule:225 - rule Rename DIE462/DIE415 pin PC15/OSC32_OUT -> PC15-OSC32_OUT (PC15) is applicable
2025-08-18 11:10:58,642 [INFO] Rule:225 - rule Rename DIE462/DIE415 pin PH0/OSC_IN -> PH0-OSC_IN (PH0) is applicable
2025-08-18 11:10:58,642 [INFO] Rule:225 - rule Rename DIE462/DIE415 pin PH1/OSC_OUT -> PH1-OSC_OUT (PH1) is applicable
2025-08-18 11:10:58,642 [INFO] Rule:225 - rule Rename DIE462 pin PA13 -> PA13 (JTMS/SWDIO) is applicable
2025-08-18 11:10:58,642 [INFO] Rule:225 - rule Rename DIE415 pin PA13 -> PA13 (JTMS/SWDIO) is applicable
2025-08-18 11:10:58,642 [INFO] Rule:225 - rule Rename DIE462 pin PA14 -> PA14 (JTCK/SWCLK) is applicable
2025-08-18 11:10:58,642 [INFO] Rule:225 - rule Rename DIE415 pin PA14 -> PA14 (JTCK/SWCLK) is applicable
2025-08-18 11:10:58,642 [INFO] Rule:225 - rule Rename DIE462/DIE415 pin PA15 -> PA15 (JTDI) is applicable
2025-08-18 11:10:58,642 [INFO] Rule:225 - rule Rename DIE462 pin PB3 -> PB3 (JTD0/TRACESWO) is applicable
2025-08-18 11:10:58,642 [INFO] Rule:225 - rule Rename DIE415 pin PB3 -> PB3 (JTD0-TRACESWO) is applicable
2025-08-18 11:10:58,642 [INFO] Rule:225 - rule Rename DIE462/DIE415 pin PB4 -> PB4 (NJTRST) is applicable
2025-08-18 11:10:58,643 [INFO] Rule:225 - rule Rename DIE462 pin PH3/BOOT0 -> PH3-BOOT0 (BOOT0) is applicable
2025-08-18 11:10:58,643 [INFO] Rule:225 - rule Rename CRYP DataEncryptionTypesList to Algorithm is applicable
2025-08-18 11:10:58,643 [INFO] Rule:225 - rule Rename AES DataEncryptionTypesList to Algorithm is applicable
2025-08-18 11:10:58,643 [INFO] Rule:225 - rule Rename TDESECB to CRYP_TDES_ECB is applicable
2025-08-18 11:10:58,643 [INFO] Rule:225 - rule Rename TDESCBC to CRYP_TDES_CBC is applicable
2025-08-18 11:10:58,643 [INFO] Rule:225 - rule Rename DESECB to CRYP_DES_ECB is applicable
2025-08-18 11:10:58,643 [INFO] Rule:225 - rule Rename DESCBC to CRYP_DES_CBC is applicable
2025-08-18 11:10:58,643 [INFO] Rule:225 - rule Rename AESECB to CRYP_AES_ECB is applicable
2025-08-18 11:10:58,643 [INFO] Rule:225 - rule Rename AESCBC to CRYP_AES_CBC is applicable
2025-08-18 11:10:58,643 [INFO] Rule:225 - rule Rename AESCTR to CRYP_AES_CTR is applicable
2025-08-18 11:10:58,643 [INFO] Rule:225 - rule Rename AESGCM to CRYP_AES_GCM is applicable
2025-08-18 11:10:58,643 [INFO] Rule:225 - rule Rename AESCCM to CRYP_AES_CCM is applicable
2025-08-18 11:10:58,643 [INFO] Rule:225 - rule Rename CAN TimeSeg1 to BS1 is applicable
2025-08-18 11:10:58,643 [INFO] Rule:225 - rule Rename CAN TimeSeg2 to BS2 is applicable
2025-08-18 11:10:58,643 [INFO] Rule:225 - rule Rename CAN SyncJumpWidth to SJW is applicable
2025-08-18 11:10:58,643 [INFO] Rule:225 - rule TimeTriggeredMode to TTCM is applicable
2025-08-18 11:10:58,643 [INFO] Rule:225 - rule Rename CAN AutoBusOff to ABOM is applicable
2025-08-18 11:10:58,643 [INFO] Rule:225 - rule Rename CAN AutoWakeUp to AWUM is applicable
2025-08-18 11:10:58,643 [INFO] Rule:225 - rule Rename CAN AutoRetransmission to NART is applicable
2025-08-18 11:10:58,643 [INFO] Rule:225 - rule Rename CAN ReceiveFifoLocked to RFLM is applicable
2025-08-18 11:10:58,643 [INFO] Rule:225 - rule Rename CAN TransmitFifoPriority to TXFP is applicable
2025-08-18 11:10:58,644 [INFO] Rule:225 - rule Rename HRTIMER HRTIM_OUTPUTFAULTLEVEL_HIGH in HRTIMER HRTIM_OUTPUTFAULTLEVEL_HIGHZ is applicable
2025-08-18 11:10:58,644 [INFO] Rule:225 - rule Rename TIMER TIM_CLEARINPUTSOURCE_OCREFCLR in  TIMER TIM_CLEARINPUTSOURCE_NONE for F7 family is applicable
2025-08-18 11:10:58,644 [INFO] Rule:225 - rule FDCAN_R1 - Rename FDCAN mode Master into Classic is applicable
2025-08-18 11:10:58,644 [INFO] Rule:225 - rule FDCAN_R2 - Rename FDCAN mode Slave into Classic is applicable
2025-08-18 11:10:58,644 [INFO] Rule:225 - rule FDCAN1_R3 - if PA10.Mode=FullDuplex, add Pin PA12 is applicable
2025-08-18 11:10:58,644 [INFO] Rule:225 - rule FDCAN1_R3 - if PA9.Mode=FullDuplex, add Pin PA11 is applicable
2025-08-18 11:10:58,644 [INFO] Rule:225 - rule FDCAN1_R3 - Alternatepin_1 - if PE1.Mode=FullDuplex, add Pin PB9 is applicable
2025-08-18 11:10:58,644 [INFO] Rule:225 - rule FDCAN1_R3 - Alternatepin_1 - if PE0.Mode=FullDuplex, add Pin PB8 is applicable
2025-08-18 11:10:58,644 [INFO] Rule:225 - rule FDCAN1_R3 - Alternatepin_2 - if PD5.Mode=FullDuplex, add Pin PD1 is applicable
2025-08-18 11:10:58,644 [INFO] Rule:225 - rule FDCAN1_R3 - Alternatepin_2 - if PD4.Mode=FullDuplex, add Pin PD0 is applicable
2025-08-18 11:10:58,644 [INFO] Rule:225 - rule FDCAN1_R4 - Rename Mode FullDuplex into Enable FDCAN_TXFD for pin PA10 is applicable
2025-08-18 11:10:58,644 [INFO] Rule:225 - rule FDCAN1_R4 - Rename Mode FullDuplex into Enable FDCAN_TXFD for pin PA9 is applicable
2025-08-18 11:10:58,644 [INFO] Rule:225 - rule FDCAN1_R4 - Alternatepin_1 - Rename Mode FullDuplex into Enable FDCAN_TXFD for pin PE1 is applicable
2025-08-18 11:10:58,644 [INFO] Rule:225 - rule FDCAN1_R4 - Alternatepin_1 - Rename Mode FullDuplex into Enable FDCAN_TXFD for pin PE0 is applicable
2025-08-18 11:10:58,644 [INFO] Rule:225 - rule FDCAN1_R4 - Alternatepin_2 - Rename Mode FullDuplex into Enable FDCAN_TXFD for pin PD5 is applicable
2025-08-18 11:10:58,644 [INFO] Rule:225 - rule FDCAN1_R4 - Alternatepin_2 - Rename Mode FullDuplex into Enable FDCAN_TXFD for pin PD4 is applicable
2025-08-18 11:10:58,644 [INFO] Rule:225 - rule FDCAN2_R3 - if PD10.Mode=FullDuplex, add Pin PB13 is applicable
2025-08-18 11:10:58,644 [INFO] Rule:225 - rule FDCAN2_R3 - if PD9.Mode=FullDuplex, add Pin PB12 is applicable
2025-08-18 11:10:58,644 [INFO] Rule:225 - rule FDCAN2_R3 - Alternatepin_1 - if PB7.Mode=FullDuplex, add Pin PB6 is applicable
2025-08-18 11:10:58,644 [INFO] Rule:225 - rule FDCAN2_R3 - Alternatepin_1 - if PD9.Mode=FullDuplex, add Pin PB12 is applicable
2025-08-18 11:10:58,644 [INFO] Rule:225 - rule FDCAN2_R4 - Rename Mode FullDuplex into Enable FDCAN_TXFD for pin PD10 is applicable
2025-08-18 11:10:58,645 [INFO] Rule:225 - rule FDCAN2_R4 - Rename Mode FullDuplex into Enable FDCAN_TXFD for pin PD9 is applicable
2025-08-18 11:10:58,645 [INFO] Rule:225 - rule FDCAN2_R4 - Alternatepin_1 - Rename Mode FullDuplex into Enable FDCAN_TXFD for pin PB7 is applicable
2025-08-18 11:10:58,645 [INFO] Rule:225 - rule FDCAN2_R4 - Alternatepin_1 - Rename Mode FullDuplex into Enable FDCAN_TXFD for pin PD6 is applicable
2025-08-18 11:10:58,645 [INFO] Rule:225 - rule USART TxPinLevelInvertParam Mode is applicable
2025-08-18 11:10:58,645 [INFO] Rule:225 - rule USART RxPinLevelInvertParam Mode is applicable
2025-08-18 11:10:58,645 [INFO] Rule:225 - rule USART DataInvertParam Mode is applicable
2025-08-18 11:10:58,645 [INFO] Rule:225 - rule USART SwapParam Mode is applicable
2025-08-18 11:10:58,645 [INFO] Rule:225 - rule USART OverrunDisableParam Mode is applicable
2025-08-18 11:10:58,645 [INFO] Rule:225 - rule USART DMADisableonRxErrorParam Mode is applicable
2025-08-18 11:10:58,645 [INFO] Rule:225 - rule USART MSBFirstParam Mode is applicable
2025-08-18 11:10:58,645 [INFO] Rule:225 - rule Update MwName for USB_DEVICE is applicable
2025-08-18 11:10:58,645 [INFO] Rule:225 - rule Change PWR_Regulator_Voltage_Scale Default Value for RCC  H7 family is applicable
2025-08-18 11:10:58,645 [INFO] Rule:225 - rule UART/USART IPParameter rename Prescaler parameter to ClockPrescaler is applicable
2025-08-18 11:10:58,645 [INFO] Rule:225 - rule UART/USART Prescaler rename Prescaler parameter to ClockPrescaler is applicable
2025-08-18 11:10:58,645 [INFO] Rule:225 - rule TIM1CLockSelection is applicable
2025-08-18 11:10:58,645 [INFO] Rule:225 - rule TIM15CLockSelection is applicable
2025-08-18 11:10:58,645 [INFO] Rule:225 - rule align RCC SDMMC3CLockSelection default value on MP1 is applicable
2025-08-18 11:10:58,645 [INFO] Rule:225 - rule align RCC SDMMC12CLockSelection default value on MP1 is applicable
2025-08-18 11:10:58,645 [INFO] Rule:225 - rule align RCC QSPICLockSelection default value on MP1 is applicable
2025-08-18 11:10:58,645 [INFO] Rule:225 - rule align RCC QSPICLockSelection default value on MP1 is applicable
2025-08-18 11:10:58,646 [INFO] Rule:225 - rule align RCC SPI6CLockSelection default value on MP1 is applicable
2025-08-18 11:10:58,646 [INFO] Rule:225 - rule align RCC LPTIM23CLockSelection default value on MP1 is applicable
2025-08-18 11:10:58,646 [INFO] Rule:225 - rule align RCC LPTIM1CLockSelection default value on MP1 is applicable
2025-08-18 11:10:58,646 [INFO] Rule:225 - rule align RCC USART1CLockSelection default value on MP1 is applicable
2025-08-18 11:10:58,646 [INFO] Rule:225 - rule align RCC USART24CLockSelection default value on MP1 is applicable
2025-08-18 11:10:58,646 [INFO] Rule:225 - rule align RCC USART6CLockSelection default value on MP1 is applicable
2025-08-18 11:10:58,646 [INFO] Rule:225 - rule align RCC UART78CLockSelection default value on MP1 is applicable
2025-08-18 11:10:58,646 [INFO] Rule:225 - rule align RCC USART35CLockSelection default value on MP1 is applicable
2025-08-18 11:10:58,646 [INFO] Rule:225 - rule align RCC SPI45CLockSelection default value on MP1 is applicable
2025-08-18 11:10:58,646 [INFO] Rule:225 - rule align RCC I2C46CLockSelection BCLK value on MP1 is applicable
2025-08-18 11:10:58,646 [INFO] Rule:225 - rule align RCC SPI45CLockSelection default value on MP1 is applicable
2025-08-18 11:10:58,646 [INFO] Rule:225 - rule align RCC I2C12CLockSelection default value on MP1 is applicable
2025-08-18 11:10:58,646 [INFO] Rule:225 - rule align RCC I2C35CLockSelection default value on MP1 is applicable
2025-08-18 11:10:58,646 [INFO] Rule:225 - rule align RCC LPTIM45CLockSelection default value on MP1 is applicable
2025-08-18 11:10:58,646 [INFO] Rule:225 - rule Rename DCMI PIXCK signal is applicable
2025-08-18 11:10:58,646 [INFO] Rule:225 - rule Change Default Value for I2C46CLockSelection MP1 family is applicable
2025-08-18 11:10:58,646 [INFO] Rule:225 - rule Change Default Value for UART for G4, G0 and WB families is applicable
2025-08-18 11:10:58,646 [INFO] Rule:225 - rule Change Default Value for USART for G4, G0 and WB families is applicable
2025-08-18 11:10:58,646 [INFO] Rule:225 - rule Change Default Value for USART for G4 family is applicable
2025-08-18 11:10:58,646 [INFO] Rule:225 - rule Change USART1CLockSelection refparam name for MP1 is applicable
2025-08-18 11:10:58,646 [INFO] Rule:225 - rule Change USART2CLockSelection refparam name for MP1 is applicable
2025-08-18 11:10:58,646 [INFO] Rule:225 - rule Change USART3CLockSelection refparam name for MP1 is applicable
2025-08-18 11:10:58,647 [INFO] Rule:225 - rule Change UART4CLockSelection refparam name for MP1 is applicable
2025-08-18 11:10:58,647 [INFO] Rule:225 - rule Change UART5CLockSelection refparam name for MP1 is applicable
2025-08-18 11:10:58,647 [INFO] Rule:225 - rule Change LPUART1CLockSelection refparam name for MP1 is applicable
2025-08-18 11:10:58,647 [INFO] Rule:225 - rule Change LPTIM1CLockSelection refparam name for MP1 is applicable
2025-08-18 11:10:58,647 [INFO] Rule:225 - rule Change LPTIM2CLockSelection refparam name for MP1 is applicable
2025-08-18 11:10:58,647 [INFO] Rule:225 - rule Change RCC_MCO1Source refparam name for MP1 is applicable
2025-08-18 11:10:58,647 [INFO] Rule:225 - rule Change LSCOSource1 refparam name for MP1 is applicable
2025-08-18 11:10:58,647 [INFO] Rule:225 - rule Change SMPSCLockSelection refparam name for MP1 is applicable
2025-08-18 11:10:58,647 [INFO] Rule:225 - rule Change LPTIM3CLockSelection refparam name for MP1 is applicable
2025-08-18 11:10:58,647 [INFO] Rule:225 - rule Change MPCBB* Default Template Mode to Parameters is applicable
2025-08-18 11:10:58,647 [INFO] Rule:225 - rule Change MPCWM* or MPCBB* Secure Mode to Parameters is applicable
2025-08-18 11:10:58,647 [INFO] Rule:225 - rule Change MPCWM* or MPCBB* No Secure Mode to Parameters is applicable
2025-08-18 11:10:58,647 [INFO] Rule:225 - rule Change TZSC IP Secure Mode to Parameters is applicable
2025-08-18 11:10:58,647 [INFO] Rule:225 - rule Change TZSC IP No Secure Mode to Parameters is applicable
2025-08-18 11:10:58,647 [INFO] Rule:225 - rule Change TZSC IP Privilege Mode to Parameters is applicable
2025-08-18 11:10:58,647 [INFO] Rule:225 - rule Change TZSC IP No Privilege Mode to Parameters is applicable
2025-08-18 11:10:58,647 [INFO] Rule:225 - rule Change TZIC IT Secure Mode to Parameters is applicable
2025-08-18 11:10:58,647 [INFO] Rule:225 - rule Change TZIC IT No Secure Mode to Parameters is applicable
2025-08-18 11:10:58,647 [INFO] Rule:225 - rule Add MPCBB1_NonSecureArea_Start_Address value with referenced to MPCBB1_NonSecureArea_Start value is applicable
2025-08-18 11:10:58,647 [INFO] Rule:225 - rule Add MPCBB2_NonSecureArea_Start_Address value with referenced to MPCBB2_NonSecureArea_Start value is applicable
2025-08-18 11:10:58,647 [INFO] Rule:225 - rule Add MPCWM1_NonSecureArea*_Start_Address value with referenced to MPCWM1_NonSecureArea*_Start value is applicable
2025-08-18 11:10:58,647 [INFO] Rule:225 - rule Add MPCWM2_NonSecureArea*_Start_Address value with referenced to MPCWM2_NonSecureArea*_Start value is applicable
2025-08-18 11:10:58,647 [INFO] Rule:225 - rule Add MPCWM3_NonSecureArea_Start_Address value with referenced to MPCWM3_NonSecureArea_Start value is applicable
2025-08-18 11:10:58,648 [INFO] Rule:225 - rule Change Default Value for PLL1UserDefinedConfig is applicable
2025-08-18 11:10:58,648 [INFO] Rule:225 - rule Change GPIO_PuPd Default Value for USART in async mode is applicable
2025-08-18 11:10:58,648 [INFO] Rule:225 - rule Change SMPSDivider Default Value is applicable
2025-08-18 11:10:58,648 [INFO] Rule:225 - rule OPAMP is applicable
2025-08-18 11:10:58,648 [INFO] Rule:225 - rule LPUART IPParameter rename Prescaler parameter to ClockPrescaler for STM32H7 is applicable
2025-08-18 11:10:58,648 [INFO] Rule:225 - rule LPUART IPParameter rename Prescaler parameter to ClockPrescaler for STM32H7 is applicable
2025-08-18 11:10:58,648 [INFO] Rule:225 - rule LPUART IPParameter rename Prescaler parameter to ClockPrescaler for STM32WB is applicable
2025-08-18 11:10:58,648 [INFO] Rule:225 - rule LPUART IPParameter rename Prescaler parameter to ClockPrescaler for STM32WB is applicable
2025-08-18 11:10:58,648 [INFO] Rule:225 - rule LPUART IPParameter rename Prescaler parameter to ClockPrescaler for STM32G4 is applicable
2025-08-18 11:10:58,648 [INFO] Rule:225 - rule LPUART IPParameter rename Prescaler parameter to ClockPrescaler for STM32G4 is applicable
2025-08-18 11:10:58,648 [INFO] Rule:225 - rule LPUART IPParameter rename Prescaler parameter to ClockPrescaler for STM32L5 is applicable
2025-08-18 11:10:58,648 [INFO] Rule:225 - rule LPUART IPParameter rename Prescaler parameter to ClockPrescaler for STM32L5 is applicable
2025-08-18 11:10:58,648 [INFO] Rule:225 - rule LPUART IPParameter rename Prescaler parameter to ClockPrescaler for STM32G4 is applicable
2025-08-18 11:10:58,648 [INFO] Rule:225 - rule LPUART IPParameter rename Prescaler parameter to ClockPrescaler for STM32G4 is applicable
2025-08-18 11:10:58,648 [INFO] Rule:225 - rule USB device lib V2.5.3 for L0 rename USBD_SUPPORT_USER_STRING parameter to USBD_SUPPORT_USER_STRING_DESC4 is applicable
2025-08-18 11:10:58,648 [INFO] Rule:225 - rule I2SCLockSelection clock entry align is applicable
2025-08-18 11:10:58,648 [INFO] Rule:225 - rule Assign TIMx context if used as SYS timebase is applicable
2025-08-18 11:10:58,648 [INFO] Rule:225 - rule Change GPIO_Pu Default Value for I2C is applicable
2025-08-18 11:10:58,648 [INFO] Rule:225 - rule Change GPIO_Pu Default Value for SMBus is applicable
2025-08-18 11:10:58,648 [INFO] Rule:225 - rule change FDCAN default value is applicable
2025-08-18 11:10:58,648 [INFO] Rule:225 - rule Change mode sai is applicable
2025-08-18 11:10:58,648 [INFO] Rule:225 - rule **Change sai mode is applicable
2025-08-18 11:10:58,664 [INFO] DbConfProperties:305 - Apply Compatibility (49/248 Rules)
2025-08-18 11:10:58,679 [INFO] ImportTextPane:193 - (OptionalMessage_ERROR) Unable to find key (Mcu.ThirdPartyNb) in loaded IOC file
2025-08-18 11:10:58,877 [INFO] RtosManager:489 - Registered RTOS mode: class=CMSIS, group=RTOS, mode=CMSIS_V1, owner=FREERTOS
2025-08-18 11:10:58,878 [INFO] RtosManager:489 - Registered RTOS mode: class=CMSIS, group=RTOS2, mode=CMSIS_V2, owner=FREERTOS
2025-08-18 11:10:58,878 [INFO] RtosManager:489 - Registered RTOS mode: class=RTOS, group=Core, mode=CMSIS_V1, owner=FREERTOS
2025-08-18 11:10:58,878 [INFO] RtosManager:489 - Registered RTOS mode: class=RTOS, group=Core, mode=CMSIS_V2, owner=FREERTOS
2025-08-18 11:10:58,878 [WARN] ModelIntegratedComponent:185 - Missing modes for component STMicroelectronics:FreeRTOS:0.0.1:STMicroelectronics:RTOS:FreeRTOS:Core:::10.2.0:
2025-08-18 11:10:58,881 [WARN] ModelIntegratedComponent:64 - No mode defined for component null
2025-08-18 11:10:58,881 [WARN] ModelIntegratedComponent:64 - No mode defined for component null
2025-08-18 11:10:58,882 [WARN] ModelIntegratedComponent:64 - No mode defined for component null
2025-08-18 11:10:58,882 [WARN] ModelIntegratedComponent:64 - No mode defined for component null
2025-08-18 11:10:58,882 [WARN] ModelIntegratedComponent:64 - No mode defined for component null
2025-08-18 11:10:58,882 [WARN] ModelIntegratedComponent:64 - No mode defined for component null
2025-08-18 11:10:58,882 [WARN] ModelIntegratedComponent:64 - No mode defined for component null
2025-08-18 11:10:58,882 [WARN] ModelIntegratedComponent:64 - No mode defined for component null
2025-08-18 11:10:58,882 [WARN] ModelIntegratedComponent:64 - No mode defined for component null
2025-08-18 11:10:58,882 [WARN] ModelIntegratedComponent:64 - No mode defined for component null
2025-08-18 11:10:58,882 [WARN] ModelIntegratedComponent:64 - No mode defined for component null
2025-08-18 11:10:58,882 [WARN] ModelIntegratedComponent:64 - No mode defined for component null
2025-08-18 11:10:58,882 [WARN] ModelIntegratedComponent:64 - No mode defined for component null
2025-08-18 11:10:58,882 [WARN] ModelIntegratedComponent:64 - No mode defined for component null
2025-08-18 11:10:58,882 [WARN] ModelIntegratedComponent:64 - No mode defined for component null
2025-08-18 11:10:58,882 [WARN] ModelIntegratedComponent:64 - No mode defined for component null
2025-08-18 11:10:58,882 [WARN] ModelIntegratedComponent:64 - No mode defined for component null
2025-08-18 11:10:58,883 [WARN] ModelIntegratedComponent:64 - No mode defined for component null
2025-08-18 11:10:58,883 [WARN] ModelIntegratedComponent:64 - No mode defined for component null
2025-08-18 11:10:58,883 [WARN] ModelIntegratedComponent:64 - No mode defined for component null
2025-08-18 11:10:58,883 [WARN] ModelIntegratedComponent:64 - No mode defined for component null
2025-08-18 11:10:58,883 [WARN] ModelIntegratedComponent:64 - No mode defined for component null
2025-08-18 11:10:58,883 [WARN] ModelIntegratedComponent:64 - No mode defined for component null
2025-08-18 11:10:58,883 [WARN] ModelIntegratedComponent:64 - No mode defined for component null
2025-08-18 11:10:58,883 [WARN] ModelIntegratedComponent:64 - No mode defined for component null
2025-08-18 11:10:58,883 [WARN] ModelIntegratedComponent:64 - No mode defined for component null
2025-08-18 11:10:58,883 [WARN] ModelIntegratedComponent:64 - No mode defined for component null
2025-08-18 11:10:58,883 [WARN] ModelIntegratedComponent:64 - No mode defined for component null
2025-08-18 11:10:58,883 [WARN] ModelIntegratedComponent:64 - No mode defined for component null
2025-08-18 11:10:58,883 [WARN] ModelIntegratedComponent:64 - No mode defined for component null
2025-08-18 11:10:58,883 [WARN] ModelIntegratedComponent:64 - No mode defined for component null
2025-08-18 11:10:58,883 [WARN] ModelIntegratedComponent:64 - No mode defined for component null
2025-08-18 11:10:58,883 [WARN] ModelIntegratedComponent:64 - No mode defined for component null
2025-08-18 11:10:59,368 [INFO] ThirdPartyModel:294 - Start build external matchings
2025-08-18 11:11:01,749 [INFO] ThirdPartyModel:310 - End build external matchings
2025-08-18 11:11:01,773 [INFO] ImportTextPane:193 - (OptionalMessage_ERROR) IP (RCC) : Invalid parameter (48MHZClocksFreq_Value)
2025-08-18 11:11:01,774 [INFO] ImportTextPane:193 - (OptionalMessage_ERROR) IP (RCC) : Invalid parameter (EthernetFreq_Value)
2025-08-18 11:11:01,774 [INFO] ImportTextPane:193 - (OptionalMessage_ERROR) IP (RCC) : Parameter (FLatency) has Id (AdvancedSettings) currently not set
2025-08-18 11:11:01,774 [INFO] ImportTextPane:193 - (OptionalMessage_ERROR) IP (RCC) : Invalid parameter (FamilyName)
2025-08-18 11:11:01,774 [INFO] ImportTextPane:193 - (OptionalMessage_ERROR) IP (RCC) : Invalid parameter (I2SClocksFreq_Value)
2025-08-18 11:11:01,775 [INFO] ImportTextPane:193 - (OptionalMessage_ERROR) IP (RCC) : Parameter (SDIOFreq_Value) has invalid value (168000000)
2025-08-18 11:11:01,775 [INFO] ImportTextPane:193 - (OptionalMessage_ERROR) IP (RCC) : Parameter (USBFreq_Value) has invalid value (168000000)
2025-08-18 11:11:01,775 [INFO] ImportTextPane:193 - (OptionalMessage_ERROR) IP (RCC) : Invalid parameter (VCOInputMFreq_Value)
2025-08-18 11:11:01,775 [INFO] ImportTextPane:193 - (OptionalMessage_ERROR) IP (RCC) : Invalid parameter (VcooutputI2S)
2025-08-18 11:11:01,938 [INFO] UtilMem:74 - End LoadConfig() Used Memory: 821862184 Bytes (1073741824)
2025-08-18 11:11:01,946 [WARN] ThirdParty:807 - waiting for thirdparty lock release [change project]
2025-08-18 11:11:01,946 [INFO] ThirdParty:809 - entering critical section [change project]
2025-08-18 11:11:01,946 [INFO] ThirdParty:999 - CMSIS Pack Vendor :STMicroelectronics X-CUBE-PM33A1 1.0.0
2025-08-18 11:11:01,946 [INFO] ThirdParty:999 - CMSIS Pack Vendor :STMicroelectronics X-CUBE-GNSS1 6.0.0
2025-08-18 11:11:01,946 [INFO] ThirdParty:999 - CMSIS Pack Vendor :STMicroelectronics USB_HOST 2.0.0
2025-08-18 11:11:01,946 [INFO] ThirdParty:999 - CMSIS Pack Vendor :STMicroelectronics FP-SNS-MOTENVWB1 1.4.0
2025-08-18 11:11:01,946 [INFO] ThirdParty:999 - CMSIS Pack Vendor :STMicroelectronics X-CUBE-AZRTOS-F4 1.1.0
2025-08-18 11:11:01,946 [INFO] ThirdParty:999 - CMSIS Pack Vendor :STMicroelectronics LIBJPEG 8.0.0
2025-08-18 11:11:01,946 [INFO] ThirdParty:999 - CMSIS Pack Vendor :STMicroelectronics FP-ATR-ASTRA1 2.0.2
2025-08-18 11:11:01,947 [INFO] ThirdParty:999 - CMSIS Pack Vendor :STMicroelectronics X-CUBE-SMBUS 2.1.0
2025-08-18 11:11:01,947 [INFO] ThirdParty:999 - CMSIS Pack Vendor :STMicroelectronics X-CUBE-ISPU 2.1.0
2025-08-18 11:11:01,947 [INFO] ThirdParty:999 - CMSIS Pack Vendor :STMicroelectronics X-CUBE-FREERTOS 1.2.0
2025-08-18 11:11:01,947 [INFO] ThirdParty:999 - CMSIS Pack Vendor :wolfSSL I-CUBE-wolfSSL 5.6.6
2025-08-18 11:11:01,947 [INFO] ThirdParty:999 - CMSIS Pack Vendor :STMicroelectronics X-CUBE-TOUCHGFX 4.23.0
2025-08-18 11:11:01,947 [INFO] ThirdParty:999 - CMSIS Pack Vendor :STMicroelectronics X-CUBE-NFC12 1.0.0
2025-08-18 11:11:01,947 [INFO] ThirdParty:999 - CMSIS Pack Vendor :STMicroelectronics X-CUBE-TOUCHGFX 4.23.2
2025-08-18 11:11:01,947 [INFO] ThirdParty:999 - CMSIS Pack Vendor :STMicroelectronics X-CUBE-AZRTOS-F7 1.1.0
2025-08-18 11:11:01,947 [INFO] ThirdParty:999 - CMSIS Pack Vendor :STMicroelectronics X-CUBE-AZRTOS-L5 2.0.0
2025-08-18 11:11:01,947 [INFO] ThirdParty:999 - CMSIS Pack Vendor :STMicroelectronics USB_DEVICE 2.0.0
2025-08-18 11:11:01,947 [INFO] ThirdParty:999 - CMSIS Pack Vendor :STMicroelectronics X-CUBE-NFC6 3.1.0
2025-08-18 11:11:01,947 [INFO] ThirdParty:999 - CMSIS Pack Vendor :ITTIA_DB I-CUBE-ITTIADB 8.8.0
2025-08-18 11:11:01,947 [INFO] ThirdParty:999 - CMSIS Pack Vendor :STMicroelectronics FP-SNS-MOTENV1 4.3.2
2025-08-18 11:11:01,947 [INFO] ThirdParty:999 - CMSIS Pack Vendor :STMicroelectronics X-CUBE-MEMS1 11.0.0
2025-08-18 11:11:01,947 [INFO] ThirdParty:999 - CMSIS Pack Vendor :STMicroelectronics FreeRTOS 0.0.1
2025-08-18 11:11:01,947 [INFO] ThirdParty:999 - CMSIS Pack Vendor :STMicroelectronics X-CUBE-BLEMGR 2.0.0
2025-08-18 11:11:01,947 [INFO] ThirdParty:999 - CMSIS Pack Vendor :STMicroelectronics FP-SNS-FLIGHT1 5.0.2
2025-08-18 11:11:01,947 [INFO] ThirdParty:999 - CMSIS Pack Vendor :STMicroelectronics X-CUBE-AI 9.0.0
2025-08-18 11:11:01,947 [INFO] ThirdParty:999 - CMSIS Pack Vendor :STMicroelectronics PDM2PCM 3.3.0
2025-08-18 11:11:01,947 [INFO] ThirdParty:999 - CMSIS Pack Vendor :STMicroelectronics X-CUBE-AZRTOS-H7 3.4.0
2025-08-18 11:11:01,947 [INFO] ThirdParty:999 - CMSIS Pack Vendor :STMicroelectronics X-CUBE-BLE1 7.0.0
2025-08-18 11:11:01,947 [INFO] ThirdParty:999 - CMSIS Pack Vendor :STMicroelectronics X-CUBE-NFC10 1.0.0
2025-08-18 11:11:01,947 [INFO] ThirdParty:999 - CMSIS Pack Vendor :STMicroelectronics X-CUBE-FREERTOS 1.3.1
2025-08-18 11:11:01,947 [INFO] ThirdParty:999 - CMSIS Pack Vendor :STMicroelectronics HAL Drivers 0.0.0
2025-08-18 11:11:01,947 [INFO] ThirdParty:999 - CMSIS Pack Vendor :emotas I-CUBE-CANOPEN 1.3.0
2025-08-18 11:11:01,947 [INFO] ThirdParty:999 - CMSIS Pack Vendor :STMicroelectronics X-CUBE-NFC7 1.0.1
2025-08-18 11:11:01,947 [INFO] ThirdParty:999 - CMSIS Pack Vendor :STMicroelectronics MBEDTLS 2.14.1
2025-08-18 11:11:01,947 [INFO] ThirdParty:999 - CMSIS Pack Vendor :wolfSSL I-CUBE-wolfTPM 3.2.0
2025-08-18 11:11:01,947 [INFO] ThirdParty:999 - CMSIS Pack Vendor :STMicroelectronics X-CUBE-NFC6 3.0.0
2025-08-18 11:11:01,947 [INFO] ThirdParty:999 - CMSIS Pack Vendor :STMicroelectronics X-CUBE-EEPRMA1 4.1.0
2025-08-18 11:11:01,947 [INFO] ThirdParty:999 - CMSIS Pack Vendor :STMicroelectronics X-CUBE-BLEMGR 3.1.0
2025-08-18 11:11:01,947 [INFO] ThirdParty:999 - CMSIS Pack Vendor :STMicroelectronics X-CUBE-AZRTOS-WL 2.0.0
2025-08-18 11:11:01,947 [INFO] ThirdParty:999 - CMSIS Pack Vendor :STMicroelectronics FP-SNS-MOTENV1 5.0.0
2025-08-18 11:11:01,947 [INFO] ThirdParty:999 - CMSIS Pack Vendor :STMicroelectronics USB_DEVICE 1.0.0
2025-08-18 11:11:01,947 [INFO] ThirdParty:999 - CMSIS Pack Vendor :STMicroelectronics X-CUBE-AI 8.1.0
2025-08-18 11:11:01,947 [INFO] ThirdParty:999 - CMSIS Pack Vendor :wolfSSL I-CUBE-wolfMQTT 1.19.0
2025-08-18 11:11:01,947 [INFO] ThirdParty:999 - CMSIS Pack Vendor :STMicroelectronics X-CUBE-AZRTOS-L4 2.0.0
2025-08-18 11:11:01,947 [INFO] ThirdParty:999 - CMSIS Pack Vendor :STMicroelectronics ThreadX 0.0.2
2025-08-18 11:11:01,947 [INFO] ThirdParty:999 - CMSIS Pack Vendor :WES I-CUBE-Cesium 1.3.0
2025-08-18 11:11:01,947 [INFO] ThirdParty:999 - CMSIS Pack Vendor :STMicroelectronics lwIP 2.1.2
2025-08-18 11:11:01,947 [INFO] ThirdParty:999 - CMSIS Pack Vendor :STMicroelectronics X-CUBE-SFXS2LP1 4.0.0
2025-08-18 11:11:01,947 [INFO] ThirdParty:999 - CMSIS Pack Vendor :STMicroelectronics X-CUBE-BLE2 3.3.0
2025-08-18 11:11:01,948 [INFO] ThirdParty:999 - CMSIS Pack Vendor :STMicroelectronics PDM2PCM 3.2.0
2025-08-18 11:11:01,948 [INFO] ThirdParty:999 - CMSIS Pack Vendor :STMicroelectronics X-CUBE-AZRTOS-H7 3.3.0
2025-08-18 11:11:01,948 [INFO] ThirdParty:999 - CMSIS Pack Vendor :STMicroelectronics X-CUBE-NFC9 1.0.0
2025-08-18 11:11:01,948 [INFO] ThirdParty:999 - CMSIS Pack Vendor :STMicroelectronics X-CUBE-BLE1 7.1.0
2025-08-18 11:11:01,948 [INFO] ThirdParty:999 - CMSIS Pack Vendor :STMicroelectronics USB_DEVICE 3.0.0
2025-08-18 11:11:01,948 [INFO] ThirdParty:999 - CMSIS Pack Vendor :STMicroelectronics X-CUBE-TCPP 4.1.0
2025-08-18 11:11:01,948 [INFO] ThirdParty:999 - CMSIS Pack Vendor :STMicroelectronics X-CUBE-EEPRMA1 5.2.0
2025-08-18 11:11:01,948 [INFO] ThirdParty:999 - CMSIS Pack Vendor :STMicroelectronics X-CUBE-AZRTOS-WB 2.0.0
2025-08-18 11:11:01,948 [INFO] ThirdParty:999 - CMSIS Pack Vendor :STMicroelectronics X-CUBE-GNSS1 7.0.1
2025-08-18 11:11:01,948 [INFO] ThirdParty:999 - CMSIS Pack Vendor :STMicroelectronics X-CUBE-TOUCHGFX 4.25.0
2025-08-18 11:11:01,948 [INFO] ThirdParty:999 - CMSIS Pack Vendor :STMicroelectronics X-CUBE-AI 10.1.0
2025-08-18 11:11:01,948 [INFO] ThirdParty:999 - CMSIS Pack Vendor :STMicroelectronics X-CUBE-ALGOBUILD 1.3.0
2025-08-18 11:11:01,948 [INFO] ThirdParty:999 - CMSIS Pack Vendor :STMicroelectronics X-CUBE-MEMS1 11.2.0
2025-08-18 11:11:01,948 [INFO] ThirdParty:999 - CMSIS Pack Vendor :STMicroelectronics X-CUBE-AZRTOS-G0 1.1.0
2025-08-18 11:11:01,948 [INFO] ThirdParty:999 - CMSIS Pack Vendor :STMicroelectronics X-CUBE-SAFEA1 1.2.2
2025-08-18 11:11:01,948 [INFO] ThirdParty:999 - CMSIS Pack Vendor :STMicroelectronics X-CUBE-NFC4 3.0.0
2025-08-18 11:11:01,948 [INFO] ThirdParty:999 - CMSIS Pack Vendor :STMicroelectronics X-CUBE-SUBG2 5.0.0
2025-08-18 11:11:01,948 [INFO] ThirdParty:999 - CMSIS Pack Vendor :STMicroelectronics X-CUBE-AZRTOS-H7RS 1.1.0
2025-08-18 11:11:01,948 [INFO] ThirdParty:999 - CMSIS Pack Vendor :STMicroelectronics STM32_WPAN 1.0.0
2025-08-18 11:11:01,948 [INFO] ThirdParty:999 - CMSIS Pack Vendor :STMicroelectronics lwIP 2.0.3
2025-08-18 11:11:01,948 [INFO] ThirdParty:999 - CMSIS Pack Vendor :STMicroelectronics USB_HOST 1.0.0
2025-08-18 11:11:01,948 [INFO] ThirdParty:999 - CMSIS Pack Vendor :STMicroelectronics X-CUBE-AZRTOS-G4 2.0.0
2025-08-18 11:11:01,948 [INFO] ThirdParty:999 - CMSIS Pack Vendor :STMicroelectronics X-CUBE-WB05N 2.0.0
2025-08-18 11:11:01,948 [INFO] ThirdParty:999 - CMSIS Pack Vendor :STMicroelectronics PDM2PCM 3.1.0
2025-08-18 11:11:01,948 [INFO] ThirdParty:999 - CMSIS Pack Vendor :Infineon AIROC-Wi-Fi-Bluetooth-STM32 1.5.1
2025-08-18 11:11:01,948 [INFO] ThirdParty:999 - CMSIS Pack Vendor :STMicroelectronics X-CUBE-BLEMGR 3.0.0
2025-08-18 11:11:01,948 [INFO] ThirdParty:999 - CMSIS Pack Vendor :STMicroelectronics X-CUBE-NFC7 2.0.0
2025-08-18 11:11:01,948 [INFO] ThirdParty:999 - CMSIS Pack Vendor :STMicroelectronics FP-SNS-MOTENVWB1 1.3.1
2025-08-18 11:11:01,948 [INFO] ThirdParty:999 - CMSIS Pack Vendor :STMicroelectronics FP-ATR-SIGFOX1 3.2.0
2025-08-18 11:11:01,948 [INFO] ThirdParty:999 - CMSIS Pack Vendor :STMicroelectronics X-CUBE-ISPU 2.0.0
2025-08-18 11:11:01,948 [INFO] ThirdParty:999 - CMSIS Pack Vendor :STMicroelectronics X-CUBE-EEPRMA1 5.1.0
2025-08-18 11:11:01,948 [INFO] ThirdParty:999 - CMSIS Pack Vendor :STMicroelectronics MBEDTLS 2.16.2
2025-08-18 11:11:01,948 [INFO] ThirdParty:999 - CMSIS Pack Vendor :STMicroelectronics X-CUBE-ALS 1.0.2
2025-08-18 11:11:01,948 [INFO] ThirdParty:999 - CMSIS Pack Vendor :STMicroelectronics X-CUBE-MEMS1 10.0.0
2025-08-18 11:11:01,948 [INFO] ThirdParty:999 - CMSIS Pack Vendor :STMicroelectronics X-CUBE-FREERTOS 1.1.0
2025-08-18 11:11:01,948 [INFO] ThirdParty:999 - CMSIS Pack Vendor :STMicroelectronics X-CUBE-TOUCHGFX 4.24.0
2025-08-18 11:11:01,948 [INFO] ThirdParty:999 - CMSIS Pack Vendor :portGmbH I-Cube-SoM-uGOAL 1.1.0
2025-08-18 11:11:01,948 [INFO] ThirdParty:999 - CMSIS Pack Vendor :STMicroelectronics X-CUBE-ALS 1.0.1
2025-08-18 11:11:01,948 [INFO] ThirdParty:999 - CMSIS Pack Vendor :STMicroelectronics X-CUBE-AI 10.2.0
2025-08-18 11:11:01,948 [INFO] ThirdParty:999 - CMSIS Pack Vendor :STMicroelectronics ThreadX 1.0.0
2025-08-18 11:11:01,948 [INFO] ThirdParty:999 - CMSIS Pack Vendor :SEGGER I-CUBE-embOS 1.3.1
2025-08-18 11:11:01,948 [INFO] ThirdParty:999 - CMSIS Pack Vendor :STMicroelectronics X-CUBE-ALGOBUILD 1.4.0
2025-08-18 11:11:01,948 [INFO] ThirdParty:999 - CMSIS Pack Vendor :STMicroelectronics X-CUBE-MEMS1 11.3.0
2025-08-18 11:11:01,948 [INFO] ThirdParty:999 - CMSIS Pack Vendor :STMicroelectronics X-CUBE-AZRTOS-H7RS 1.0.0
2025-08-18 11:11:01,948 [INFO] ThirdParty:999 - CMSIS Pack Vendor :STMicroelectronics FP-ATR-ASTRA1 2.0.0
2025-08-18 11:11:01,948 [INFO] ThirdParty:999 - CMSIS Pack Vendor :STMicroelectronics X-CUBE-TOF1 3.4.0
2025-08-18 11:11:01,948 [INFO] ThirdParty:999 - CMSIS Pack Vendor :STMicroelectronics X-CUBE-TOF1 3.4.1
2025-08-18 11:11:01,949 [INFO] ThirdParty:999 - CMSIS Pack Vendor :STMicroelectronics X-CUBE-AZRTOS-H7 3.2.0
2025-08-18 11:11:01,949 [INFO] ThirdParty:999 - CMSIS Pack Vendor :wolfSSL I-CUBE-wolfSSH 1.4.17
2025-08-18 11:11:01,949 [INFO] ThirdParty:815 - exiting critical section [change project]
2025-08-18 11:11:02,199 [INFO] PinOutPanel:1477 - setPackage(No Configuration,No Configuration)
2025-08-18 11:11:02,199 [INFO] PinOutPanel:1477 - setPackage(STM32F446RETx,LQFP64)
2025-08-18 11:11:02,550 [INFO] UtilMem:74 - Before build in PCC Used Memory: 831306928 Bytes (1073741824)
2025-08-18 11:11:02,783 [INFO] UtilMem:74 - After build in PCC Used Memory: 879015088 Bytes (1073741824)
2025-08-18 11:11:02,814 [INFO] IPUIPlugin:79 - create IPUIPlugin
2025-08-18 11:11:02,814 [INFO] IPUIPlugin:79 - create IPUIPlugin
2025-08-18 11:11:02,814 [INFO] IPUIPlugin:79 - create IPUIPlugin
2025-08-18 11:11:02,814 [INFO] IPUIPlugin:79 - create IPUIPlugin
2025-08-18 11:11:02,814 [INFO] IPUIPlugin:79 - create IPUIPlugin
2025-08-18 11:11:02,814 [INFO] IPUIPlugin:79 - create IPUIPlugin
2025-08-18 11:11:02,815 [INFO] IPUIPlugin:79 - create IPUIPlugin
2025-08-18 11:11:02,815 [INFO] IPUIPlugin:79 - create IPUIPlugin
2025-08-18 11:11:02,815 [INFO] IPUIPlugin:79 - create IPUIPlugin
2025-08-18 11:11:02,815 [INFO] IPUIPlugin:79 - create IPUIPlugin
2025-08-18 11:11:02,815 [INFO] IPUIPlugin:79 - create IPUIPlugin
2025-08-18 11:11:02,816 [INFO] IPUIPlugin:79 - create IPUIPlugin
2025-08-18 11:11:02,816 [INFO] IPUIPlugin:79 - create IPUIPlugin
2025-08-18 11:11:02,816 [INFO] IPUIPlugin:79 - create IPUIPlugin
2025-08-18 11:11:02,817 [INFO] IPUIPlugin:79 - create IPUIPlugin
2025-08-18 11:11:02,817 [INFO] IPUIPlugin:79 - create IPUIPlugin
2025-08-18 11:11:02,817 [INFO] IPUIPlugin:79 - create IPUIPlugin
2025-08-18 11:11:02,817 [INFO] IPUIPlugin:79 - create IPUIPlugin
2025-08-18 11:11:02,818 [INFO] IPUIPlugin:79 - create IPUIPlugin
2025-08-18 11:11:02,818 [INFO] IPUIPlugin:79 - create IPUIPlugin
2025-08-18 11:11:02,818 [INFO] IPUIPlugin:79 - create IPUIPlugin
2025-08-18 11:11:02,818 [INFO] IPUIPlugin:79 - create IPUIPlugin
2025-08-18 11:11:02,819 [INFO] IPUIPlugin:79 - create IPUIPlugin
2025-08-18 11:11:02,819 [INFO] IPUIPlugin:79 - create IPUIPlugin
2025-08-18 11:11:02,819 [INFO] IPUIPlugin:79 - create IPUIPlugin
2025-08-18 11:11:02,819 [INFO] IPUIPlugin:79 - create IPUIPlugin
2025-08-18 11:11:02,820 [INFO] IPUIPlugin:79 - create IPUIPlugin
2025-08-18 11:11:02,820 [INFO] IPUIPlugin:79 - create IPUIPlugin
2025-08-18 11:11:02,820 [INFO] IPUIPlugin:79 - create IPUIPlugin
2025-08-18 11:11:02,821 [INFO] IPUIPlugin:79 - create IPUIPlugin
2025-08-18 11:11:02,821 [INFO] IPUIPlugin:79 - create IPUIPlugin
2025-08-18 11:11:02,821 [INFO] IPUIPlugin:79 - create IPUIPlugin
2025-08-18 11:11:02,822 [INFO] IPUIPlugin:79 - create IPUIPlugin
2025-08-18 11:11:02,822 [INFO] IPUIPlugin:79 - create IPUIPlugin
2025-08-18 11:11:02,823 [INFO] IPUIPlugin:79 - create IPUIPlugin
2025-08-18 11:11:02,823 [INFO] IPUIPlugin:79 - create IPUIPlugin
2025-08-18 11:11:02,823 [INFO] IPUIPlugin:79 - create IPUIPlugin
2025-08-18 11:11:02,823 [INFO] IPUIPlugin:79 - create IPUIPlugin
2025-08-18 11:11:02,823 [INFO] IPUIPlugin:79 - create IPUIPlugin
2025-08-18 11:11:02,823 [INFO] IPUIPlugin:79 - create IPUIPlugin
2025-08-18 11:11:02,824 [INFO] IPUIPlugin:79 - create IPUIPlugin
2025-08-18 11:11:02,824 [INFO] IPUIPlugin:79 - create IPUIPlugin
2025-08-18 11:11:02,824 [INFO] IPUIPlugin:79 - create IPUIPlugin
2025-08-18 11:11:02,824 [INFO] IPUIPlugin:79 - create IPUIPlugin
2025-08-18 11:11:02,824 [INFO] IPUIPlugin:79 - create IPUIPlugin
2025-08-18 11:11:02,824 [INFO] IPUIPlugin:79 - create IPUIPlugin
2025-08-18 11:11:02,825 [INFO] IPUIPlugin:79 - create IPUIPlugin
2025-08-18 11:11:02,825 [INFO] IPUIPlugin:79 - create IPUIPlugin
2025-08-18 11:11:02,825 [INFO] IPUIPlugin:79 - create IPUIPlugin
2025-08-18 11:11:02,825 [INFO] IPUIPlugin:79 - create IPUIPlugin
2025-08-18 11:11:02,826 [INFO] IPUIPlugin:79 - create IPUIPlugin
2025-08-18 11:11:02,826 [INFO] IPUIPlugin:79 - create IPUIPlugin
2025-08-18 11:11:02,826 [INFO] IPUIPlugin:79 - create IPUIPlugin
2025-08-18 11:11:02,827 [INFO] IPUIPlugin:79 - create IPUIPlugin
2025-08-18 11:11:02,827 [INFO] IPUIPlugin:79 - create IPUIPlugin
2025-08-18 11:11:02,828 [INFO] IPUIPlugin:79 - create IPUIPlugin
2025-08-18 11:11:02,828 [INFO] IPUIPlugin:79 - create IPUIPlugin
2025-08-18 11:11:02,829 [INFO] IPUIPlugin:79 - create IPUIPlugin
2025-08-18 11:11:02,830 [INFO] IPUIPlugin:79 - create IPUIPlugin
2025-08-18 11:11:02,830 [INFO] IPUIPlugin:79 - create IPUIPlugin
2025-08-18 11:11:02,833 [INFO] ApiDbMcu:505 - Load IP Config File for PDM2PCM
2025-08-18 11:11:02,890 [INFO] CADModel:164 - CPN selected for project levelSTM32F446RET6
2025-08-18 11:11:02,890 [INFO] CADModel:113 - Register for checkConnection events
2025-08-18 11:11:02,928 [INFO] OpenFileManager:327 - Restore cursor
2025-08-18 11:11:03,544 [INFO] UtilMem:74 - End SaveConfig() Used Memory: 891545840 Bytes (1073741824)
2025-08-18 11:11:03,584 [INFO] UtilMem:74 - End SaveConfig() Used Memory: 911353328 Bytes (1073741824)
2025-08-18 11:11:03,788 [INFO] BlockDiagram:2759 - set Specific Code input for plugin: SYS
2025-08-18 11:11:03,788 [INFO] BlockDiagram:2759 - set Specific Code input for plugin: RCC
2025-08-18 11:11:03,788 [INFO] BlockDiagram:2759 - set Specific Code input for plugin: NVIC
2025-08-18 11:11:03,788 [INFO] BlockDiagram:2759 - set Specific Code input for plugin: USART
2025-08-18 11:11:03,788 [INFO] BlockDiagram:2759 - set Specific Code input for plugin: GPIO
2025-08-18 11:11:03,788 [INFO] CodeGenerator:692 - code generatio: config db path: /opt/st/stm32cubeide_1.11.0/plugins/com.st.stm32cube.common.mx_6.7.0.202211181646//db/
2025-08-18 11:11:04,013 [INFO] CodeEngine:247 - oldGeneratedFile, /home/boobathi/new_stm32_workspace/KY-024-HW-508/MXTmpFiles/license.tmp_save
2025-08-18 11:11:04,086 [INFO] CodeEngine:271 - Generated code: /home/boobathi/new_stm32_workspace/KY-024-HW-508/MXTmpFiles/license.tmp
2025-08-18 11:11:04,101 [INFO] CodeEngine:247 - oldGeneratedFile, /home/boobathi/new_stm32_workspace/KY-024-HW-508/MXTmpFiles/gpio.tmp_save
2025-08-18 11:11:04,193 [INFO] CodeEngine:271 - Generated code: /home/boobathi/new_stm32_workspace/KY-024-HW-508/MXTmpFiles/gpio.tmp
2025-08-18 11:11:04,217 [INFO] CodeEngine:247 - oldGeneratedFile, /home/boobathi/new_stm32_workspace/KY-024-HW-508/Core/Src/stm32f4xx_it.c_save
2025-08-18 11:11:04,385 [INFO] CodeEngine:271 - Generated code: /home/boobathi/new_stm32_workspace/KY-024-HW-508/Core/Src/stm32f4xx_it.c
2025-08-18 11:11:04,386 [INFO] CodeEngine:247 - oldGeneratedFile, /home/boobathi/new_stm32_workspace/KY-024-HW-508/Core/Inc/stm32f4xx_it.h_save
2025-08-18 11:11:04,476 [INFO] CodeEngine:271 - Generated code: /home/boobathi/new_stm32_workspace/KY-024-HW-508/Core/Inc/stm32f4xx_it.h
2025-08-18 11:11:04,478 [INFO] CodeEngine:247 - oldGeneratedFile, /home/boobathi/new_stm32_workspace/KY-024-HW-508/Core/Src/stm32f4xx_hal_msp.c_save
2025-08-18 11:11:04,613 [INFO] CodeEngine:271 - Generated code: /home/boobathi/new_stm32_workspace/KY-024-HW-508/Core/Src/stm32f4xx_hal_msp.c
2025-08-18 11:11:04,614 [INFO] CodeEngine:247 - oldGeneratedFile, /home/boobathi/new_stm32_workspace/KY-024-HW-508/MXTmpFiles/system.tmp_save
2025-08-18 11:11:04,676 [INFO] CodeEngine:271 - Generated code: /home/boobathi/new_stm32_workspace/KY-024-HW-508/MXTmpFiles/system.tmp
2025-08-18 11:11:04,677 [INFO] CodeEngine:303 - oldGeneratedFile, /home/boobathi/new_stm32_workspace/KY-024-HW-508/Core/Inc/stm32f4xx_hal_conf.h_save
2025-08-18 11:11:04,748 [INFO] CodeEngine:327 - Generated code: /home/boobathi/new_stm32_workspace/KY-024-HW-508/Core/Inc/stm32f4xx_hal_conf.h
2025-08-18 11:11:04,770 [WARN] IPConfigManager:2928 - Warning: the RefConfig PLL2P_FOR_MCO is not available in your config.xml file
2025-08-18 11:11:04,777 [INFO] CodeEngine:247 - oldGeneratedFile, /home/boobathi/new_stm32_workspace/KY-024-HW-508/Core/Inc/main.h_save
2025-08-18 11:11:04,855 [INFO] CodeEngine:271 - Generated code: /home/boobathi/new_stm32_workspace/KY-024-HW-508/Core/Inc/main.h
2025-08-18 11:11:04,855 [INFO] CodeEngine:247 - oldGeneratedFile, /home/boobathi/new_stm32_workspace/KY-024-HW-508/Core/Src/main.c_save
2025-08-18 11:11:04,982 [INFO] CodeEngine:271 - Generated code: /home/boobathi/new_stm32_workspace/KY-024-HW-508/Core/Src/main.c
2025-08-18 11:11:05,527 [INFO] ProjectBuilder:2919 - Time for Copy HAL[1] : 20mS.
2025-08-18 11:11:05,528 [INFO] ProjectBuilder:4183 - Project Generator version: 3.18.0-B7
2025-08-18 11:11:05,862 [INFO] ConfigFileManager:1396 - The Die is : DIE421
2025-08-18 11:11:05,864 [INFO] ApiDbMcu:505 - Load IP Config File for FATFS
2025-08-18 11:11:05,867 [INFO] ApiDbMcu:505 - Load IP Config File for FREERTOS
2025-08-18 11:11:05,868 [INFO] ApiDbMcu:505 - Load IP Config File for LIBJPEG
2025-08-18 11:11:05,872 [INFO] ApiDbMcu:505 - Load IP Config File for MBEDTLS
2025-08-18 11:11:05,878 [INFO] ApiDbMcu:505 - Load IP Config File for USB_DEVICE
2025-08-18 11:11:05,881 [INFO] ApiDbMcu:505 - Load IP Config File for USB_HOST
2025-08-18 11:11:10,511 [INFO] ProjectBuilder:4351 - Time for Generating toolchain IDE Files: 4983mS.
2025-08-18 11:11:10,512 [INFO] ProjectBuilder:2790 - Time for Copy CMSIS : 1mS.
2025-08-18 11:11:10,512 [INFO] ProjectBuilder:2790 - Time for Copy CMSIS : 0mS.
2025-08-18 11:11:11,276 [INFO] McuFinderGlobals:65 - Set McuFinderConnectedMode to true
2025-08-18 11:11:11,278 [INFO] ApiDb:447 - Save user favorites file /home/boobathi/.stm32cubeide/favorites.mcus.txt: 0 item(s)
2025-08-18 11:11:11,278 [INFO] ApiDb:451 - User favorites MCUs=[]
2025-08-18 11:11:11,279 [INFO] ApiDb:447 - Save user favorites file /home/boobathi/.stm32cubeide/favorites.boards.txt: 1 item(s)
2025-08-18 11:11:11,279 [INFO] ApiDb:451 - User favorites Boards=[NUCLEO-F446RE]
2025-08-18 11:11:47,818 [INFO] ADCParametersView:113 -                Rank 1 : false
2025-08-18 11:11:47,844 [INFO] ADCParametersView:113 -                Rank 1 : false
2025-08-18 11:11:47,844 [INFO] ADCParametersView:113 -                Rank 1 : false
2025-08-18 11:11:47,844 [INFO] ADCParametersView:113 -                Rank 1 : false
2025-08-18 11:11:47,845 [INFO] ADCParametersView:113 -                Rank 1 : false
2025-08-18 11:11:47,845 [INFO] ADCParametersView:113 -                Rank 1 : false
2025-08-18 11:11:47,845 [INFO] ADCParametersView:113 -                Rank 1 : false
2025-08-18 11:11:47,846 [INFO] ADCParametersView:113 -                Rank 1 : false
2025-08-18 11:11:47,846 [INFO] ADCParametersView:113 -                Rank 1 : false
2025-08-18 11:11:47,846 [INFO] ADCParametersView:113 -                Rank 1 : false
2025-08-18 11:11:47,846 [INFO] ADCParametersView:113 -                Rank 1 : false
2025-08-18 11:11:47,846 [INFO] ADCParametersView:113 -                Rank 1 : false
2025-08-18 11:11:47,847 [INFO] ADCParametersView:113 -                Rank 1 : false
2025-08-18 11:11:47,847 [INFO] ADCParametersView:113 -                Rank 1 : false
2025-08-18 11:11:47,847 [INFO] ADCParametersView:113 -                Rank 1 : false
2025-08-18 11:11:47,874 [INFO] ADCParametersView:113 -                Rank 1 : false
2025-08-18 11:11:48,026 [INFO] NvicIntPanel:100 - NVIC parent = com.st.microxplorer.plugins.ip.nvic.MultiNvicIntPanel[,0,0,0x0,invalid,layout=javax.swing.BoxLayout,alignmentX=0.0,alignmentY=0.0,border=,flags=9,maximumSize=,minimumSize=,preferredSize=]
2025-08-18 11:11:48,164 [INFO] NvicIntPanel:100 - NVIC parent = com.st.microxplorer.plugins.ip.nvic.MultiNvicIntPanel[,0,0,0x0,invalid,layout=javax.swing.BoxLayout,alignmentX=0.0,alignmentY=0.0,border=,flags=9,maximumSize=,minimumSize=,preferredSize=]
2025-08-18 11:11:48,327 [INFO] NvicIntPanel:100 - NVIC parent = com.st.microxplorer.plugins.ip.nvic.MultiNvicIntPanel[,0,0,0x0,invalid,layout=javax.swing.BoxLayout,alignmentX=0.0,alignmentY=0.0,border=,flags=9,maximumSize=,minimumSize=,preferredSize=]
2025-08-18 11:11:48,503 [INFO] ADCParametersView:113 -                Rank 1 : false
2025-08-18 11:11:48,503 [INFO] ADCParametersView:113 -                Rank 1 : false
2025-08-18 11:11:48,504 [INFO] ADCParametersView:113 -                Rank 1 : false
2025-08-18 11:11:48,504 [INFO] ADCParametersView:113 -                Rank 1 : false
2025-08-18 11:11:48,504 [INFO] ADCParametersView:113 -                Rank 1 : false
2025-08-18 11:11:48,504 [INFO] ADCParametersView:113 -                Rank 1 : false
2025-08-18 11:11:48,504 [INFO] ADCParametersView:113 -                Rank 1 : false
2025-08-18 11:11:48,504 [INFO] ADCParametersView:113 -                Rank 1 : false
2025-08-18 11:11:48,505 [INFO] ADCParametersView:113 -                Rank 1 : false
2025-08-18 11:11:48,505 [INFO] ADCParametersView:113 -                Rank 1 : false
2025-08-18 11:11:48,505 [INFO] ADCParametersView:113 -                Rank 1 : false
2025-08-18 11:11:48,505 [INFO] ADCParametersView:113 -                Rank 1 : false
2025-08-18 11:11:48,505 [INFO] ADCParametersView:113 -                Rank 1 : false
2025-08-18 11:11:48,505 [INFO] ADCParametersView:113 -                Rank 1 : false
2025-08-18 11:11:48,543 [INFO] ADCParametersView:113 -                Rank 1 : false
2025-08-18 11:11:48,587 [INFO] ADCParametersView:113 -                Rank 1 : false
2025-08-18 11:11:48,588 [INFO] ADCParametersView:113 -                Rank 1 : false
2025-08-18 11:11:48,588 [INFO] ADCParametersView:113 -                Rank 1 : false
2025-08-18 11:11:48,588 [INFO] ADCParametersView:113 -                Rank 1 : false
2025-08-18 11:11:48,588 [INFO] ADCParametersView:113 -                Rank 1 : false
2025-08-18 11:11:48,588 [INFO] ADCParametersView:113 -                Rank 1 : false
2025-08-18 11:11:48,588 [INFO] ADCParametersView:113 -                Rank 1 : false
2025-08-18 11:11:48,588 [INFO] ADCParametersView:113 -                Rank 1 : false
2025-08-18 11:11:48,588 [INFO] ADCParametersView:113 -                Rank 1 : false
2025-08-18 11:11:48,589 [INFO] ADCParametersView:113 -                Rank 1 : false
2025-08-18 11:11:48,589 [INFO] ADCParametersView:113 -                Rank 1 : false
2025-08-18 11:11:48,589 [INFO] ADCParametersView:113 -                Rank 1 : false
2025-08-18 11:11:48,589 [INFO] ADCParametersView:113 -                Rank 1 : false
2025-08-18 11:11:48,589 [INFO] ADCParametersView:113 -                Rank 1 : false
2025-08-18 11:11:48,626 [INFO] ADCParametersView:113 -                Rank 1 : false
2025-08-18 11:12:35,311 [INFO] NvicIntPanel:100 - NVIC parent = com.st.microxplorer.plugins.ip.nvic.MultiNvicIntPanel[,0,0,450x179,layout=javax.swing.BoxLayout,alignmentX=0.0,alignmentY=0.0,border=,flags=9,maximumSize=,minimumSize=,preferredSize=]
2025-08-18 11:12:37,240 [INFO] ADCParametersView:113 -                Rank 1 : false
2025-08-18 11:12:37,240 [INFO] ADCParametersView:113 -                Rank 1 : false
2025-08-18 11:12:37,241 [INFO] ADCParametersView:113 -                Rank 1 : false
2025-08-18 11:12:37,241 [INFO] ADCParametersView:113 -                Rank 1 : false
2025-08-18 11:12:37,241 [INFO] ADCParametersView:113 -                Rank 1 : false
2025-08-18 11:12:37,241 [INFO] ADCParametersView:113 -                Rank 1 : false
2025-08-18 11:12:37,241 [INFO] ADCParametersView:113 -                Rank 1 : false
2025-08-18 11:12:37,241 [INFO] ADCParametersView:113 -                Rank 1 : false
2025-08-18 11:12:37,241 [INFO] ADCParametersView:113 -                Rank 1 : false
2025-08-18 11:12:37,242 [INFO] ADCParametersView:113 -                Rank 1 : false
2025-08-18 11:12:37,242 [INFO] ADCParametersView:113 -                Rank 1 : false
2025-08-18 11:12:37,242 [INFO] ADCParametersView:113 -                Rank 1 : false
2025-08-18 11:12:37,242 [INFO] ADCParametersView:113 -                Rank 1 : false
2025-08-18 11:12:37,242 [INFO] ADCParametersView:113 -                Rank 1 : false
2025-08-18 11:12:37,278 [INFO] ADCParametersView:113 -                Rank 1 : false
2025-08-18 11:12:40,509 [INFO] ADCParametersView:113 -                Rank 1 : false
2025-08-18 11:12:40,509 [INFO] ADCParametersView:113 -                Rank 1 : false
2025-08-18 11:12:40,510 [INFO] ADCParametersView:113 -                Rank 1 : false
2025-08-18 11:12:40,510 [INFO] ADCParametersView:113 -                Rank 1 : false
2025-08-18 11:12:40,510 [INFO] ADCParametersView:113 -                Rank 1 : false
2025-08-18 11:12:40,510 [INFO] ADCParametersView:113 -                Rank 1 : false
2025-08-18 11:12:40,511 [INFO] ADCParametersView:113 -                Rank 1 : false
2025-08-18 11:12:40,511 [INFO] ADCParametersView:113 -                Rank 1 : false
2025-08-18 11:12:40,511 [INFO] ADCParametersView:113 -                Rank 1 : false
2025-08-18 11:12:40,511 [INFO] ADCParametersView:113 -                Rank 1 : false
2025-08-18 11:12:40,512 [INFO] ADCParametersView:113 -                Rank 1 : false
2025-08-18 11:12:40,512 [INFO] ADCParametersView:113 -                Rank 1 : false
2025-08-18 11:12:40,512 [INFO] ADCParametersView:113 -                Rank 1 : false
2025-08-18 11:12:40,512 [INFO] ADCParametersView:113 -                Rank 1 : false
2025-08-18 11:12:40,567 [INFO] ADCParametersView:113 -                Rank 1 : false
2025-08-18 11:12:55,212 [INFO] ADCParametersView:113 -                Rank 1 : false
2025-08-18 11:12:55,217 [INFO] ADCParametersView:113 -                Rank 1 : false
2025-08-18 11:12:55,217 [INFO] ADCParametersView:113 -                Rank 1 : false
2025-08-18 11:12:55,217 [INFO] ADCParametersView:113 -                Rank 1 : false
2025-08-18 11:12:55,218 [INFO] ADCParametersView:113 -                Rank 1 : false
2025-08-18 11:12:55,218 [INFO] ADCParametersView:113 -                Rank 1 : false
2025-08-18 11:12:55,218 [INFO] ADCParametersView:113 -                Rank 1 : false
2025-08-18 11:12:55,218 [INFO] ADCParametersView:113 -                Rank 1 : false
2025-08-18 11:12:55,219 [INFO] ADCParametersView:113 -                Rank 1 : false
2025-08-18 11:12:55,219 [INFO] ADCParametersView:113 -                Rank 1 : false
2025-08-18 11:12:55,219 [INFO] ADCParametersView:113 -                Rank 1 : false
2025-08-18 11:12:55,219 [INFO] ADCParametersView:113 -                Rank 1 : false
2025-08-18 11:12:55,219 [INFO] ADCParametersView:113 -                Rank 1 : false
2025-08-18 11:12:55,220 [INFO] ADCParametersView:113 -                Rank 1 : false
2025-08-18 11:12:55,231 [INFO] ADCParametersView:113 -                Rank 1 : false
2025-08-18 11:12:55,251 [INFO] ADCParametersView:113 -                Rank 1 : false
2025-08-18 11:12:55,253 [INFO] ADCParametersView:113 -                Rank 1 : false
2025-08-18 11:12:55,253 [INFO] ADCParametersView:113 -                Rank 1 : false
2025-08-18 11:12:55,253 [INFO] ADCParametersView:113 -                Rank 1 : false
2025-08-18 11:12:55,254 [INFO] ADCParametersView:113 -                Rank 1 : false
2025-08-18 11:12:55,254 [INFO] ADCParametersView:113 -                Rank 1 : false
2025-08-18 11:12:55,254 [INFO] ADCParametersView:113 -                Rank 1 : false
2025-08-18 11:12:55,254 [INFO] ADCParametersView:113 -                Rank 1 : false
2025-08-18 11:12:55,254 [INFO] ADCParametersView:113 -                Rank 1 : false
2025-08-18 11:12:55,254 [INFO] ADCParametersView:113 -                Rank 1 : false
2025-08-18 11:12:55,254 [INFO] ADCParametersView:113 -                Rank 1 : false
2025-08-18 11:12:55,255 [INFO] ADCParametersView:113 -                Rank 1 : false
2025-08-18 11:12:55,255 [INFO] ADCParametersView:113 -                Rank 1 : false
2025-08-18 11:12:55,255 [INFO] ADCParametersView:113 -                Rank 1 : false
2025-08-18 11:12:55,266 [INFO] ADCParametersView:113 -                Rank 1 : false
2025-08-18 11:12:55,318 [INFO] ADCParametersView:113 -                Rank 1 : false
2025-08-18 11:12:55,319 [INFO] ADCParametersView:113 -                Rank 1 : false
2025-08-18 11:12:55,320 [INFO] ADCParametersView:113 -                Rank 1 : false
2025-08-18 11:12:55,320 [INFO] ADCParametersView:113 -                Rank 1 : false
2025-08-18 11:12:55,320 [INFO] ADCParametersView:113 -                Rank 1 : false
2025-08-18 11:12:55,320 [INFO] ADCParametersView:113 -                Rank 1 : false
2025-08-18 11:12:55,320 [INFO] ADCParametersView:113 -                Rank 1 : false
2025-08-18 11:12:55,320 [INFO] ADCParametersView:113 -                Rank 1 : false
2025-08-18 11:12:55,320 [INFO] ADCParametersView:113 -                Rank 1 : false
2025-08-18 11:12:55,321 [INFO] ADCParametersView:113 -                Rank 1 : false
2025-08-18 11:12:55,321 [INFO] ADCParametersView:113 -                Rank 1 : false
2025-08-18 11:12:55,321 [INFO] ADCParametersView:113 -                Rank 1 : false
2025-08-18 11:12:55,321 [INFO] ADCParametersView:113 -                Rank 1 : false
2025-08-18 11:12:55,321 [INFO] ADCParametersView:113 -                Rank 1 : false
2025-08-18 11:12:55,362 [INFO] ADCParametersView:113 -                Rank 1 : false
2025-08-18 11:13:11,719 [INFO] NvicIntPanel:100 - NVIC parent = com.st.microxplorer.plugins.ip.nvic.MultiNvicIntPanel[,0,0,0x0,invalid,layout=javax.swing.BoxLayout,alignmentX=0.0,alignmentY=0.0,border=,flags=9,maximumSize=,minimumSize=,preferredSize=]
2025-08-18 11:13:11,779 [INFO] ADCParametersView:113 -                Rank 1 : false
2025-08-18 11:13:11,781 [INFO] ADCParametersView:113 -                Rank 1 : false
2025-08-18 11:13:11,781 [INFO] ADCParametersView:113 -                Rank 1 : false
2025-08-18 11:13:11,781 [INFO] ADCParametersView:113 -                Rank 1 : false
2025-08-18 11:13:11,781 [INFO] ADCParametersView:113 -                Rank 1 : false
2025-08-18 11:13:11,781 [INFO] ADCParametersView:113 -                Rank 1 : false
2025-08-18 11:13:11,782 [INFO] ADCParametersView:113 -                Rank 1 : false
2025-08-18 11:13:11,782 [INFO] ADCParametersView:113 -                Rank 1 : false
2025-08-18 11:13:11,782 [INFO] ADCParametersView:113 -                Rank 1 : false
2025-08-18 11:13:11,782 [INFO] ADCParametersView:113 -                Rank 1 : false
2025-08-18 11:13:11,782 [INFO] ADCParametersView:113 -                Rank 1 : false
2025-08-18 11:13:11,782 [INFO] ADCParametersView:113 -                Rank 1 : false
2025-08-18 11:13:11,782 [INFO] ADCParametersView:113 -                Rank 1 : false
2025-08-18 11:13:11,782 [INFO] ADCParametersView:113 -                Rank 1 : false
2025-08-18 11:13:11,820 [INFO] ADCParametersView:113 -                Rank 1 : false
2025-08-18 11:13:32,183 [INFO] NvicIntPanel:100 - NVIC parent = com.st.microxplorer.plugins.ip.nvic.MultiNvicIntPanel[,0,0,0x0,invalid,layout=javax.swing.BoxLayout,alignmentX=0.0,alignmentY=0.0,border=,flags=9,maximumSize=,minimumSize=,preferredSize=]
2025-08-18 11:13:32,245 [INFO] ADCParametersView:113 -                Rank 1 : false
2025-08-18 11:13:32,248 [INFO] ADCParametersView:113 -                Rank 1 : false
2025-08-18 11:13:32,248 [INFO] ADCParametersView:113 -                Rank 1 : false
2025-08-18 11:13:32,248 [INFO] ADCParametersView:113 -                Rank 1 : false
2025-08-18 11:13:32,248 [INFO] ADCParametersView:113 -                Rank 1 : false
2025-08-18 11:13:32,248 [INFO] ADCParametersView:113 -                Rank 1 : false
2025-08-18 11:13:32,249 [INFO] ADCParametersView:113 -                Rank 1 : false
2025-08-18 11:13:32,249 [INFO] ADCParametersView:113 -                Rank 1 : false
2025-08-18 11:13:32,249 [INFO] ADCParametersView:113 -                Rank 1 : false
2025-08-18 11:13:32,249 [INFO] ADCParametersView:113 -                Rank 1 : false
2025-08-18 11:13:32,249 [INFO] ADCParametersView:113 -                Rank 1 : false
2025-08-18 11:13:32,249 [INFO] ADCParametersView:113 -                Rank 1 : false
2025-08-18 11:13:32,250 [INFO] ADCParametersView:113 -                Rank 1 : false
2025-08-18 11:13:32,250 [INFO] ADCParametersView:113 -                Rank 1 : false
2025-08-18 11:13:32,250 [INFO] ADCParametersView:113 -                Rank 1 : false
2025-08-18 11:13:32,290 [INFO] ADCParametersView:113 -                Rank 1 : false
2025-08-18 11:14:14,839 [INFO] ADCParametersView:113 -                Rank 1 : false
2025-08-18 11:14:14,841 [INFO] ADCParametersView:113 -                Rank 1 : false
2025-08-18 11:14:14,841 [INFO] ADCParametersView:113 -                Rank 1 : false
2025-08-18 11:14:14,841 [INFO] ADCParametersView:113 -                Rank 1 : false
2025-08-18 11:14:14,841 [INFO] ADCParametersView:113 -                Rank 1 : false
2025-08-18 11:14:14,841 [INFO] ADCParametersView:113 -                Rank 1 : false
2025-08-18 11:14:14,841 [INFO] ADCParametersView:113 -                Rank 1 : false
2025-08-18 11:14:14,842 [INFO] ADCParametersView:113 -                Rank 1 : false
2025-08-18 11:14:14,842 [INFO] ADCParametersView:113 -                Rank 1 : false
2025-08-18 11:14:14,842 [INFO] ADCParametersView:113 -                Rank 1 : false
2025-08-18 11:14:14,842 [INFO] ADCParametersView:113 -                Rank 1 : false
2025-08-18 11:14:14,842 [INFO] ADCParametersView:113 -                Rank 1 : false
2025-08-18 11:14:14,842 [INFO] ADCParametersView:113 -                Rank 1 : false
2025-08-18 11:14:14,842 [INFO] ADCParametersView:113 -                Rank 1 : false
2025-08-18 11:14:14,883 [INFO] ADCParametersView:113 -                Rank 1 : false
2025-08-18 11:14:14,933 [INFO] ADCParametersView:113 -                Rank 1 : false
2025-08-18 11:14:14,934 [INFO] ADCParametersView:113 -                Rank 1 : false
2025-08-18 11:14:14,934 [INFO] ADCParametersView:113 -                Rank 1 : false
2025-08-18 11:14:14,934 [INFO] ADCParametersView:113 -                Rank 1 : false
2025-08-18 11:14:14,934 [INFO] ADCParametersView:113 -                Rank 1 : false
2025-08-18 11:14:14,934 [INFO] ADCParametersView:113 -                Rank 1 : false
2025-08-18 11:14:14,934 [INFO] ADCParametersView:113 -                Rank 1 : false
2025-08-18 11:14:14,934 [INFO] ADCParametersView:113 -                Rank 1 : false
2025-08-18 11:14:14,934 [INFO] ADCParametersView:113 -                Rank 1 : false
2025-08-18 11:14:14,935 [INFO] ADCParametersView:113 -                Rank 1 : false
2025-08-18 11:14:14,935 [INFO] ADCParametersView:113 -                Rank 1 : false
2025-08-18 11:14:14,935 [INFO] ADCParametersView:113 -                Rank 1 : false
2025-08-18 11:14:14,935 [INFO] ADCParametersView:113 -                Rank 1 : false
2025-08-18 11:14:14,935 [INFO] ADCParametersView:113 -                Rank 1 : false
2025-08-18 11:14:14,990 [INFO] ADCParametersView:113 -                Rank 1 : false
2025-08-18 11:14:42,738 [INFO] NvicIntPanel:100 - NVIC parent = com.st.microxplorer.plugins.ip.nvic.MultiNvicIntPanel[,0,0,450x179,layout=javax.swing.BoxLayout,alignmentX=0.0,alignmentY=0.0,border=,flags=9,maximumSize=,minimumSize=,preferredSize=]
2025-08-18 11:14:44,673 [INFO] NvicIntPanel:100 - NVIC parent = com.st.microxplorer.plugins.ip.nvic.MultiNvicIntPanel[,0,0,0x0,invalid,layout=javax.swing.BoxLayout,alignmentX=0.0,alignmentY=0.0,border=,flags=9,maximumSize=,minimumSize=,preferredSize=]
2025-08-18 11:14:52,257 [INFO] Gpio:272 - dependency for GPIO [ADC1, RCC, SYS, USART2]
2025-08-18 11:15:19,591 [INFO] UtilMem:74 - End SaveConfig() Used Memory: 888741984 Bytes (1073741824)
2025-08-18 11:15:19,664 [INFO] UtilMem:74 - End SaveConfig() Used Memory: 909713504 Bytes (1073741824)
2025-08-18 11:15:20,111 [INFO] UtilMem:74 - End SaveConfig() Used Memory: 783328624 Bytes (1073741824)
2025-08-18 11:15:20,310 [INFO] BlockDiagram:2759 - set Specific Code input for plugin: SYS
2025-08-18 11:15:20,311 [INFO] BlockDiagram:2759 - set Specific Code input for plugin: ADC
2025-08-18 11:15:20,311 [INFO] BlockDiagram:2759 - set Specific Code input for plugin: RCC
2025-08-18 11:15:20,311 [INFO] BlockDiagram:2759 - set Specific Code input for plugin: NVIC
2025-08-18 11:15:20,311 [INFO] BlockDiagram:2759 - set Specific Code input for plugin: USART
2025-08-18 11:15:20,311 [INFO] BlockDiagram:2759 - set Specific Code input for plugin: GPIO
2025-08-18 11:15:20,311 [INFO] CodeGenerator:692 - code generatio: config db path: /opt/st/stm32cubeide_1.11.0/plugins/com.st.stm32cube.common.mx_6.7.0.202211181646//db/
2025-08-18 11:15:20,596 [INFO] CodeEngine:247 - oldGeneratedFile, /home/boobathi/new_stm32_workspace/KY-024-HW-508/MXTmpFiles/license.tmp_save
2025-08-18 11:15:20,706 [INFO] CodeEngine:271 - Generated code: /home/boobathi/new_stm32_workspace/KY-024-HW-508/MXTmpFiles/license.tmp
2025-08-18 11:15:20,715 [INFO] CodeEngine:247 - oldGeneratedFile, /home/boobathi/new_stm32_workspace/KY-024-HW-508/MXTmpFiles/gpio.tmp_save
2025-08-18 11:15:20,786 [INFO] CodeEngine:271 - Generated code: /home/boobathi/new_stm32_workspace/KY-024-HW-508/MXTmpFiles/gpio.tmp
2025-08-18 11:15:20,853 [INFO] CodeEngine:247 - oldGeneratedFile, /home/boobathi/new_stm32_workspace/KY-024-HW-508/Core/Src/stm32f4xx_it.c_save
2025-08-18 11:15:21,116 [INFO] CodeEngine:271 - Generated code: /home/boobathi/new_stm32_workspace/KY-024-HW-508/Core/Src/stm32f4xx_it.c
2025-08-18 11:15:21,117 [INFO] CodeEngine:247 - oldGeneratedFile, /home/boobathi/new_stm32_workspace/KY-024-HW-508/Core/Inc/stm32f4xx_it.h_save
2025-08-18 11:15:21,185 [INFO] CodeEngine:271 - Generated code: /home/boobathi/new_stm32_workspace/KY-024-HW-508/Core/Inc/stm32f4xx_it.h
2025-08-18 11:15:21,187 [INFO] CodeEngine:247 - oldGeneratedFile, /home/boobathi/new_stm32_workspace/KY-024-HW-508/Core/Src/stm32f4xx_hal_msp.c_save
2025-08-18 11:15:21,279 [INFO] CodeEngine:271 - Generated code: /home/boobathi/new_stm32_workspace/KY-024-HW-508/Core/Src/stm32f4xx_hal_msp.c
2025-08-18 11:15:21,280 [INFO] CodeEngine:247 - oldGeneratedFile, /home/boobathi/new_stm32_workspace/KY-024-HW-508/MXTmpFiles/system.tmp_save
2025-08-18 11:15:21,329 [INFO] CodeEngine:271 - Generated code: /home/boobathi/new_stm32_workspace/KY-024-HW-508/MXTmpFiles/system.tmp
2025-08-18 11:15:21,330 [INFO] CodeEngine:303 - oldGeneratedFile, /home/boobathi/new_stm32_workspace/KY-024-HW-508/Core/Inc/stm32f4xx_hal_conf.h_save
2025-08-18 11:15:21,399 [INFO] CodeEngine:327 - Generated code: /home/boobathi/new_stm32_workspace/KY-024-HW-508/Core/Inc/stm32f4xx_hal_conf.h
2025-08-18 11:15:21,415 [WARN] IPConfigManager:2928 - Warning: the RefConfig PLL2P_FOR_MCO is not available in your config.xml file
2025-08-18 11:15:21,419 [INFO] CodeEngine:247 - oldGeneratedFile, /home/boobathi/new_stm32_workspace/KY-024-HW-508/Core/Inc/main.h_save
2025-08-18 11:15:21,484 [INFO] CodeEngine:271 - Generated code: /home/boobathi/new_stm32_workspace/KY-024-HW-508/Core/Inc/main.h
2025-08-18 11:15:21,485 [INFO] CodeEngine:247 - oldGeneratedFile, /home/boobathi/new_stm32_workspace/KY-024-HW-508/Core/Src/main.c_save
2025-08-18 11:15:21,581 [INFO] CodeEngine:271 - Generated code: /home/boobathi/new_stm32_workspace/KY-024-HW-508/Core/Src/main.c
2025-08-18 11:15:22,073 [INFO] ProjectBuilder:2919 - Time for Copy HAL[1] : 32mS.
2025-08-18 11:15:22,075 [INFO] ProjectBuilder:4183 - Project Generator version: 3.18.0-B7
2025-08-18 11:15:22,534 [INFO] ConfigFileManager:1396 - The Die is : DIE421
2025-08-18 11:15:23,883 [INFO] ProjectBuilder:4351 - Time for Generating toolchain IDE Files: 1808mS.
2025-08-18 11:15:23,883 [INFO] ProjectBuilder:2790 - Time for Copy CMSIS : 0mS.
2025-08-18 11:15:23,884 [INFO] ProjectBuilder:2790 - Time for Copy CMSIS : 1mS.
2025-08-18 11:26:17,935 [INFO] Gpio:272 - dependency for GPIO [ADC1, RCC, SYS, USART2]
2025-08-18 11:26:17,975 [INFO] NvicIntPanel:100 - NVIC parent = com.st.microxplorer.plugins.ip.nvic.MultiNvicIntPanel[,0,0,0x0,invalid,layout=javax.swing.BoxLayout,alignmentX=0.0,alignmentY=0.0,border=,flags=9,maximumSize=,minimumSize=,preferredSize=]
2025-08-18 11:26:18,369 [INFO] Gpio:272 - dependency for GPIO [ADC1, RCC, SYS, USART2]
2025-08-18 11:26:18,427 [INFO] NvicIntPanel:100 - NVIC parent = com.st.microxplorer.plugins.ip.nvic.MultiNvicIntPanel[,0,0,0x0,invalid,layout=javax.swing.BoxLayout,alignmentX=0.0,alignmentY=0.0,border=,flags=9,maximumSize=,minimumSize=,preferredSize=]
2025-08-18 11:26:32,010 [INFO] UtilMem:74 - End SaveConfig() Used Memory: 924806680 Bytes (1073741824)
2025-08-18 11:26:32,080 [INFO] UtilMem:74 - End SaveConfig() Used Memory: 945778200 Bytes (1073741824)
2025-08-18 11:26:32,445 [INFO] UtilMem:74 - End SaveConfig() Used Memory: 808787096 Bytes (1073741824)
2025-08-18 11:26:32,693 [INFO] BlockDiagram:2759 - set Specific Code input for plugin: SYS
2025-08-18 11:26:32,693 [INFO] BlockDiagram:2759 - set Specific Code input for plugin: ADC
2025-08-18 11:26:32,693 [INFO] BlockDiagram:2759 - set Specific Code input for plugin: RCC
2025-08-18 11:26:32,693 [INFO] BlockDiagram:2759 - set Specific Code input for plugin: NVIC
2025-08-18 11:26:32,693 [INFO] BlockDiagram:2759 - set Specific Code input for plugin: USART
2025-08-18 11:26:32,693 [INFO] BlockDiagram:2759 - set Specific Code input for plugin: GPIO
2025-08-18 11:26:32,694 [INFO] CodeGenerator:692 - code generatio: config db path: /opt/st/stm32cubeide_1.11.0/plugins/com.st.stm32cube.common.mx_6.7.0.202211181646//db/
2025-08-18 11:26:32,965 [INFO] CodeEngine:247 - oldGeneratedFile, /home/boobathi/new_stm32_workspace/KY-024-HW-508/MXTmpFiles/license.tmp_save
2025-08-18 11:26:33,025 [INFO] CodeEngine:271 - Generated code: /home/boobathi/new_stm32_workspace/KY-024-HW-508/MXTmpFiles/license.tmp
2025-08-18 11:26:33,034 [INFO] CodeEngine:247 - oldGeneratedFile, /home/boobathi/new_stm32_workspace/KY-024-HW-508/MXTmpFiles/gpio.tmp_save
2025-08-18 11:26:33,093 [INFO] CodeEngine:271 - Generated code: /home/boobathi/new_stm32_workspace/KY-024-HW-508/MXTmpFiles/gpio.tmp
2025-08-18 11:26:33,206 [INFO] CodeEngine:247 - oldGeneratedFile, /home/boobathi/new_stm32_workspace/KY-024-HW-508/Core/Src/stm32f4xx_it.c_save
2025-08-18 11:26:33,357 [INFO] CodeEngine:271 - Generated code: /home/boobathi/new_stm32_workspace/KY-024-HW-508/Core/Src/stm32f4xx_it.c
2025-08-18 11:26:33,357 [INFO] CodeEngine:247 - oldGeneratedFile, /home/boobathi/new_stm32_workspace/KY-024-HW-508/Core/Inc/stm32f4xx_it.h_save
2025-08-18 11:26:33,407 [INFO] CodeEngine:271 - Generated code: /home/boobathi/new_stm32_workspace/KY-024-HW-508/Core/Inc/stm32f4xx_it.h
2025-08-18 11:26:33,409 [INFO] CodeEngine:247 - oldGeneratedFile, /home/boobathi/new_stm32_workspace/KY-024-HW-508/Core/Src/stm32f4xx_hal_msp.c_save
2025-08-18 11:26:33,498 [INFO] CodeEngine:271 - Generated code: /home/boobathi/new_stm32_workspace/KY-024-HW-508/Core/Src/stm32f4xx_hal_msp.c
2025-08-18 11:26:33,499 [INFO] CodeEngine:247 - oldGeneratedFile, /home/boobathi/new_stm32_workspace/KY-024-HW-508/MXTmpFiles/system.tmp_save
2025-08-18 11:26:33,545 [INFO] CodeEngine:271 - Generated code: /home/boobathi/new_stm32_workspace/KY-024-HW-508/MXTmpFiles/system.tmp
2025-08-18 11:26:33,546 [INFO] CodeEngine:303 - oldGeneratedFile, /home/boobathi/new_stm32_workspace/KY-024-HW-508/Core/Inc/stm32f4xx_hal_conf.h_save
2025-08-18 11:26:33,599 [INFO] CodeEngine:327 - Generated code: /home/boobathi/new_stm32_workspace/KY-024-HW-508/Core/Inc/stm32f4xx_hal_conf.h
2025-08-18 11:26:33,611 [WARN] IPConfigManager:2928 - Warning: the RefConfig PLL2P_FOR_MCO is not available in your config.xml file
2025-08-18 11:26:33,615 [INFO] CodeEngine:247 - oldGeneratedFile, /home/boobathi/new_stm32_workspace/KY-024-HW-508/Core/Inc/main.h_save
2025-08-18 11:26:33,690 [INFO] CodeEngine:271 - Generated code: /home/boobathi/new_stm32_workspace/KY-024-HW-508/Core/Inc/main.h
2025-08-18 11:26:33,691 [INFO] CodeEngine:247 - oldGeneratedFile, /home/boobathi/new_stm32_workspace/KY-024-HW-508/Core/Src/main.c_save
2025-08-18 11:26:33,773 [INFO] CodeEngine:271 - Generated code: /home/boobathi/new_stm32_workspace/KY-024-HW-508/Core/Src/main.c
2025-08-18 11:26:34,352 [INFO] ProjectBuilder:2919 - Time for Copy HAL[1] : 22mS.
2025-08-18 11:26:34,353 [INFO] ProjectBuilder:4183 - Project Generator version: 3.18.0-B7
2025-08-18 11:26:34,686 [INFO] ConfigFileManager:1396 - The Die is : DIE421
2025-08-18 11:26:36,200 [INFO] ProjectBuilder:4351 - Time for Generating toolchain IDE Files: 1847mS.
2025-08-18 11:26:36,201 [INFO] ProjectBuilder:2790 - Time for Copy CMSIS : 0mS.
2025-08-18 11:26:36,201 [INFO] ProjectBuilder:2790 - Time for Copy CMSIS : 0mS.
2025-08-18 11:29:24,757 [INFO] UtilMem:74 - End SaveConfig() Used Memory: 916803552 Bytes (1073741824)
2025-08-18 11:29:24,848 [INFO] UtilMem:74 - End SaveConfig() Used Memory: 937131240 Bytes (1073741824)
2025-08-18 11:29:25,177 [INFO] UtilMem:74 - End SaveConfig() Used Memory: 808609256 Bytes (1073741824)
2025-08-18 11:29:25,401 [INFO] BlockDiagram:2759 - set Specific Code input for plugin: SYS
2025-08-18 11:29:25,401 [INFO] BlockDiagram:2759 - set Specific Code input for plugin: ADC
2025-08-18 11:29:25,401 [INFO] BlockDiagram:2759 - set Specific Code input for plugin: RCC
2025-08-18 11:29:25,401 [INFO] BlockDiagram:2759 - set Specific Code input for plugin: NVIC
2025-08-18 11:29:25,401 [INFO] BlockDiagram:2759 - set Specific Code input for plugin: USART
2025-08-18 11:29:25,402 [INFO] BlockDiagram:2759 - set Specific Code input for plugin: GPIO
2025-08-18 11:29:25,402 [INFO] CodeGenerator:692 - code generatio: config db path: /opt/st/stm32cubeide_1.11.0/plugins/com.st.stm32cube.common.mx_6.7.0.202211181646//db/
2025-08-18 11:29:25,607 [INFO] CodeEngine:247 - oldGeneratedFile, /home/boobathi/new_stm32_workspace/KY-024-HW-508/MXTmpFiles/license.tmp_save
2025-08-18 11:29:25,673 [INFO] CodeEngine:271 - Generated code: /home/boobathi/new_stm32_workspace/KY-024-HW-508/MXTmpFiles/license.tmp
2025-08-18 11:29:25,685 [INFO] CodeEngine:247 - oldGeneratedFile, /home/boobathi/new_stm32_workspace/KY-024-HW-508/MXTmpFiles/gpio.tmp_save
2025-08-18 11:29:25,796 [INFO] CodeEngine:271 - Generated code: /home/boobathi/new_stm32_workspace/KY-024-HW-508/MXTmpFiles/gpio.tmp
2025-08-18 11:29:25,854 [INFO] CodeEngine:247 - oldGeneratedFile, /home/boobathi/new_stm32_workspace/KY-024-HW-508/Core/Src/stm32f4xx_it.c_save
2025-08-18 11:29:26,195 [INFO] CodeEngine:271 - Generated code: /home/boobathi/new_stm32_workspace/KY-024-HW-508/Core/Src/stm32f4xx_it.c
2025-08-18 11:29:26,196 [INFO] CodeEngine:247 - oldGeneratedFile, /home/boobathi/new_stm32_workspace/KY-024-HW-508/Core/Inc/stm32f4xx_it.h_save
2025-08-18 11:29:26,347 [INFO] CodeEngine:271 - Generated code: /home/boobathi/new_stm32_workspace/KY-024-HW-508/Core/Inc/stm32f4xx_it.h
2025-08-18 11:29:26,349 [INFO] CodeEngine:247 - oldGeneratedFile, /home/boobathi/new_stm32_workspace/KY-024-HW-508/Core/Src/stm32f4xx_hal_msp.c_save
2025-08-18 11:29:26,434 [INFO] CodeEngine:271 - Generated code: /home/boobathi/new_stm32_workspace/KY-024-HW-508/Core/Src/stm32f4xx_hal_msp.c
2025-08-18 11:29:26,435 [INFO] CodeEngine:247 - oldGeneratedFile, /home/boobathi/new_stm32_workspace/KY-024-HW-508/MXTmpFiles/system.tmp_save
2025-08-18 11:29:26,513 [INFO] CodeEngine:271 - Generated code: /home/boobathi/new_stm32_workspace/KY-024-HW-508/MXTmpFiles/system.tmp
2025-08-18 11:29:26,514 [INFO] CodeEngine:303 - oldGeneratedFile, /home/boobathi/new_stm32_workspace/KY-024-HW-508/Core/Inc/stm32f4xx_hal_conf.h_save
2025-08-18 11:29:26,577 [INFO] CodeEngine:327 - Generated code: /home/boobathi/new_stm32_workspace/KY-024-HW-508/Core/Inc/stm32f4xx_hal_conf.h
2025-08-18 11:29:26,588 [WARN] IPConfigManager:2928 - Warning: the RefConfig PLL2P_FOR_MCO is not available in your config.xml file
2025-08-18 11:29:26,592 [INFO] CodeEngine:247 - oldGeneratedFile, /home/boobathi/new_stm32_workspace/KY-024-HW-508/Core/Inc/main.h_save
2025-08-18 11:29:26,663 [INFO] CodeEngine:271 - Generated code: /home/boobathi/new_stm32_workspace/KY-024-HW-508/Core/Inc/main.h
2025-08-18 11:29:26,664 [INFO] CodeEngine:247 - oldGeneratedFile, /home/boobathi/new_stm32_workspace/KY-024-HW-508/Core/Src/main.c_save
2025-08-18 11:29:26,759 [INFO] CodeEngine:271 - Generated code: /home/boobathi/new_stm32_workspace/KY-024-HW-508/Core/Src/main.c
2025-08-18 11:29:27,304 [INFO] ProjectBuilder:2919 - Time for Copy HAL[1] : 23mS.
2025-08-18 11:29:27,305 [INFO] ProjectBuilder:4183 - Project Generator version: 3.18.0-B7
2025-08-18 11:29:27,653 [INFO] ConfigFileManager:1396 - The Die is : DIE421
2025-08-18 11:29:29,183 [INFO] ProjectBuilder:4351 - Time for Generating toolchain IDE Files: 1878mS.
2025-08-18 11:29:29,184 [INFO] ProjectBuilder:2790 - Time for Copy CMSIS : 0mS.
2025-08-18 11:29:29,185 [INFO] ProjectBuilder:2790 - Time for Copy CMSIS : 0mS.
2025-08-18 11:31:33,075 [INFO] Gpio:272 - dependency for GPIO [ADC1, RCC, SYS, USART2]
2025-08-18 11:31:33,101 [INFO] ADCParametersView:113 -                Rank 1 : false
2025-08-18 11:31:33,103 [INFO] ADCParametersView:113 -                Rank 1 : false
2025-08-18 11:31:33,103 [INFO] ADCParametersView:113 -                Rank 1 : false
2025-08-18 11:31:33,103 [INFO] ADCParametersView:113 -                Rank 1 : false
2025-08-18 11:31:33,103 [INFO] ADCParametersView:113 -                Rank 1 : false
2025-08-18 11:31:33,103 [INFO] ADCParametersView:113 -                Rank 1 : false
2025-08-18 11:31:33,104 [INFO] ADCParametersView:113 -                Rank 1 : false
2025-08-18 11:31:33,104 [INFO] ADCParametersView:113 -                Rank 1 : false
2025-08-18 11:31:33,104 [INFO] ADCParametersView:113 -                Rank 1 : false
2025-08-18 11:31:33,104 [INFO] ADCParametersView:113 -                Rank 1 : false
2025-08-18 11:31:33,104 [INFO] ADCParametersView:113 -                Rank 1 : false
2025-08-18 11:31:33,104 [INFO] ADCParametersView:113 -                Rank 1 : false
2025-08-18 11:31:33,104 [INFO] ADCParametersView:113 -                Rank 1 : false
2025-08-18 11:31:33,104 [INFO] ADCParametersView:113 -                Rank 1 : false
2025-08-18 11:31:33,151 [INFO] ADCParametersView:113 -                Rank 1 : false
2025-08-18 11:31:33,208 [INFO] ADCParametersView:113 -                Rank 1 : false
2025-08-18 11:31:33,209 [INFO] ADCParametersView:113 -                Rank 1 : false
2025-08-18 11:31:33,209 [INFO] ADCParametersView:113 -                Rank 1 : false
2025-08-18 11:31:33,209 [INFO] ADCParametersView:113 -                Rank 1 : false
2025-08-18 11:31:33,210 [INFO] ADCParametersView:113 -                Rank 1 : false
2025-08-18 11:31:33,210 [INFO] ADCParametersView:113 -                Rank 1 : false
2025-08-18 11:31:33,210 [INFO] ADCParametersView:113 -                Rank 1 : false
2025-08-18 11:31:33,210 [INFO] ADCParametersView:113 -                Rank 1 : false
2025-08-18 11:31:33,210 [INFO] ADCParametersView:113 -                Rank 1 : false
2025-08-18 11:31:33,210 [INFO] ADCParametersView:113 -                Rank 1 : false
2025-08-18 11:31:33,210 [INFO] ADCParametersView:113 -                Rank 1 : false
2025-08-18 11:31:33,210 [INFO] ADCParametersView:113 -                Rank 1 : false
2025-08-18 11:31:33,210 [INFO] ADCParametersView:113 -                Rank 1 : false
2025-08-18 11:31:33,210 [INFO] ADCParametersView:113 -                Rank 1 : false
2025-08-18 11:31:33,255 [INFO] ADCParametersView:113 -                Rank 1 : false
2025-08-18 11:31:33,274 [INFO] NvicIntPanel:100 - NVIC parent = com.st.microxplorer.plugins.ip.nvic.MultiNvicIntPanel[,0,0,0x0,invalid,layout=javax.swing.BoxLayout,alignmentX=0.0,alignmentY=0.0,border=,flags=9,maximumSize=,minimumSize=,preferredSize=]
2025-08-18 11:31:34,827 [INFO] ADCParametersView:113 -                Rank 1 : false
2025-08-18 11:31:34,829 [INFO] ADCParametersView:113 -                Rank 1 : false
2025-08-18 11:31:34,829 [INFO] ADCParametersView:113 -                Rank 1 : false
2025-08-18 11:31:34,830 [INFO] ADCParametersView:113 -                Rank 1 : false
2025-08-18 11:31:34,830 [INFO] ADCParametersView:113 -                Rank 1 : false
2025-08-18 11:31:34,830 [INFO] ADCParametersView:113 -                Rank 1 : false
2025-08-18 11:31:34,830 [INFO] ADCParametersView:113 -                Rank 1 : false
2025-08-18 11:31:34,830 [INFO] ADCParametersView:113 -                Rank 1 : false
2025-08-18 11:31:34,830 [INFO] ADCParametersView:113 -                Rank 1 : false
2025-08-18 11:31:34,830 [INFO] ADCParametersView:113 -                Rank 1 : false
2025-08-18 11:31:34,830 [INFO] ADCParametersView:113 -                Rank 1 : false
2025-08-18 11:31:34,830 [INFO] ADCParametersView:113 -                Rank 1 : false
2025-08-18 11:31:34,831 [INFO] ADCParametersView:113 -                Rank 1 : false
2025-08-18 11:31:34,831 [INFO] ADCParametersView:113 -                Rank 1 : false
2025-08-18 11:31:34,880 [INFO] ADCParametersView:113 -                Rank 1 : false
2025-08-18 11:31:54,519 [INFO] NvicIntPanel:100 - NVIC parent = com.st.microxplorer.plugins.ip.nvic.MultiNvicIntPanel[,0,0,0x0,invalid,layout=javax.swing.BoxLayout,alignmentX=0.0,alignmentY=0.0,border=,flags=9,maximumSize=,minimumSize=,preferredSize=]
2025-08-18 11:31:54,575 [INFO] ADCParametersView:113 -                Rank 1 : false
2025-08-18 11:31:54,576 [INFO] ADCParametersView:113 -                Rank 1 : false
2025-08-18 11:31:54,576 [INFO] ADCParametersView:113 -                Rank 1 : false
2025-08-18 11:31:54,577 [INFO] ADCParametersView:113 -                Rank 1 : false
2025-08-18 11:31:54,577 [INFO] ADCParametersView:113 -                Rank 1 : false
2025-08-18 11:31:54,577 [INFO] ADCParametersView:113 -                Rank 1 : false
2025-08-18 11:31:54,577 [INFO] ADCParametersView:113 -                Rank 1 : false
2025-08-18 11:31:54,577 [INFO] ADCParametersView:113 -                Rank 1 : false
2025-08-18 11:31:54,577 [INFO] ADCParametersView:113 -                Rank 1 : false
2025-08-18 11:31:54,577 [INFO] ADCParametersView:113 -                Rank 1 : false
2025-08-18 11:31:54,577 [INFO] ADCParametersView:113 -                Rank 1 : false
2025-08-18 11:31:54,577 [INFO] ADCParametersView:113 -                Rank 1 : false
2025-08-18 11:31:54,577 [INFO] ADCParametersView:113 -                Rank 1 : false
2025-08-18 11:31:54,577 [INFO] ADCParametersView:113 -                Rank 1 : false
2025-08-18 11:31:54,612 [INFO] ADCParametersView:113 -                Rank 1 : false
2025-08-18 11:31:58,750 [INFO] NvicIntPanel:100 - NVIC parent = com.st.microxplorer.plugins.ip.nvic.MultiNvicIntPanel[,0,0,0x0,invalid,layout=javax.swing.BoxLayout,alignmentX=0.0,alignmentY=0.0,border=,flags=9,maximumSize=,minimumSize=,preferredSize=]
2025-08-18 11:31:58,825 [INFO] ADCParametersView:113 -                Rank 1 : false
2025-08-18 11:31:58,826 [INFO] ADCParametersView:113 -                Rank 1 : false
2025-08-18 11:31:58,826 [INFO] ADCParametersView:113 -                Rank 1 : false
2025-08-18 11:31:58,827 [INFO] ADCParametersView:113 -                Rank 1 : false
2025-08-18 11:31:58,827 [INFO] ADCParametersView:113 -                Rank 1 : false
2025-08-18 11:31:58,827 [INFO] ADCParametersView:113 -                Rank 1 : false
2025-08-18 11:31:58,827 [INFO] ADCParametersView:113 -                Rank 1 : false
2025-08-18 11:31:58,827 [INFO] ADCParametersView:113 -                Rank 1 : false
2025-08-18 11:31:58,827 [INFO] ADCParametersView:113 -                Rank 1 : false
2025-08-18 11:31:58,827 [INFO] ADCParametersView:113 -                Rank 1 : false
2025-08-18 11:31:58,827 [INFO] ADCParametersView:113 -                Rank 1 : false
2025-08-18 11:31:58,827 [INFO] ADCParametersView:113 -                Rank 1 : false
2025-08-18 11:31:58,827 [INFO] ADCParametersView:113 -                Rank 1 : false
2025-08-18 11:31:58,827 [INFO] ADCParametersView:113 -                Rank 1 : false
2025-08-18 11:31:58,867 [INFO] ADCParametersView:113 -                Rank 1 : false
2025-08-18 11:32:02,211 [INFO] UtilMem:74 - End SaveConfig() Used Memory: 855596688 Bytes (1073741824)
2025-08-18 11:32:02,285 [INFO] UtilMem:74 - End SaveConfig() Used Memory: 876041872 Bytes (1073741824)
2025-08-18 11:32:02,592 [INFO] UtilMem:74 - End SaveConfig() Used Memory: 913703488 Bytes (1073741824)
2025-08-18 11:32:02,840 [INFO] BlockDiagram:2759 - set Specific Code input for plugin: SYS
2025-08-18 11:32:02,840 [INFO] BlockDiagram:2759 - set Specific Code input for plugin: ADC
2025-08-18 11:32:02,840 [INFO] BlockDiagram:2759 - set Specific Code input for plugin: RCC
2025-08-18 11:32:02,840 [INFO] BlockDiagram:2759 - set Specific Code input for plugin: NVIC
2025-08-18 11:32:02,840 [INFO] BlockDiagram:2759 - set Specific Code input for plugin: USART
2025-08-18 11:32:02,840 [INFO] BlockDiagram:2759 - set Specific Code input for plugin: GPIO
2025-08-18 11:32:02,841 [INFO] CodeGenerator:692 - code generatio: config db path: /opt/st/stm32cubeide_1.11.0/plugins/com.st.stm32cube.common.mx_6.7.0.202211181646//db/
2025-08-18 11:32:03,132 [INFO] CodeEngine:247 - oldGeneratedFile, /home/boobathi/new_stm32_workspace/KY-024-HW-508/MXTmpFiles/license.tmp_save
2025-08-18 11:32:03,198 [INFO] CodeEngine:271 - Generated code: /home/boobathi/new_stm32_workspace/KY-024-HW-508/MXTmpFiles/license.tmp
2025-08-18 11:32:03,208 [INFO] CodeEngine:247 - oldGeneratedFile, /home/boobathi/new_stm32_workspace/KY-024-HW-508/MXTmpFiles/gpio.tmp_save
2025-08-18 11:32:03,270 [INFO] CodeEngine:271 - Generated code: /home/boobathi/new_stm32_workspace/KY-024-HW-508/MXTmpFiles/gpio.tmp
2025-08-18 11:32:03,353 [INFO] CodeEngine:247 - oldGeneratedFile, /home/boobathi/new_stm32_workspace/KY-024-HW-508/Core/Src/stm32f4xx_it.c_save
2025-08-18 11:32:03,534 [INFO] CodeEngine:271 - Generated code: /home/boobathi/new_stm32_workspace/KY-024-HW-508/Core/Src/stm32f4xx_it.c
2025-08-18 11:32:03,534 [INFO] CodeEngine:247 - oldGeneratedFile, /home/boobathi/new_stm32_workspace/KY-024-HW-508/Core/Inc/stm32f4xx_it.h_save
2025-08-18 11:32:03,584 [INFO] CodeEngine:271 - Generated code: /home/boobathi/new_stm32_workspace/KY-024-HW-508/Core/Inc/stm32f4xx_it.h
2025-08-18 11:32:03,587 [INFO] CodeEngine:247 - oldGeneratedFile, /home/boobathi/new_stm32_workspace/KY-024-HW-508/Core/Src/stm32f4xx_hal_msp.c_save
2025-08-18 11:32:03,833 [INFO] CodeEngine:271 - Generated code: /home/boobathi/new_stm32_workspace/KY-024-HW-508/Core/Src/stm32f4xx_hal_msp.c
2025-08-18 11:32:03,834 [INFO] CodeEngine:247 - oldGeneratedFile, /home/boobathi/new_stm32_workspace/KY-024-HW-508/MXTmpFiles/system.tmp_save
2025-08-18 11:32:03,914 [INFO] CodeEngine:271 - Generated code: /home/boobathi/new_stm32_workspace/KY-024-HW-508/MXTmpFiles/system.tmp
2025-08-18 11:32:03,916 [INFO] CodeEngine:303 - oldGeneratedFile, /home/boobathi/new_stm32_workspace/KY-024-HW-508/Core/Inc/stm32f4xx_hal_conf.h_save
2025-08-18 11:32:03,976 [INFO] CodeEngine:327 - Generated code: /home/boobathi/new_stm32_workspace/KY-024-HW-508/Core/Inc/stm32f4xx_hal_conf.h
2025-08-18 11:32:03,990 [WARN] IPConfigManager:2928 - Warning: the RefConfig PLL2P_FOR_MCO is not available in your config.xml file
2025-08-18 11:32:03,999 [INFO] CodeEngine:247 - oldGeneratedFile, /home/boobathi/new_stm32_workspace/KY-024-HW-508/Core/Inc/main.h_save
2025-08-18 11:32:04,067 [INFO] CodeEngine:271 - Generated code: /home/boobathi/new_stm32_workspace/KY-024-HW-508/Core/Inc/main.h
2025-08-18 11:32:04,068 [INFO] CodeEngine:247 - oldGeneratedFile, /home/boobathi/new_stm32_workspace/KY-024-HW-508/Core/Src/main.c_save
2025-08-18 11:32:04,165 [INFO] CodeEngine:271 - Generated code: /home/boobathi/new_stm32_workspace/KY-024-HW-508/Core/Src/main.c
2025-08-18 11:32:04,797 [INFO] ProjectBuilder:2919 - Time for Copy HAL[1] : 29mS.
2025-08-18 11:32:04,799 [INFO] ProjectBuilder:4183 - Project Generator version: 3.18.0-B7
2025-08-18 11:32:05,357 [INFO] ConfigFileManager:1396 - The Die is : DIE421
2025-08-18 11:32:06,871 [INFO] ProjectBuilder:4351 - Time for Generating toolchain IDE Files: 2072mS.
2025-08-18 11:32:06,872 [INFO] ProjectBuilder:2790 - Time for Copy CMSIS : 0mS.
2025-08-18 11:32:06,872 [INFO] ProjectBuilder:2790 - Time for Copy CMSIS : 0mS.
2025-08-18 11:33:12,650 [INFO] Gpio:272 - dependency for GPIO [ADC1, RCC, SYS, USART2]
2025-08-18 11:33:50,208 [INFO] UtilMem:74 - End SaveConfig() Used Memory: 792725984 Bytes (1073741824)
2025-08-18 11:33:50,270 [INFO] UtilMem:74 - End SaveConfig() Used Memory: 812648928 Bytes (1073741824)
2025-08-18 11:33:50,590 [INFO] UtilMem:74 - End SaveConfig() Used Memory: 851968480 Bytes (1073741824)
2025-08-18 11:33:50,801 [INFO] BlockDiagram:2759 - set Specific Code input for plugin: SYS
2025-08-18 11:33:50,801 [INFO] BlockDiagram:2759 - set Specific Code input for plugin: ADC
2025-08-18 11:33:50,801 [INFO] BlockDiagram:2759 - set Specific Code input for plugin: RCC
2025-08-18 11:33:50,801 [INFO] BlockDiagram:2759 - set Specific Code input for plugin: NVIC
2025-08-18 11:33:50,801 [INFO] BlockDiagram:2759 - set Specific Code input for plugin: USART
2025-08-18 11:33:50,801 [INFO] BlockDiagram:2759 - set Specific Code input for plugin: GPIO
2025-08-18 11:33:50,801 [INFO] CodeGenerator:692 - code generatio: config db path: /opt/st/stm32cubeide_1.11.0/plugins/com.st.stm32cube.common.mx_6.7.0.202211181646//db/
2025-08-18 11:33:50,986 [INFO] CodeEngine:247 - oldGeneratedFile, /home/boobathi/new_stm32_workspace/KY-024-HW-508/MXTmpFiles/license.tmp_save
2025-08-18 11:33:51,085 [INFO] CodeEngine:271 - Generated code: /home/boobathi/new_stm32_workspace/KY-024-HW-508/MXTmpFiles/license.tmp
2025-08-18 11:33:51,099 [INFO] CodeEngine:247 - oldGeneratedFile, /home/boobathi/new_stm32_workspace/KY-024-HW-508/MXTmpFiles/gpio.tmp_save
2025-08-18 11:33:51,158 [INFO] CodeEngine:271 - Generated code: /home/boobathi/new_stm32_workspace/KY-024-HW-508/MXTmpFiles/gpio.tmp
2025-08-18 11:33:51,208 [INFO] CodeEngine:247 - oldGeneratedFile, /home/boobathi/new_stm32_workspace/KY-024-HW-508/Core/Src/stm32f4xx_it.c_save
2025-08-18 11:33:51,450 [INFO] CodeEngine:271 - Generated code: /home/boobathi/new_stm32_workspace/KY-024-HW-508/Core/Src/stm32f4xx_it.c
2025-08-18 11:33:51,451 [INFO] CodeEngine:247 - oldGeneratedFile, /home/boobathi/new_stm32_workspace/KY-024-HW-508/Core/Inc/stm32f4xx_it.h_save
2025-08-18 11:33:51,500 [INFO] CodeEngine:271 - Generated code: /home/boobathi/new_stm32_workspace/KY-024-HW-508/Core/Inc/stm32f4xx_it.h
2025-08-18 11:33:51,503 [INFO] CodeEngine:247 - oldGeneratedFile, /home/boobathi/new_stm32_workspace/KY-024-HW-508/Core/Src/stm32f4xx_hal_msp.c_save
2025-08-18 11:33:51,583 [INFO] CodeEngine:271 - Generated code: /home/boobathi/new_stm32_workspace/KY-024-HW-508/Core/Src/stm32f4xx_hal_msp.c
2025-08-18 11:33:51,584 [INFO] CodeEngine:247 - oldGeneratedFile, /home/boobathi/new_stm32_workspace/KY-024-HW-508/MXTmpFiles/system.tmp_save
2025-08-18 11:33:51,631 [INFO] CodeEngine:271 - Generated code: /home/boobathi/new_stm32_workspace/KY-024-HW-508/MXTmpFiles/system.tmp
2025-08-18 11:33:51,633 [INFO] CodeEngine:303 - oldGeneratedFile, /home/boobathi/new_stm32_workspace/KY-024-HW-508/Core/Inc/stm32f4xx_hal_conf.h_save
2025-08-18 11:33:51,694 [INFO] CodeEngine:327 - Generated code: /home/boobathi/new_stm32_workspace/KY-024-HW-508/Core/Inc/stm32f4xx_hal_conf.h
2025-08-18 11:33:51,714 [WARN] IPConfigManager:2928 - Warning: the RefConfig PLL2P_FOR_MCO is not available in your config.xml file
2025-08-18 11:33:51,718 [INFO] CodeEngine:247 - oldGeneratedFile, /home/boobathi/new_stm32_workspace/KY-024-HW-508/Core/Inc/main.h_save
2025-08-18 11:33:51,782 [INFO] CodeEngine:271 - Generated code: /home/boobathi/new_stm32_workspace/KY-024-HW-508/Core/Inc/main.h
2025-08-18 11:33:51,783 [INFO] CodeEngine:247 - oldGeneratedFile, /home/boobathi/new_stm32_workspace/KY-024-HW-508/Core/Src/main.c_save
2025-08-18 11:33:51,875 [INFO] CodeEngine:271 - Generated code: /home/boobathi/new_stm32_workspace/KY-024-HW-508/Core/Src/main.c
2025-08-18 11:33:52,400 [INFO] ProjectBuilder:2919 - Time for Copy HAL[1] : 21mS.
2025-08-18 11:33:52,401 [INFO] ProjectBuilder:4183 - Project Generator version: 3.18.0-B7
2025-08-18 11:33:52,733 [INFO] ConfigFileManager:1396 - The Die is : DIE421
2025-08-18 11:33:54,200 [INFO] ProjectBuilder:4351 - Time for Generating toolchain IDE Files: 1799mS.
2025-08-18 11:33:54,201 [INFO] ProjectBuilder:2790 - Time for Copy CMSIS : 1mS.
2025-08-18 11:33:54,201 [INFO] ProjectBuilder:2790 - Time for Copy CMSIS : 0mS.
2025-08-18 11:41:06,571 [INFO] LogOutputStream:76 - [STDOUT_REDIRECT] StartTraceHandler.execute(), success : Collect=true
2025-08-18 11:48:40,025 [INFO] UtilMem:74 - End SaveConfig() Used Memory: 848552392 Bytes (1073741824)
2025-08-18 11:48:40,101 [INFO] UtilMem:74 - End SaveConfig() Used Memory: 868475336 Bytes (1073741824)
2025-08-18 11:48:40,516 [INFO] UtilMem:74 - End SaveConfig() Used Memory: 795619816 Bytes (1073741824)
2025-08-18 11:48:40,760 [INFO] BlockDiagram:2759 - set Specific Code input for plugin: SYS
2025-08-18 11:48:40,760 [INFO] BlockDiagram:2759 - set Specific Code input for plugin: ADC
2025-08-18 11:48:40,760 [INFO] BlockDiagram:2759 - set Specific Code input for plugin: RCC
2025-08-18 11:48:40,761 [INFO] BlockDiagram:2759 - set Specific Code input for plugin: NVIC
2025-08-18 11:48:40,761 [INFO] BlockDiagram:2759 - set Specific Code input for plugin: USART
2025-08-18 11:48:40,761 [INFO] BlockDiagram:2759 - set Specific Code input for plugin: GPIO
2025-08-18 11:48:40,761 [INFO] CodeGenerator:692 - code generatio: config db path: /opt/st/stm32cubeide_1.11.0/plugins/com.st.stm32cube.common.mx_6.7.0.202211181646//db/
2025-08-18 11:48:40,978 [INFO] CodeEngine:247 - oldGeneratedFile, /home/boobathi/new_stm32_workspace/KY-024-HW-508/MXTmpFiles/license.tmp_save
2025-08-18 11:48:41,103 [INFO] CodeEngine:271 - Generated code: /home/boobathi/new_stm32_workspace/KY-024-HW-508/MXTmpFiles/license.tmp
2025-08-18 11:48:41,117 [INFO] CodeEngine:247 - oldGeneratedFile, /home/boobathi/new_stm32_workspace/KY-024-HW-508/MXTmpFiles/gpio.tmp_save
2025-08-18 11:48:41,179 [INFO] CodeEngine:271 - Generated code: /home/boobathi/new_stm32_workspace/KY-024-HW-508/MXTmpFiles/gpio.tmp
2025-08-18 11:48:41,280 [INFO] CodeEngine:247 - oldGeneratedFile, /home/boobathi/new_stm32_workspace/KY-024-HW-508/Core/Src/stm32f4xx_it.c_save
2025-08-18 11:48:41,518 [INFO] CodeEngine:271 - Generated code: /home/boobathi/new_stm32_workspace/KY-024-HW-508/Core/Src/stm32f4xx_it.c
2025-08-18 11:48:41,519 [INFO] CodeEngine:247 - oldGeneratedFile, /home/boobathi/new_stm32_workspace/KY-024-HW-508/Core/Inc/stm32f4xx_it.h_save
2025-08-18 11:48:41,566 [INFO] CodeEngine:271 - Generated code: /home/boobathi/new_stm32_workspace/KY-024-HW-508/Core/Inc/stm32f4xx_it.h
2025-08-18 11:48:41,568 [INFO] CodeEngine:247 - oldGeneratedFile, /home/boobathi/new_stm32_workspace/KY-024-HW-508/Core/Src/stm32f4xx_hal_msp.c_save
2025-08-18 11:48:41,653 [INFO] CodeEngine:271 - Generated code: /home/boobathi/new_stm32_workspace/KY-024-HW-508/Core/Src/stm32f4xx_hal_msp.c
2025-08-18 11:48:41,653 [INFO] CodeEngine:247 - oldGeneratedFile, /home/boobathi/new_stm32_workspace/KY-024-HW-508/MXTmpFiles/system.tmp_save
2025-08-18 11:48:41,703 [INFO] CodeEngine:271 - Generated code: /home/boobathi/new_stm32_workspace/KY-024-HW-508/MXTmpFiles/system.tmp
2025-08-18 11:48:41,704 [INFO] CodeEngine:303 - oldGeneratedFile, /home/boobathi/new_stm32_workspace/KY-024-HW-508/Core/Inc/stm32f4xx_hal_conf.h_save
2025-08-18 11:48:41,764 [INFO] CodeEngine:327 - Generated code: /home/boobathi/new_stm32_workspace/KY-024-HW-508/Core/Inc/stm32f4xx_hal_conf.h
2025-08-18 11:48:41,775 [WARN] IPConfigManager:2928 - Warning: the RefConfig PLL2P_FOR_MCO is not available in your config.xml file
2025-08-18 11:48:41,780 [INFO] CodeEngine:247 - oldGeneratedFile, /home/boobathi/new_stm32_workspace/KY-024-HW-508/Core/Inc/main.h_save
2025-08-18 11:48:41,848 [INFO] CodeEngine:271 - Generated code: /home/boobathi/new_stm32_workspace/KY-024-HW-508/Core/Inc/main.h
2025-08-18 11:48:41,849 [INFO] CodeEngine:247 - oldGeneratedFile, /home/boobathi/new_stm32_workspace/KY-024-HW-508/Core/Src/main.c_save
2025-08-18 11:48:41,955 [INFO] CodeEngine:271 - Generated code: /home/boobathi/new_stm32_workspace/KY-024-HW-508/Core/Src/main.c
2025-08-18 11:48:42,508 [INFO] ProjectBuilder:2919 - Time for Copy HAL[1] : 21mS.
2025-08-18 11:48:42,510 [INFO] ProjectBuilder:4183 - Project Generator version: 3.18.0-B7
2025-08-18 11:48:42,838 [INFO] ConfigFileManager:1396 - The Die is : DIE421
2025-08-18 11:48:44,402 [INFO] ProjectBuilder:4351 - Time for Generating toolchain IDE Files: 1892mS.
2025-08-18 11:48:44,402 [INFO] ProjectBuilder:2790 - Time for Copy CMSIS : 0mS.
2025-08-18 11:48:44,403 [INFO] ProjectBuilder:2790 - Time for Copy CMSIS : 0mS.
2025-08-18 11:54:24,721 [INFO] UtilMem:74 - End SaveConfig() Used Memory: 866294472 Bytes (1073741824)
2025-08-18 11:54:24,809 [INFO] UtilMem:74 - End SaveConfig() Used Memory: 885988856 Bytes (1073741824)
2025-08-18 11:54:25,176 [INFO] UtilMem:74 - End SaveConfig() Used Memory: 811221576 Bytes (1073741824)
2025-08-18 11:54:25,390 [INFO] BlockDiagram:2759 - set Specific Code input for plugin: SYS
2025-08-18 11:54:25,390 [INFO] BlockDiagram:2759 - set Specific Code input for plugin: ADC
2025-08-18 11:54:25,390 [INFO] BlockDiagram:2759 - set Specific Code input for plugin: RCC
2025-08-18 11:54:25,390 [INFO] BlockDiagram:2759 - set Specific Code input for plugin: NVIC
2025-08-18 11:54:25,390 [INFO] BlockDiagram:2759 - set Specific Code input for plugin: USART
2025-08-18 11:54:25,390 [INFO] BlockDiagram:2759 - set Specific Code input for plugin: GPIO
2025-08-18 11:54:25,391 [INFO] CodeGenerator:692 - code generatio: config db path: /opt/st/stm32cubeide_1.11.0/plugins/com.st.stm32cube.common.mx_6.7.0.202211181646//db/
2025-08-18 11:54:25,656 [INFO] CodeEngine:247 - oldGeneratedFile, /home/boobathi/new_stm32_workspace/KY-024-HW-508/MXTmpFiles/license.tmp_save
2025-08-18 11:54:25,767 [INFO] CodeEngine:271 - Generated code: /home/boobathi/new_stm32_workspace/KY-024-HW-508/MXTmpFiles/license.tmp
2025-08-18 11:54:25,775 [INFO] CodeEngine:247 - oldGeneratedFile, /home/boobathi/new_stm32_workspace/KY-024-HW-508/MXTmpFiles/gpio.tmp_save
2025-08-18 11:54:25,830 [INFO] CodeEngine:271 - Generated code: /home/boobathi/new_stm32_workspace/KY-024-HW-508/MXTmpFiles/gpio.tmp
2025-08-18 11:54:25,874 [INFO] CodeEngine:247 - oldGeneratedFile, /home/boobathi/new_stm32_workspace/KY-024-HW-508/Core/Src/stm32f4xx_it.c_save
2025-08-18 11:54:26,041 [INFO] CodeEngine:271 - Generated code: /home/boobathi/new_stm32_workspace/KY-024-HW-508/Core/Src/stm32f4xx_it.c
2025-08-18 11:54:26,042 [INFO] CodeEngine:247 - oldGeneratedFile, /home/boobathi/new_stm32_workspace/KY-024-HW-508/Core/Inc/stm32f4xx_it.h_save
2025-08-18 11:54:26,094 [INFO] CodeEngine:271 - Generated code: /home/boobathi/new_stm32_workspace/KY-024-HW-508/Core/Inc/stm32f4xx_it.h
2025-08-18 11:54:26,097 [INFO] CodeEngine:247 - oldGeneratedFile, /home/boobathi/new_stm32_workspace/KY-024-HW-508/Core/Src/stm32f4xx_hal_msp.c_save
2025-08-18 11:54:26,191 [INFO] CodeEngine:271 - Generated code: /home/boobathi/new_stm32_workspace/KY-024-HW-508/Core/Src/stm32f4xx_hal_msp.c
2025-08-18 11:54:26,192 [INFO] CodeEngine:247 - oldGeneratedFile, /home/boobathi/new_stm32_workspace/KY-024-HW-508/MXTmpFiles/system.tmp_save
2025-08-18 11:54:26,239 [INFO] CodeEngine:271 - Generated code: /home/boobathi/new_stm32_workspace/KY-024-HW-508/MXTmpFiles/system.tmp
2025-08-18 11:54:26,241 [INFO] CodeEngine:303 - oldGeneratedFile, /home/boobathi/new_stm32_workspace/KY-024-HW-508/Core/Inc/stm32f4xx_hal_conf.h_save
2025-08-18 11:54:26,303 [INFO] CodeEngine:327 - Generated code: /home/boobathi/new_stm32_workspace/KY-024-HW-508/Core/Inc/stm32f4xx_hal_conf.h
2025-08-18 11:54:26,314 [WARN] IPConfigManager:2928 - Warning: the RefConfig PLL2P_FOR_MCO is not available in your config.xml file
2025-08-18 11:54:26,318 [INFO] CodeEngine:247 - oldGeneratedFile, /home/boobathi/new_stm32_workspace/KY-024-HW-508/Core/Inc/main.h_save
2025-08-18 11:54:26,394 [INFO] CodeEngine:271 - Generated code: /home/boobathi/new_stm32_workspace/KY-024-HW-508/Core/Inc/main.h
2025-08-18 11:54:26,395 [INFO] CodeEngine:247 - oldGeneratedFile, /home/boobathi/new_stm32_workspace/KY-024-HW-508/Core/Src/main.c_save
2025-08-18 11:54:26,483 [INFO] CodeEngine:271 - Generated code: /home/boobathi/new_stm32_workspace/KY-024-HW-508/Core/Src/main.c
2025-08-18 11:54:27,117 [INFO] ProjectBuilder:2919 - Time for Copy HAL[1] : 21mS.
2025-08-18 11:54:27,119 [INFO] ProjectBuilder:4183 - Project Generator version: 3.18.0-B7
2025-08-18 11:54:27,509 [INFO] ConfigFileManager:1396 - The Die is : DIE421
2025-08-18 11:54:29,038 [INFO] ProjectBuilder:4351 - Time for Generating toolchain IDE Files: 1919mS.
2025-08-18 11:54:29,057 [INFO] ProjectBuilder:2790 - Time for Copy CMSIS : 0mS.
2025-08-18 11:54:29,057 [INFO] ProjectBuilder:2790 - Time for Copy CMSIS : 0mS.
2025-08-18 11:55:05,428 [INFO] UtilMem:74 - End SaveConfig() Used Memory: 878661408 Bytes (1073741824)
2025-08-18 11:55:05,522 [INFO] UtilMem:74 - End SaveConfig() Used Memory: 807966376 Bytes (1073741824)
2025-08-18 11:55:05,834 [INFO] UtilMem:74 - End SaveConfig() Used Memory: 846503608 Bytes (1073741824)
2025-08-18 11:55:06,089 [INFO] BlockDiagram:2759 - set Specific Code input for plugin: SYS
2025-08-18 11:55:06,090 [INFO] BlockDiagram:2759 - set Specific Code input for plugin: ADC
2025-08-18 11:55:06,090 [INFO] BlockDiagram:2759 - set Specific Code input for plugin: RCC
2025-08-18 11:55:06,090 [INFO] BlockDiagram:2759 - set Specific Code input for plugin: NVIC
2025-08-18 11:55:06,090 [INFO] BlockDiagram:2759 - set Specific Code input for plugin: USART
2025-08-18 11:55:06,090 [INFO] BlockDiagram:2759 - set Specific Code input for plugin: GPIO
2025-08-18 11:55:06,090 [INFO] CodeGenerator:692 - code generatio: config db path: /opt/st/stm32cubeide_1.11.0/plugins/com.st.stm32cube.common.mx_6.7.0.202211181646//db/
2025-08-18 11:55:06,368 [INFO] CodeEngine:247 - oldGeneratedFile, /home/boobathi/new_stm32_workspace/KY-024-HW-508/MXTmpFiles/license.tmp_save
2025-08-18 11:55:06,478 [INFO] CodeEngine:271 - Generated code: /home/boobathi/new_stm32_workspace/KY-024-HW-508/MXTmpFiles/license.tmp
2025-08-18 11:55:06,486 [INFO] CodeEngine:247 - oldGeneratedFile, /home/boobathi/new_stm32_workspace/KY-024-HW-508/MXTmpFiles/gpio.tmp_save
2025-08-18 11:55:06,544 [INFO] CodeEngine:271 - Generated code: /home/boobathi/new_stm32_workspace/KY-024-HW-508/MXTmpFiles/gpio.tmp
2025-08-18 11:55:06,639 [INFO] CodeEngine:247 - oldGeneratedFile, /home/boobathi/new_stm32_workspace/KY-024-HW-508/Core/Src/stm32f4xx_it.c_save
2025-08-18 11:55:06,813 [INFO] CodeEngine:271 - Generated code: /home/boobathi/new_stm32_workspace/KY-024-HW-508/Core/Src/stm32f4xx_it.c
2025-08-18 11:55:06,814 [INFO] CodeEngine:247 - oldGeneratedFile, /home/boobathi/new_stm32_workspace/KY-024-HW-508/Core/Inc/stm32f4xx_it.h_save
2025-08-18 11:55:06,884 [INFO] CodeEngine:271 - Generated code: /home/boobathi/new_stm32_workspace/KY-024-HW-508/Core/Inc/stm32f4xx_it.h
2025-08-18 11:55:06,887 [INFO] CodeEngine:247 - oldGeneratedFile, /home/boobathi/new_stm32_workspace/KY-024-HW-508/Core/Src/stm32f4xx_hal_msp.c_save
2025-08-18 11:55:06,971 [INFO] CodeEngine:271 - Generated code: /home/boobathi/new_stm32_workspace/KY-024-HW-508/Core/Src/stm32f4xx_hal_msp.c
2025-08-18 11:55:06,972 [INFO] CodeEngine:247 - oldGeneratedFile, /home/boobathi/new_stm32_workspace/KY-024-HW-508/MXTmpFiles/system.tmp_save
2025-08-18 11:55:07,024 [INFO] CodeEngine:271 - Generated code: /home/boobathi/new_stm32_workspace/KY-024-HW-508/MXTmpFiles/system.tmp
2025-08-18 11:55:07,026 [INFO] CodeEngine:303 - oldGeneratedFile, /home/boobathi/new_stm32_workspace/KY-024-HW-508/Core/Inc/stm32f4xx_hal_conf.h_save
2025-08-18 11:55:07,091 [INFO] CodeEngine:327 - Generated code: /home/boobathi/new_stm32_workspace/KY-024-HW-508/Core/Inc/stm32f4xx_hal_conf.h
2025-08-18 11:55:07,112 [WARN] IPConfigManager:2928 - Warning: the RefConfig PLL2P_FOR_MCO is not available in your config.xml file
2025-08-18 11:55:07,116 [INFO] CodeEngine:247 - oldGeneratedFile, /home/boobathi/new_stm32_workspace/KY-024-HW-508/Core/Inc/main.h_save
2025-08-18 11:55:07,185 [INFO] CodeEngine:271 - Generated code: /home/boobathi/new_stm32_workspace/KY-024-HW-508/Core/Inc/main.h
2025-08-18 11:55:07,186 [INFO] CodeEngine:247 - oldGeneratedFile, /home/boobathi/new_stm32_workspace/KY-024-HW-508/Core/Src/main.c_save
2025-08-18 11:55:07,294 [INFO] CodeEngine:271 - Generated code: /home/boobathi/new_stm32_workspace/KY-024-HW-508/Core/Src/main.c
2025-08-18 11:55:07,834 [INFO] ProjectBuilder:2919 - Time for Copy HAL[1] : 21mS.
2025-08-18 11:55:07,835 [INFO] ProjectBuilder:4183 - Project Generator version: 3.18.0-B7
2025-08-18 11:55:08,168 [INFO] ConfigFileManager:1396 - The Die is : DIE421
2025-08-18 11:55:09,646 [INFO] ProjectBuilder:4351 - Time for Generating toolchain IDE Files: 1811mS.
2025-08-18 11:55:09,646 [INFO] ProjectBuilder:2790 - Time for Copy CMSIS : 0mS.
2025-08-18 11:55:09,647 [INFO] ProjectBuilder:2790 - Time for Copy CMSIS : 0mS.
2025-08-18 12:29:49,726 [INFO] Gpio:272 - dependency for GPIO [ADC1, RCC, SYS, USART2]
2025-08-18 12:29:49,765 [INFO] NvicIntPanel:100 - NVIC parent = com.st.microxplorer.plugins.ip.nvic.MultiNvicIntPanel[,0,0,0x0,invalid,layout=javax.swing.BoxLayout,alignmentX=0.0,alignmentY=0.0,border=,flags=9,maximumSize=,minimumSize=,preferredSize=]
2025-08-18 12:29:50,095 [INFO] Gpio:272 - dependency for GPIO [ADC1, RCC, SYS, USART2]
2025-08-18 12:29:50,134 [INFO] NvicIntPanel:100 - NVIC parent = com.st.microxplorer.plugins.ip.nvic.MultiNvicIntPanel[,0,0,0x0,invalid,layout=javax.swing.BoxLayout,alignmentX=0.0,alignmentY=0.0,border=,flags=9,maximumSize=,minimumSize=,preferredSize=]
2025-08-18 12:30:25,060 [INFO] ADCParametersView:113 -                Rank 1 : false
2025-08-18 12:30:25,062 [INFO] ADCParametersView:113 -                Rank 1 : false
2025-08-18 12:30:25,062 [INFO] ADCParametersView:113 -                Rank 1 : false
2025-08-18 12:30:25,062 [INFO] ADCParametersView:113 -                Rank 1 : false
2025-08-18 12:30:25,062 [INFO] ADCParametersView:113 -                Rank 1 : false
2025-08-18 12:30:25,062 [INFO] ADCParametersView:113 -                Rank 1 : false
2025-08-18 12:30:25,062 [INFO] ADCParametersView:113 -                Rank 1 : false
2025-08-18 12:30:25,062 [INFO] ADCParametersView:113 -                Rank 1 : false
2025-08-18 12:30:25,062 [INFO] ADCParametersView:113 -                Rank 1 : false
2025-08-18 12:30:25,062 [INFO] ADCParametersView:113 -                Rank 1 : false
2025-08-18 12:30:25,062 [INFO] ADCParametersView:113 -                Rank 1 : false
2025-08-18 12:30:25,062 [INFO] ADCParametersView:113 -                Rank 1 : false
2025-08-18 12:30:25,062 [INFO] ADCParametersView:113 -                Rank 1 : false
2025-08-18 12:30:25,063 [INFO] ADCParametersView:113 -                Rank 1 : false
2025-08-18 12:30:25,102 [INFO] ADCParametersView:113 -                Rank 1 : false
2025-08-18 12:30:25,148 [INFO] ADCParametersView:113 -                Rank 1 : false
2025-08-18 12:30:25,149 [INFO] ADCParametersView:113 -                Rank 1 : false
2025-08-18 12:30:25,149 [INFO] ADCParametersView:113 -                Rank 1 : false
2025-08-18 12:30:25,149 [INFO] ADCParametersView:113 -                Rank 1 : false
2025-08-18 12:30:25,149 [INFO] ADCParametersView:113 -                Rank 1 : false
2025-08-18 12:30:25,149 [INFO] ADCParametersView:113 -                Rank 1 : false
2025-08-18 12:30:25,150 [INFO] ADCParametersView:113 -                Rank 1 : false
2025-08-18 12:30:25,150 [INFO] ADCParametersView:113 -                Rank 1 : false
2025-08-18 12:30:25,150 [INFO] ADCParametersView:113 -                Rank 1 : false
2025-08-18 12:30:25,150 [INFO] ADCParametersView:113 -                Rank 1 : false
2025-08-18 12:30:25,150 [INFO] ADCParametersView:113 -                Rank 1 : false
2025-08-18 12:30:25,150 [INFO] ADCParametersView:113 -                Rank 1 : false
2025-08-18 12:30:25,150 [INFO] ADCParametersView:113 -                Rank 1 : false
2025-08-18 12:30:25,150 [INFO] ADCParametersView:113 -                Rank 1 : false
2025-08-18 12:30:25,199 [INFO] ADCParametersView:113 -                Rank 1 : false
2025-08-18 12:30:45,905 [INFO] Gpio:272 - dependency for GPIO [ADC1, RCC, SYS, USART2]
2025-08-18 12:31:05,437 [INFO] NvicIntPanel:100 - NVIC parent = com.st.microxplorer.plugins.ip.nvic.MultiNvicIntPanel[,2,44,396x465,layout=javax.swing.BoxLayout,alignmentX=0.0,alignmentY=0.0,border=,flags=9,maximumSize=,minimumSize=,preferredSize=]
2025-08-18 12:31:53,187 [INFO] Gpio:272 - dependency for GPIO [ADC1, RCC, SYS, USART2]
2025-08-18 12:32:40,186 [INFO] UtilMem:74 - End SaveConfig() Used Memory: 855391352 Bytes (1073741824)
2025-08-18 12:32:40,269 [INFO] UtilMem:74 - End SaveConfig() Used Memory: 875840632 Bytes (1073741824)
2025-08-18 12:32:45,444 [INFO] UtilMem:74 - End SaveConfig() Used Memory: 884549240 Bytes (1073741824)
2025-08-18 12:32:45,718 [INFO] BlockDiagram:2759 - set Specific Code input for plugin: SYS
2025-08-18 12:32:45,718 [INFO] BlockDiagram:2759 - set Specific Code input for plugin: ADC
2025-08-18 12:32:45,718 [INFO] BlockDiagram:2759 - set Specific Code input for plugin: RCC
2025-08-18 12:32:45,718 [INFO] BlockDiagram:2759 - set Specific Code input for plugin: NVIC
2025-08-18 12:32:45,718 [INFO] BlockDiagram:2759 - set Specific Code input for plugin: USART
2025-08-18 12:32:45,719 [INFO] BlockDiagram:2759 - set Specific Code input for plugin: GPIO
2025-08-18 12:32:45,719 [INFO] CodeGenerator:692 - code generatio: config db path: /opt/st/stm32cubeide_1.11.0/plugins/com.st.stm32cube.common.mx_6.7.0.202211181646//db/
2025-08-18 12:32:45,932 [INFO] CodeEngine:247 - oldGeneratedFile, /home/boobathi/new_stm32_workspace/KY-024-HW-508/MXTmpFiles/license.tmp_save
2025-08-18 12:32:46,005 [INFO] CodeEngine:271 - Generated code: /home/boobathi/new_stm32_workspace/KY-024-HW-508/MXTmpFiles/license.tmp
2025-08-18 12:32:46,013 [INFO] CodeEngine:247 - oldGeneratedFile, /home/boobathi/new_stm32_workspace/KY-024-HW-508/MXTmpFiles/gpio.tmp_save
2025-08-18 12:32:46,096 [INFO] CodeEngine:271 - Generated code: /home/boobathi/new_stm32_workspace/KY-024-HW-508/MXTmpFiles/gpio.tmp
2025-08-18 12:32:46,136 [INFO] CodeEngine:247 - oldGeneratedFile, /home/boobathi/new_stm32_workspace/KY-024-HW-508/Core/Src/stm32f4xx_it.c_save
2025-08-18 12:32:46,341 [INFO] CodeEngine:271 - Generated code: /home/boobathi/new_stm32_workspace/KY-024-HW-508/Core/Src/stm32f4xx_it.c
2025-08-18 12:32:46,342 [INFO] CodeEngine:247 - oldGeneratedFile, /home/boobathi/new_stm32_workspace/KY-024-HW-508/Core/Inc/stm32f4xx_it.h_save
2025-08-18 12:32:46,396 [INFO] CodeEngine:271 - Generated code: /home/boobathi/new_stm32_workspace/KY-024-HW-508/Core/Inc/stm32f4xx_it.h
2025-08-18 12:32:46,398 [INFO] CodeEngine:247 - oldGeneratedFile, /home/boobathi/new_stm32_workspace/KY-024-HW-508/Core/Src/stm32f4xx_hal_msp.c_save
2025-08-18 12:32:46,491 [INFO] CodeEngine:271 - Generated code: /home/boobathi/new_stm32_workspace/KY-024-HW-508/Core/Src/stm32f4xx_hal_msp.c
2025-08-18 12:32:46,492 [INFO] CodeEngine:247 - oldGeneratedFile, /home/boobathi/new_stm32_workspace/KY-024-HW-508/MXTmpFiles/system.tmp_save
2025-08-18 12:32:46,546 [INFO] CodeEngine:271 - Generated code: /home/boobathi/new_stm32_workspace/KY-024-HW-508/MXTmpFiles/system.tmp
2025-08-18 12:32:46,547 [INFO] CodeEngine:303 - oldGeneratedFile, /home/boobathi/new_stm32_workspace/KY-024-HW-508/Core/Inc/stm32f4xx_hal_conf.h_save
2025-08-18 12:32:46,611 [INFO] CodeEngine:327 - Generated code: /home/boobathi/new_stm32_workspace/KY-024-HW-508/Core/Inc/stm32f4xx_hal_conf.h
2025-08-18 12:32:46,624 [WARN] IPConfigManager:2928 - Warning: the RefConfig PLL2P_FOR_MCO is not available in your config.xml file
2025-08-18 12:32:46,628 [INFO] CodeEngine:247 - oldGeneratedFile, /home/boobathi/new_stm32_workspace/KY-024-HW-508/Core/Inc/main.h_save
2025-08-18 12:32:46,709 [INFO] CodeEngine:271 - Generated code: /home/boobathi/new_stm32_workspace/KY-024-HW-508/Core/Inc/main.h
2025-08-18 12:32:46,710 [INFO] CodeEngine:247 - oldGeneratedFile, /home/boobathi/new_stm32_workspace/KY-024-HW-508/Core/Src/main.c_save
2025-08-18 12:32:46,861 [INFO] CodeEngine:271 - Generated code: /home/boobathi/new_stm32_workspace/KY-024-HW-508/Core/Src/main.c
2025-08-18 12:32:47,444 [INFO] ProjectBuilder:2919 - Time for Copy HAL[1] : 19mS.
2025-08-18 12:32:47,445 [INFO] ProjectBuilder:4183 - Project Generator version: 3.18.0-B7
2025-08-18 12:32:47,769 [INFO] ConfigFileManager:1396 - The Die is : DIE421
2025-08-18 12:32:49,249 [INFO] ProjectBuilder:4351 - Time for Generating toolchain IDE Files: 1804mS.
2025-08-18 12:32:49,250 [INFO] ProjectBuilder:2790 - Time for Copy CMSIS : 0mS.
2025-08-18 12:32:49,251 [INFO] ProjectBuilder:2790 - Time for Copy CMSIS : 0mS.
2025-08-18 12:48:14,484 [INFO] Gpio:272 - dependency for GPIO [ADC1, RCC, SYS, USART2]
2025-08-18 12:48:14,524 [INFO] NvicIntPanel:100 - NVIC parent = com.st.microxplorer.plugins.ip.nvic.MultiNvicIntPanel[,0,0,0x0,invalid,layout=javax.swing.BoxLayout,alignmentX=0.0,alignmentY=0.0,border=,flags=9,maximumSize=,minimumSize=,preferredSize=]
2025-08-18 12:48:14,828 [INFO] Gpio:272 - dependency for GPIO [ADC1, RCC, SYS, USART2]
2025-08-18 12:48:14,864 [INFO] NvicIntPanel:100 - NVIC parent = com.st.microxplorer.plugins.ip.nvic.MultiNvicIntPanel[,0,0,0x0,invalid,layout=javax.swing.BoxLayout,alignmentX=0.0,alignmentY=0.0,border=,flags=9,maximumSize=,minimumSize=,preferredSize=]
2025-08-18 12:48:29,063 [INFO] Gpio:272 - dependency for GPIO [RCC, SYS, USART2]
2025-08-18 12:48:29,101 [INFO] NvicIntPanel:100 - NVIC parent = com.st.microxplorer.plugins.ip.nvic.MultiNvicIntPanel[,0,0,0x0,invalid,layout=javax.swing.BoxLayout,alignmentX=0.0,alignmentY=0.0,border=,flags=9,maximumSize=,minimumSize=,preferredSize=]
2025-08-18 12:48:32,022 [INFO] ParamManager:821 - [Generic UI] PropertyChangeEvent: TAB_STATUS_CHANGED , "dont care", "never mind"
2025-08-18 12:48:32,050 [INFO] Gpio:272 - dependency for GPIO [ADC1, RCC, SYS, USART2]
2025-08-18 12:48:32,081 [INFO] NvicIntPanel:100 - NVIC parent = com.st.microxplorer.plugins.ip.nvic.MultiNvicIntPanel[,0,0,0x0,invalid,layout=javax.swing.BoxLayout,alignmentX=0.0,alignmentY=0.0,border=,flags=9,maximumSize=,minimumSize=,preferredSize=]
2025-08-18 12:48:32,214 [INFO] ParamManager:821 - [Generic UI] PropertyChangeEvent: TAB_STATUS_CHANGED , "dont care", "never mind"
2025-08-18 12:48:32,243 [INFO] Gpio:272 - dependency for GPIO [ADC1, RCC, SYS, USART2]
2025-08-18 12:48:32,329 [INFO] Gpio:272 - dependency for GPIO [ADC1, RCC, SYS, USART2]
2025-08-18 12:48:32,477 [INFO] Gpio:272 - dependency for GPIO [ADC1, RCC, SYS, USART2]
2025-08-18 12:48:32,512 [INFO] NvicIntPanel:100 - NVIC parent = com.st.microxplorer.plugins.ip.nvic.MultiNvicIntPanel[,0,0,0x0,invalid,layout=javax.swing.BoxLayout,alignmentX=0.0,alignmentY=0.0,border=,flags=9,maximumSize=,minimumSize=,preferredSize=]
2025-08-18 12:48:38,846 [INFO] Gpio:272 - dependency for GPIO [ADC1, RCC, SYS, USART2]
2025-08-18 12:48:38,888 [INFO] NvicIntPanel:100 - NVIC parent = com.st.microxplorer.plugins.ip.nvic.MultiNvicIntPanel[,0,0,0x0,invalid,layout=javax.swing.BoxLayout,alignmentX=0.0,alignmentY=0.0,border=,flags=9,maximumSize=,minimumSize=,preferredSize=]
2025-08-18 12:48:58,748 [INFO] Gpio:272 - dependency for GPIO [ADC1, RCC, SYS, USART2]
2025-08-18 12:49:22,851 [INFO] UtilMem:74 - End SaveConfig() Used Memory: 947670656 Bytes (1073741824)
2025-08-18 12:49:22,945 [INFO] UtilMem:74 - End SaveConfig() Used Memory: 796061120 Bytes (1073741824)
2025-08-18 12:49:23,306 [INFO] UtilMem:74 - End SaveConfig() Used Memory: 835186144 Bytes (1073741824)
2025-08-18 12:49:23,525 [INFO] BlockDiagram:2759 - set Specific Code input for plugin: SYS
2025-08-18 12:49:23,525 [INFO] BlockDiagram:2759 - set Specific Code input for plugin: ADC
2025-08-18 12:49:23,525 [INFO] BlockDiagram:2759 - set Specific Code input for plugin: RCC
2025-08-18 12:49:23,525 [INFO] BlockDiagram:2759 - set Specific Code input for plugin: NVIC
2025-08-18 12:49:23,525 [INFO] BlockDiagram:2759 - set Specific Code input for plugin: USART
2025-08-18 12:49:23,526 [INFO] BlockDiagram:2759 - set Specific Code input for plugin: GPIO
2025-08-18 12:49:23,526 [INFO] CodeGenerator:692 - code generatio: config db path: /opt/st/stm32cubeide_1.11.0/plugins/com.st.stm32cube.common.mx_6.7.0.202211181646//db/
2025-08-18 12:49:23,808 [INFO] CodeEngine:247 - oldGeneratedFile, /home/boobathi/new_stm32_workspace/KY-024-HW-508/MXTmpFiles/license.tmp_save
2025-08-18 12:49:23,871 [INFO] CodeEngine:271 - Generated code: /home/boobathi/new_stm32_workspace/KY-024-HW-508/MXTmpFiles/license.tmp
2025-08-18 12:49:23,879 [INFO] CodeEngine:247 - oldGeneratedFile, /home/boobathi/new_stm32_workspace/KY-024-HW-508/MXTmpFiles/gpio.tmp_save
2025-08-18 12:49:23,986 [INFO] CodeEngine:271 - Generated code: /home/boobathi/new_stm32_workspace/KY-024-HW-508/MXTmpFiles/gpio.tmp
2025-08-18 12:49:24,038 [INFO] CodeEngine:247 - oldGeneratedFile, /home/boobathi/new_stm32_workspace/KY-024-HW-508/Core/Src/stm32f4xx_it.c_save
2025-08-18 12:49:24,248 [INFO] CodeEngine:271 - Generated code: /home/boobathi/new_stm32_workspace/KY-024-HW-508/Core/Src/stm32f4xx_it.c
2025-08-18 12:49:24,249 [INFO] CodeEngine:247 - oldGeneratedFile, /home/boobathi/new_stm32_workspace/KY-024-HW-508/Core/Inc/stm32f4xx_it.h_save
2025-08-18 12:49:24,307 [INFO] CodeEngine:271 - Generated code: /home/boobathi/new_stm32_workspace/KY-024-HW-508/Core/Inc/stm32f4xx_it.h
2025-08-18 12:49:24,309 [INFO] CodeEngine:247 - oldGeneratedFile, /home/boobathi/new_stm32_workspace/KY-024-HW-508/Core/Src/stm32f4xx_hal_msp.c_save
2025-08-18 12:49:24,407 [INFO] CodeEngine:271 - Generated code: /home/boobathi/new_stm32_workspace/KY-024-HW-508/Core/Src/stm32f4xx_hal_msp.c
2025-08-18 12:49:24,408 [INFO] CodeEngine:247 - oldGeneratedFile, /home/boobathi/new_stm32_workspace/KY-024-HW-508/MXTmpFiles/system.tmp_save
2025-08-18 12:49:24,464 [INFO] CodeEngine:271 - Generated code: /home/boobathi/new_stm32_workspace/KY-024-HW-508/MXTmpFiles/system.tmp
2025-08-18 12:49:24,466 [INFO] CodeEngine:303 - oldGeneratedFile, /home/boobathi/new_stm32_workspace/KY-024-HW-508/Core/Inc/stm32f4xx_hal_conf.h_save
2025-08-18 12:49:24,534 [INFO] CodeEngine:327 - Generated code: /home/boobathi/new_stm32_workspace/KY-024-HW-508/Core/Inc/stm32f4xx_hal_conf.h
2025-08-18 12:49:24,553 [WARN] IPConfigManager:2928 - Warning: the RefConfig PLL2P_FOR_MCO is not available in your config.xml file
2025-08-18 12:49:24,557 [INFO] CodeEngine:247 - oldGeneratedFile, /home/boobathi/new_stm32_workspace/KY-024-HW-508/Core/Inc/main.h_save
2025-08-18 12:49:24,630 [INFO] CodeEngine:271 - Generated code: /home/boobathi/new_stm32_workspace/KY-024-HW-508/Core/Inc/main.h
2025-08-18 12:49:24,631 [INFO] CodeEngine:247 - oldGeneratedFile, /home/boobathi/new_stm32_workspace/KY-024-HW-508/Core/Src/main.c_save
2025-08-18 12:49:24,735 [INFO] CodeEngine:271 - Generated code: /home/boobathi/new_stm32_workspace/KY-024-HW-508/Core/Src/main.c
2025-08-18 12:49:25,311 [INFO] ProjectBuilder:2919 - Time for Copy HAL[1] : 22mS.
2025-08-18 12:49:25,313 [INFO] ProjectBuilder:4183 - Project Generator version: 3.18.0-B7
2025-08-18 12:49:25,786 [INFO] ConfigFileManager:1396 - The Die is : DIE421
2025-08-18 12:49:27,328 [INFO] ProjectBuilder:4351 - Time for Generating toolchain IDE Files: 2015mS.
2025-08-18 12:49:27,328 [INFO] ProjectBuilder:2790 - Time for Copy CMSIS : 0mS.
2025-08-18 12:49:27,329 [INFO] ProjectBuilder:2790 - Time for Copy CMSIS : 0mS.
2025-08-18 12:50:38,830 [INFO] Gpio:272 - dependency for GPIO [ADC1, RCC, SYS, USART2]
2025-08-18 12:50:40,197 [INFO] UtilMem:74 - End SaveConfig() Used Memory: 885612392 Bytes (1073741824)
2025-08-18 12:50:40,264 [INFO] UtilMem:74 - End SaveConfig() Used Memory: 906583912 Bytes (1073741824)
2025-08-18 12:50:40,636 [INFO] UtilMem:74 - End SaveConfig() Used Memory: 853300424 Bytes (1073741824)
2025-08-18 12:50:40,869 [INFO] BlockDiagram:2759 - set Specific Code input for plugin: SYS
2025-08-18 12:50:40,869 [INFO] BlockDiagram:2759 - set Specific Code input for plugin: ADC
2025-08-18 12:50:40,869 [INFO] BlockDiagram:2759 - set Specific Code input for plugin: RCC
2025-08-18 12:50:40,869 [INFO] BlockDiagram:2759 - set Specific Code input for plugin: NVIC
2025-08-18 12:50:40,869 [INFO] BlockDiagram:2759 - set Specific Code input for plugin: USART
2025-08-18 12:50:40,870 [INFO] BlockDiagram:2759 - set Specific Code input for plugin: GPIO
2025-08-18 12:50:40,870 [INFO] CodeGenerator:692 - code generatio: config db path: /opt/st/stm32cubeide_1.11.0/plugins/com.st.stm32cube.common.mx_6.7.0.202211181646//db/
2025-08-18 12:50:41,148 [INFO] CodeEngine:247 - oldGeneratedFile, /home/boobathi/new_stm32_workspace/KY-024-HW-508/MXTmpFiles/license.tmp_save
2025-08-18 12:50:41,209 [INFO] CodeEngine:271 - Generated code: /home/boobathi/new_stm32_workspace/KY-024-HW-508/MXTmpFiles/license.tmp
2025-08-18 12:50:41,216 [INFO] CodeEngine:247 - oldGeneratedFile, /home/boobathi/new_stm32_workspace/KY-024-HW-508/MXTmpFiles/gpio.tmp_save
2025-08-18 12:50:41,314 [INFO] CodeEngine:271 - Generated code: /home/boobathi/new_stm32_workspace/KY-024-HW-508/MXTmpFiles/gpio.tmp
2025-08-18 12:50:41,356 [INFO] CodeEngine:247 - oldGeneratedFile, /home/boobathi/new_stm32_workspace/KY-024-HW-508/Core/Src/stm32f4xx_it.c_save
2025-08-18 12:50:41,568 [INFO] CodeEngine:271 - Generated code: /home/boobathi/new_stm32_workspace/KY-024-HW-508/Core/Src/stm32f4xx_it.c
2025-08-18 12:50:41,569 [INFO] CodeEngine:247 - oldGeneratedFile, /home/boobathi/new_stm32_workspace/KY-024-HW-508/Core/Inc/stm32f4xx_it.h_save
2025-08-18 12:50:41,623 [INFO] CodeEngine:271 - Generated code: /home/boobathi/new_stm32_workspace/KY-024-HW-508/Core/Inc/stm32f4xx_it.h
2025-08-18 12:50:41,626 [INFO] CodeEngine:247 - oldGeneratedFile, /home/boobathi/new_stm32_workspace/KY-024-HW-508/Core/Src/stm32f4xx_hal_msp.c_save
2025-08-18 12:50:41,712 [INFO] CodeEngine:271 - Generated code: /home/boobathi/new_stm32_workspace/KY-024-HW-508/Core/Src/stm32f4xx_hal_msp.c
2025-08-18 12:50:41,712 [INFO] CodeEngine:247 - oldGeneratedFile, /home/boobathi/new_stm32_workspace/KY-024-HW-508/MXTmpFiles/system.tmp_save
2025-08-18 12:50:41,757 [INFO] CodeEngine:271 - Generated code: /home/boobathi/new_stm32_workspace/KY-024-HW-508/MXTmpFiles/system.tmp
2025-08-18 12:50:41,758 [INFO] CodeEngine:303 - oldGeneratedFile, /home/boobathi/new_stm32_workspace/KY-024-HW-508/Core/Inc/stm32f4xx_hal_conf.h_save
2025-08-18 12:50:41,809 [INFO] CodeEngine:327 - Generated code: /home/boobathi/new_stm32_workspace/KY-024-HW-508/Core/Inc/stm32f4xx_hal_conf.h
2025-08-18 12:50:41,827 [WARN] IPConfigManager:2928 - Warning: the RefConfig PLL2P_FOR_MCO is not available in your config.xml file
2025-08-18 12:50:41,831 [INFO] CodeEngine:247 - oldGeneratedFile, /home/boobathi/new_stm32_workspace/KY-024-HW-508/Core/Inc/main.h_save
2025-08-18 12:50:41,894 [INFO] CodeEngine:271 - Generated code: /home/boobathi/new_stm32_workspace/KY-024-HW-508/Core/Inc/main.h
2025-08-18 12:50:41,895 [INFO] CodeEngine:247 - oldGeneratedFile, /home/boobathi/new_stm32_workspace/KY-024-HW-508/Core/Src/main.c_save
2025-08-18 12:50:41,984 [INFO] CodeEngine:271 - Generated code: /home/boobathi/new_stm32_workspace/KY-024-HW-508/Core/Src/main.c
2025-08-18 12:50:42,610 [INFO] ProjectBuilder:2919 - Time for Copy HAL[1] : 22mS.
2025-08-18 12:50:42,611 [INFO] ProjectBuilder:4183 - Project Generator version: 3.18.0-B7
2025-08-18 12:50:42,985 [INFO] ConfigFileManager:1396 - The Die is : DIE421
2025-08-18 12:50:44,463 [INFO] ProjectBuilder:4351 - Time for Generating toolchain IDE Files: 1852mS.
2025-08-18 12:50:44,463 [INFO] ProjectBuilder:2790 - Time for Copy CMSIS : 0mS.
2025-08-18 12:50:44,464 [INFO] ProjectBuilder:2790 - Time for Copy CMSIS : 0mS.
2025-08-18 12:51:06,221 [INFO] ADCParametersView:113 -                Rank 1 : false
2025-08-18 12:51:06,222 [INFO] ADCParametersView:113 -                Rank 1 : false
2025-08-18 12:51:06,227 [INFO] ADCParametersView:113 -                Rank 1 : false
2025-08-18 12:51:06,227 [INFO] ADCParametersView:113 -                Rank 1 : false
2025-08-18 12:51:06,227 [INFO] ADCParametersView:113 -                Rank 1 : false
2025-08-18 12:51:06,227 [INFO] ADCParametersView:113 -                Rank 1 : false
2025-08-18 12:51:06,227 [INFO] ADCParametersView:113 -                Rank 1 : false
2025-08-18 12:51:06,227 [INFO] ADCParametersView:113 -                Rank 1 : false
2025-08-18 12:51:06,227 [INFO] ADCParametersView:113 -                Rank 1 : false
2025-08-18 12:51:06,227 [INFO] ADCParametersView:113 -                Rank 1 : false
2025-08-18 12:51:06,227 [INFO] ADCParametersView:113 -                Rank 1 : false
2025-08-18 12:51:06,228 [INFO] ADCParametersView:113 -                Rank 1 : false
2025-08-18 12:51:06,228 [INFO] ADCParametersView:113 -                Rank 1 : false
2025-08-18 12:51:06,228 [INFO] ADCParametersView:113 -                Rank 1 : false
2025-08-18 12:51:06,268 [INFO] ADCParametersView:113 -                Rank 1 : false
2025-08-18 12:51:06,323 [INFO] ADCParametersView:113 -                Rank 1 : false
2025-08-18 12:51:06,324 [INFO] ADCParametersView:113 -                Rank 1 : false
2025-08-18 12:51:06,324 [INFO] ADCParametersView:113 -                Rank 1 : false
2025-08-18 12:51:06,325 [INFO] ADCParametersView:113 -                Rank 1 : false
2025-08-18 12:51:06,325 [INFO] ADCParametersView:113 -                Rank 1 : false
2025-08-18 12:51:06,325 [INFO] ADCParametersView:113 -                Rank 1 : false
2025-08-18 12:51:06,325 [INFO] ADCParametersView:113 -                Rank 1 : false
2025-08-18 12:51:06,325 [INFO] ADCParametersView:113 -                Rank 1 : false
2025-08-18 12:51:06,325 [INFO] ADCParametersView:113 -                Rank 1 : false
2025-08-18 12:51:06,325 [INFO] ADCParametersView:113 -                Rank 1 : false
2025-08-18 12:51:06,325 [INFO] ADCParametersView:113 -                Rank 1 : false
2025-08-18 12:51:06,325 [INFO] ADCParametersView:113 -                Rank 1 : false
2025-08-18 12:51:06,325 [INFO] ADCParametersView:113 -                Rank 1 : false
2025-08-18 12:51:06,325 [INFO] ADCParametersView:113 -                Rank 1 : false
2025-08-18 12:51:06,363 [INFO] ADCParametersView:113 -                Rank 1 : false
2025-08-18 12:51:25,700 [INFO] ADCParametersView:113 -                Rank 1 : false
2025-08-18 12:51:25,701 [INFO] ADCParametersView:113 -                Rank 1 : false
2025-08-18 12:51:25,702 [INFO] ADCParametersView:113 -                Rank 1 : false
2025-08-18 12:51:25,702 [INFO] ADCParametersView:113 -                Rank 1 : false
2025-08-18 12:51:25,702 [INFO] ADCParametersView:113 -                Rank 1 : false
2025-08-18 12:51:25,702 [INFO] ADCParametersView:113 -                Rank 1 : false
2025-08-18 12:51:25,702 [INFO] ADCParametersView:113 -                Rank 1 : false
2025-08-18 12:51:25,702 [INFO] ADCParametersView:113 -                Rank 1 : false
2025-08-18 12:51:25,702 [INFO] ADCParametersView:113 -                Rank 1 : false
2025-08-18 12:51:25,702 [INFO] ADCParametersView:113 -                Rank 1 : false
2025-08-18 12:51:25,702 [INFO] ADCParametersView:113 -                Rank 1 : false
2025-08-18 12:51:25,702 [INFO] ADCParametersView:113 -                Rank 1 : false
2025-08-18 12:51:25,702 [INFO] ADCParametersView:113 -                Rank 1 : false
2025-08-18 12:51:25,702 [INFO] ADCParametersView:113 -                Rank 1 : false
2025-08-18 12:51:25,713 [INFO] ADCParametersView:113 -                Rank 1 : false
2025-08-18 12:51:25,729 [INFO] ADCParametersView:113 -                Rank 1 : false
2025-08-18 12:51:25,730 [INFO] ADCParametersView:113 -                Rank 1 : false
2025-08-18 12:51:25,730 [INFO] ADCParametersView:113 -                Rank 1 : false
2025-08-18 12:51:25,730 [INFO] ADCParametersView:113 -                Rank 1 : false
2025-08-18 12:51:25,730 [INFO] ADCParametersView:113 -                Rank 1 : false
2025-08-18 12:51:25,730 [INFO] ADCParametersView:113 -                Rank 1 : false
2025-08-18 12:51:25,730 [INFO] ADCParametersView:113 -                Rank 1 : false
2025-08-18 12:51:25,730 [INFO] ADCParametersView:113 -                Rank 1 : false
2025-08-18 12:51:25,730 [INFO] ADCParametersView:113 -                Rank 1 : false
2025-08-18 12:51:25,730 [INFO] ADCParametersView:113 -                Rank 1 : false
2025-08-18 12:51:25,731 [INFO] ADCParametersView:113 -                Rank 1 : false
2025-08-18 12:51:25,731 [INFO] ADCParametersView:113 -                Rank 1 : false
2025-08-18 12:51:25,731 [INFO] ADCParametersView:113 -                Rank 1 : false
2025-08-18 12:51:25,731 [INFO] ADCParametersView:113 -                Rank 1 : false
2025-08-18 12:51:25,741 [INFO] ADCParametersView:113 -                Rank 1 : false
2025-08-18 12:51:25,857 [INFO] NvicIntPanel:100 - NVIC parent = com.st.microxplorer.plugins.ip.nvic.MultiNvicIntPanel[,0,0,0x0,invalid,layout=javax.swing.BoxLayout,alignmentX=0.0,alignmentY=0.0,border=,flags=9,maximumSize=,minimumSize=,preferredSize=]
2025-08-18 12:51:26,035 [INFO] NvicIntPanel:100 - NVIC parent = com.st.microxplorer.plugins.ip.nvic.MultiNvicIntPanel[,0,0,0x0,invalid,layout=javax.swing.BoxLayout,alignmentX=0.0,alignmentY=0.0,border=,flags=9,maximumSize=,minimumSize=,preferredSize=]
2025-08-18 12:51:26,198 [INFO] NvicIntPanel:100 - NVIC parent = com.st.microxplorer.plugins.ip.nvic.MultiNvicIntPanel[,0,0,0x0,invalid,layout=javax.swing.BoxLayout,alignmentX=0.0,alignmentY=0.0,border=,flags=9,maximumSize=,minimumSize=,preferredSize=]
2025-08-18 12:51:26,354 [INFO] ADCParametersView:113 -                Rank 1 : false
2025-08-18 12:51:26,355 [INFO] ADCParametersView:113 -                Rank 1 : false
2025-08-18 12:51:26,355 [INFO] ADCParametersView:113 -                Rank 1 : false
2025-08-18 12:51:26,355 [INFO] ADCParametersView:113 -                Rank 1 : false
2025-08-18 12:51:26,355 [INFO] ADCParametersView:113 -                Rank 1 : false
2025-08-18 12:51:26,355 [INFO] ADCParametersView:113 -                Rank 1 : false
2025-08-18 12:51:26,355 [INFO] ADCParametersView:113 -                Rank 1 : false
2025-08-18 12:51:26,355 [INFO] ADCParametersView:113 -                Rank 1 : false
2025-08-18 12:51:26,355 [INFO] ADCParametersView:113 -                Rank 1 : false
2025-08-18 12:51:26,355 [INFO] ADCParametersView:113 -                Rank 1 : false
2025-08-18 12:51:26,355 [INFO] ADCParametersView:113 -                Rank 1 : false
2025-08-18 12:51:26,356 [INFO] ADCParametersView:113 -                Rank 1 : false
2025-08-18 12:51:26,356 [INFO] ADCParametersView:113 -                Rank 1 : false
2025-08-18 12:51:26,356 [INFO] ADCParametersView:113 -                Rank 1 : false
2025-08-18 12:51:26,398 [INFO] ADCParametersView:113 -                Rank 1 : false
2025-08-18 12:51:26,439 [INFO] ADCParametersView:113 -                Rank 1 : false
2025-08-18 12:51:26,440 [INFO] ADCParametersView:113 -                Rank 1 : false
2025-08-18 12:51:26,440 [INFO] ADCParametersView:113 -                Rank 1 : false
2025-08-18 12:51:26,440 [INFO] ADCParametersView:113 -                Rank 1 : false
2025-08-18 12:51:26,440 [INFO] ADCParametersView:113 -                Rank 1 : false
2025-08-18 12:51:26,440 [INFO] ADCParametersView:113 -                Rank 1 : false
2025-08-18 12:51:26,440 [INFO] ADCParametersView:113 -                Rank 1 : false
2025-08-18 12:51:26,440 [INFO] ADCParametersView:113 -                Rank 1 : false
2025-08-18 12:51:26,440 [INFO] ADCParametersView:113 -                Rank 1 : false
2025-08-18 12:51:26,440 [INFO] ADCParametersView:113 -                Rank 1 : false
2025-08-18 12:51:26,440 [INFO] ADCParametersView:113 -                Rank 1 : false
2025-08-18 12:51:26,440 [INFO] ADCParametersView:113 -                Rank 1 : false
2025-08-18 12:51:26,440 [INFO] ADCParametersView:113 -                Rank 1 : false
2025-08-18 12:51:26,440 [INFO] ADCParametersView:113 -                Rank 1 : false
2025-08-18 12:51:26,476 [INFO] ADCParametersView:113 -                Rank 1 : false
2025-08-18 12:51:35,643 [INFO] ADCParametersView:113 -                Rank 1 : false
2025-08-18 12:51:35,644 [INFO] ADCParametersView:113 -                Rank 1 : false
2025-08-18 12:51:35,649 [INFO] ADCParametersView:113 -                Rank 1 : false
2025-08-18 12:51:35,649 [INFO] ADCParametersView:113 -                Rank 1 : false
2025-08-18 12:51:35,649 [INFO] ADCParametersView:113 -                Rank 1 : false
2025-08-18 12:51:35,649 [INFO] ADCParametersView:113 -                Rank 1 : false
2025-08-18 12:51:35,649 [INFO] ADCParametersView:113 -                Rank 1 : false
2025-08-18 12:51:35,650 [INFO] ADCParametersView:113 -                Rank 1 : false
2025-08-18 12:51:35,650 [INFO] ADCParametersView:113 -                Rank 1 : false
2025-08-18 12:51:35,650 [INFO] ADCParametersView:113 -                Rank 1 : false
2025-08-18 12:51:35,650 [INFO] ADCParametersView:113 -                Rank 1 : false
2025-08-18 12:51:35,650 [INFO] ADCParametersView:113 -                Rank 1 : false
2025-08-18 12:51:35,650 [INFO] ADCParametersView:113 -                Rank 1 : false
2025-08-18 12:51:35,650 [INFO] ADCParametersView:113 -                Rank 1 : false
2025-08-18 12:51:35,689 [INFO] ADCParametersView:113 -                Rank 1 : false
2025-08-18 12:51:35,732 [INFO] ADCParametersView:113 -                Rank 1 : false
2025-08-18 12:51:35,733 [INFO] ADCParametersView:113 -                Rank 1 : false
2025-08-18 12:51:35,733 [INFO] ADCParametersView:113 -                Rank 1 : false
2025-08-18 12:51:35,733 [INFO] ADCParametersView:113 -                Rank 1 : false
2025-08-18 12:51:35,733 [INFO] ADCParametersView:113 -                Rank 1 : false
2025-08-18 12:51:35,734 [INFO] ADCParametersView:113 -                Rank 1 : false
2025-08-18 12:51:35,734 [INFO] ADCParametersView:113 -                Rank 1 : false
2025-08-18 12:51:35,734 [INFO] ADCParametersView:113 -                Rank 1 : false
2025-08-18 12:51:35,734 [INFO] ADCParametersView:113 -                Rank 1 : false
2025-08-18 12:51:35,734 [INFO] ADCParametersView:113 -                Rank 1 : false
2025-08-18 12:51:35,734 [INFO] ADCParametersView:113 -                Rank 1 : false
2025-08-18 12:51:35,734 [INFO] ADCParametersView:113 -                Rank 1 : false
2025-08-18 12:51:35,734 [INFO] ADCParametersView:113 -                Rank 1 : false
2025-08-18 12:51:35,734 [INFO] ADCParametersView:113 -                Rank 1 : false
2025-08-18 12:51:35,780 [INFO] ADCParametersView:113 -                Rank 1 : false
2025-08-18 12:51:42,131 [INFO] Gpio:272 - dependency for GPIO [ADC1, RCC, SYS, USART2]
2025-08-18 12:51:51,540 [INFO] UtilMem:74 - End SaveConfig() Used Memory: 814321072 Bytes (1073741824)
2025-08-18 12:51:51,650 [INFO] UtilMem:74 - End SaveConfig() Used Memory: 835818928 Bytes (1073741824)
2025-08-18 12:51:51,948 [INFO] UtilMem:74 - End SaveConfig() Used Memory: 878810520 Bytes (1073741824)
2025-08-18 12:51:52,171 [INFO] BlockDiagram:2759 - set Specific Code input for plugin: SYS
2025-08-18 12:51:52,171 [INFO] BlockDiagram:2759 - set Specific Code input for plugin: ADC
2025-08-18 12:51:52,171 [INFO] BlockDiagram:2759 - set Specific Code input for plugin: RCC
2025-08-18 12:51:52,171 [INFO] BlockDiagram:2759 - set Specific Code input for plugin: NVIC
2025-08-18 12:51:52,171 [INFO] BlockDiagram:2759 - set Specific Code input for plugin: USART
2025-08-18 12:51:52,171 [INFO] BlockDiagram:2759 - set Specific Code input for plugin: GPIO
2025-08-18 12:51:52,171 [INFO] CodeGenerator:692 - code generatio: config db path: /opt/st/stm32cubeide_1.11.0/plugins/com.st.stm32cube.common.mx_6.7.0.202211181646//db/
2025-08-18 12:51:52,347 [INFO] CodeEngine:247 - oldGeneratedFile, /home/boobathi/new_stm32_workspace/KY-024-HW-508/MXTmpFiles/license.tmp_save
2025-08-18 12:51:52,414 [INFO] CodeEngine:271 - Generated code: /home/boobathi/new_stm32_workspace/KY-024-HW-508/MXTmpFiles/license.tmp
2025-08-18 12:51:52,456 [INFO] CodeEngine:247 - oldGeneratedFile, /home/boobathi/new_stm32_workspace/KY-024-HW-508/MXTmpFiles/gpio.tmp_save
2025-08-18 12:51:52,523 [INFO] CodeEngine:271 - Generated code: /home/boobathi/new_stm32_workspace/KY-024-HW-508/MXTmpFiles/gpio.tmp
2025-08-18 12:51:52,569 [INFO] CodeEngine:247 - oldGeneratedFile, /home/boobathi/new_stm32_workspace/KY-024-HW-508/Core/Src/stm32f4xx_it.c_save
2025-08-18 12:51:52,820 [INFO] CodeEngine:271 - Generated code: /home/boobathi/new_stm32_workspace/KY-024-HW-508/Core/Src/stm32f4xx_it.c
2025-08-18 12:51:52,821 [INFO] CodeEngine:247 - oldGeneratedFile, /home/boobathi/new_stm32_workspace/KY-024-HW-508/Core/Inc/stm32f4xx_it.h_save
2025-08-18 12:51:52,869 [INFO] CodeEngine:271 - Generated code: /home/boobathi/new_stm32_workspace/KY-024-HW-508/Core/Inc/stm32f4xx_it.h
2025-08-18 12:51:52,871 [INFO] CodeEngine:247 - oldGeneratedFile, /home/boobathi/new_stm32_workspace/KY-024-HW-508/Core/Src/stm32f4xx_hal_msp.c_save
2025-08-18 12:51:52,955 [INFO] CodeEngine:271 - Generated code: /home/boobathi/new_stm32_workspace/KY-024-HW-508/Core/Src/stm32f4xx_hal_msp.c
2025-08-18 12:51:52,956 [INFO] CodeEngine:247 - oldGeneratedFile, /home/boobathi/new_stm32_workspace/KY-024-HW-508/MXTmpFiles/system.tmp_save
2025-08-18 12:51:53,009 [INFO] CodeEngine:271 - Generated code: /home/boobathi/new_stm32_workspace/KY-024-HW-508/MXTmpFiles/system.tmp
2025-08-18 12:51:53,011 [INFO] CodeEngine:303 - oldGeneratedFile, /home/boobathi/new_stm32_workspace/KY-024-HW-508/Core/Inc/stm32f4xx_hal_conf.h_save
2025-08-18 12:51:53,071 [INFO] CodeEngine:327 - Generated code: /home/boobathi/new_stm32_workspace/KY-024-HW-508/Core/Inc/stm32f4xx_hal_conf.h
2025-08-18 12:51:53,089 [WARN] IPConfigManager:2928 - Warning: the RefConfig PLL2P_FOR_MCO is not available in your config.xml file
2025-08-18 12:51:53,095 [INFO] CodeEngine:247 - oldGeneratedFile, /home/boobathi/new_stm32_workspace/KY-024-HW-508/Core/Inc/main.h_save
2025-08-18 12:51:53,182 [INFO] CodeEngine:271 - Generated code: /home/boobathi/new_stm32_workspace/KY-024-HW-508/Core/Inc/main.h
2025-08-18 12:51:53,183 [INFO] CodeEngine:247 - oldGeneratedFile, /home/boobathi/new_stm32_workspace/KY-024-HW-508/Core/Src/main.c_save
2025-08-18 12:51:53,268 [INFO] CodeEngine:271 - Generated code: /home/boobathi/new_stm32_workspace/KY-024-HW-508/Core/Src/main.c
2025-08-18 12:51:53,793 [INFO] ProjectBuilder:2919 - Time for Copy HAL[1] : 22mS.
2025-08-18 12:51:53,794 [INFO] ProjectBuilder:4183 - Project Generator version: 3.18.0-B7
2025-08-18 12:51:54,114 [INFO] ConfigFileManager:1396 - The Die is : DIE421
2025-08-18 12:51:55,547 [INFO] ProjectBuilder:4351 - Time for Generating toolchain IDE Files: 1753mS.
2025-08-18 12:51:55,548 [INFO] ProjectBuilder:2790 - Time for Copy CMSIS : 0mS.
2025-08-18 12:51:55,549 [INFO] ProjectBuilder:2790 - Time for Copy CMSIS : 0mS.
2025-08-18 12:57:32,052 [INFO] MainUpdater:2800 - connection check result : 10
2025-08-18 12:57:32,196 [INFO] McuFinderGlobals:65 - Set McuFinderConnectedMode to true
2025-08-18 12:57:32,196 [INFO] MultiScanPanel:196 - Auto-refresh data requested => check proxy status ongoing
2025-08-18 12:57:32,196 [INFO] FinderPluginLoader:92 - Searching for filters in installed packs
2025-08-18 12:57:33,131 [INFO] LoadUrlFilesThread:179 - End of LoadServerUrlFiles without Thread
2025-08-18 12:57:33,131 [INFO] DetailPanel:339 - Set advertising image to /home/boobathi/STM32Cube/Repository//en.2400x1350px.jpeg
2025-08-18 12:57:36,544 [INFO] MultiScanPanel:196 - Auto-refresh data requested => check proxy status ongoing
2025-08-18 12:57:36,593 [INFO] LoadUrlFilesThread:179 - End of LoadServerUrlFiles without Thread
2025-08-18 12:57:36,593 [INFO] DetailPanel:339 - Set advertising image to /home/boobathi/STM32Cube/Repository//en.2400x1350px.jpeg
2025-08-18 12:57:54,775 [INFO] MainUpdater:2800 - connection check result : 10
2025-08-18 12:57:54,776 [INFO] MainUpdater:2800 - connection check result : 10
2025-08-18 12:57:54,781 [ERROR] IocParser:56 - IOException caught: /home/boobathi/new_stm32_workspace/KY-024-HW-508/KY-024-HW-508.ioc (No such file or directory)
2025-08-18 12:57:54,781 [ERROR] PeripheralListParser:94 - Something went wrong with ioc file reading: /home/boobathi/new_stm32_workspace/KY-024-HW-508/KY-024-HW-508.ioc (No such file or directory)
2025-08-18 12:57:54,782 [ERROR] RegexParser:58 - Issue caught when parsing regex: /home/boobathi/new_stm32_workspace/KY-024-HW-508/KY-024-HW-508.ioc (No such file or directory)
2025-08-18 12:57:54,812 [INFO] MicroXplorer:451 - Change Database Path : 
2025-08-18 12:57:54,812 [INFO] MicroXplorer:481 - Change Database Version : DB.6.0.70
2025-08-18 12:57:54,824 [WARN] ThirdParty:845 - waiting for thirdparty lock release [close project]
2025-08-18 12:57:54,824 [INFO] ThirdParty:847 - entering critical section [close project]
2025-08-18 12:57:54,824 [INFO] ThirdParty:857 - exiting critical section [close project]
2025-08-18 12:57:54,825 [INFO] PinOutPanel:1477 - setPackage(No Configuration,No Configuration)
2025-08-18 12:57:54,830 [WARN] IpParametersView:148 - Warning: This peripheral hasn't parameters
2025-08-18 12:57:54,832 [WARN] MainPanel:253 - <html><b><center>Warning: This peripheral has no parameters to be configured<br></b></html>
2025-08-18 12:57:54,834 [INFO] UtilMem:74 - Begin LoadConfig() Used Memory: 868104760 Bytes (1073741824)
2025-08-18 12:57:54,835 [INFO] OpenFileManager:307 - Change cursor
2025-08-18 12:57:54,843 [INFO] RulesReader:61 - Compatibility file has been processed (283 Rules)
2025-08-18 12:57:54,845 [INFO] ProjectFactory:399 - No CPN specified for board NUCLEO-F446RE => set CPN to STM32F446RET6
2025-08-18 12:57:54,845 [INFO] Mcu:1925 - Initializing MCU STM32F446R(C-E)Tx STM32F446RETx STM32F446RET6
2025-08-18 12:57:55,814 [INFO] Context:654 - Trying to add GPIOservice into a context  which must be forbidden
2025-08-18 12:57:56,107 [INFO] Rule:225 - rule 117617 - U5Cobra4M][GTZC] default value MPCBB3 and MPCBB5 - Not Secured memory - MPCBB1 is applicable
2025-08-18 12:57:56,107 [INFO] Rule:225 - rule 117617 - U5Cobra4M][GTZC] default value MPCBB3 and MPCBB5 - Not Secured memory - MPCBB1 is applicable
2025-08-18 12:57:56,107 [INFO] Rule:225 - rule 117617 - U5Cobra4M][GTZC] default value MPCBB3 and MPCBB5 - Not Secured memory - MPCBB2 is applicable
2025-08-18 12:57:56,107 [INFO] Rule:225 - rule 117617 - U5Cobra4M][GTZC] default value MPCBB3 and MPCBB5 - Not Secured memory - MPCBB2 is applicable
2025-08-18 12:57:56,107 [INFO] Rule:225 - rule 117617 - U5Cobra4M][GTZC] default value MPCBB3 and MPCBB5 - Not Secured memory - MPCBB3 is applicable
2025-08-18 12:57:56,107 [INFO] Rule:225 - rule 117617 - U5Cobra4M][GTZC] default value MPCBB3 and MPCBB5 - Not Secured memory - MPCBB3 is applicable
2025-08-18 12:57:56,107 [INFO] Rule:225 - rule 117617 - U5Cobra4M][GTZC] default value MPCBB3 and MPCBB5 - Not Secured memory - MPCBB4 is applicable
2025-08-18 12:57:56,107 [INFO] Rule:225 - rule 117617 - U5Cobra4M][GTZC] default value MPCBB3 and MPCBB5 - Not Secured memory - MPCBB4 is applicable
2025-08-18 12:57:56,107 [INFO] Rule:225 - rule 117617 - U5Cobra4M][GTZC] default value MPCBB3 and MPCBB5 - Secured memory - MPCBB1 is applicable
2025-08-18 12:57:56,107 [INFO] Rule:225 - rule 117617 - U5Cobra4M][GTZC] default value MPCBB3 and MPCBB5 - Secured memory - MPCBB2 is applicable
2025-08-18 12:57:56,107 [INFO] Rule:225 - rule 117617 - U5Cobra4M][GTZC] default value MPCBB3 and MPCBB5 - Secured memory - MPCBB3 is applicable
2025-08-18 12:57:56,107 [INFO] Rule:225 - rule 117617 - U5Cobra4M][GTZC] default value MPCBB3 and MPCBB5 - Secured memory - MPCBB4 is applicable
2025-08-18 12:57:56,107 [INFO] Rule:225 - rule 117617 - U5Cobra4M][GTZC] default value MPCBB3 and MPCBB5 - Privileged memory - MPCBB1 is applicable
2025-08-18 12:57:56,107 [INFO] Rule:225 - rule 117617 - U5Cobra4M][GTZC] default value MPCBB3 and MPCBB5 - Privileged memory - MPCBB2 is applicable
2025-08-18 12:57:56,107 [INFO] Rule:225 - rule 117617 - U5Cobra4M][GTZC] default value MPCBB3 and MPCBB5 - Privileged memory - MPCBB3 is applicable
2025-08-18 12:57:56,107 [INFO] Rule:225 - rule 117617 - U5Cobra4M][GTZC] default value MPCBB3 and MPCBB5 - Privileged memory - MPCBB4 is applicable
2025-08-18 12:57:56,107 [INFO] Rule:225 - rule 117617 - U5Cobra4M][GTZC] default value MPCBB3 and MPCBB5 - Not Privileged memory - MPCBB1 is applicable
2025-08-18 12:57:56,107 [INFO] Rule:225 - rule 117617 - U5Cobra4M][GTZC] default value MPCBB3 and MPCBB5 - Not Privileged memory - MPCBB2 is applicable
2025-08-18 12:57:56,107 [INFO] Rule:225 - rule 117617 - U5Cobra4M][GTZC] default value MPCBB3 and MPCBB5 - Not Privileged memory - MPCBB3 is applicable
2025-08-18 12:57:56,107 [INFO] Rule:225 - rule 117617 - U5Cobra4M][GTZC] default value MPCBB3 and MPCBB5 - Not Privileged memory - MPCBB4 is applicable
2025-08-18 12:57:56,107 [INFO] Rule:225 - rule 117617 - U5Cobra4M][GTZC] default value MPCBB3 and MPCBB5 - Privileged memory - MPCBB1 is applicable
2025-08-18 12:57:56,107 [INFO] Rule:225 - rule 117617 - U5Cobra4M][GTZC] default value MPCBB3 and MPCBB5 - Privileged memory - MPCBB2 is applicable
2025-08-18 12:57:56,107 [INFO] Rule:225 - rule 117617 - U5Cobra4M][GTZC] default value MPCBB3 and MPCBB5 - Privileged memory - MPCBB3 is applicable
2025-08-18 12:57:56,107 [INFO] Rule:225 - rule 117617 - U5Cobra4M][GTZC] default value MPCBB3 and MPCBB5 - Privileged memory - MPCBB4 is applicable
2025-08-18 12:57:56,107 [INFO] Rule:225 - rule 117617 - U5Cobra4M][GTZC] default value MPCBB3 and MPCBB5 - Privileged memory - MPCBB1 is applicable
2025-08-18 12:57:56,107 [INFO] Rule:225 - rule 117617 - U5Cobra4M][GTZC] default value MPCBB3 and MPCBB5 - Privileged memory - MPCBB2 is applicable
2025-08-18 12:57:56,107 [INFO] Rule:225 - rule 117617 - U5Cobra4M][GTZC] default value MPCBB3 and MPCBB5 - Privileged memory - MPCBB3 is applicable
2025-08-18 12:57:56,107 [INFO] Rule:225 - rule 117617 - U5Cobra4M][GTZC] default value MPCBB3 and MPCBB5 - Privileged memory - MPCBB4 is applicable
2025-08-18 12:57:56,107 [INFO] Rule:225 - rule 117617 - U5Cobra4M][GTZC] default value MPCBB3 and MPCBB5 - Not Privileged memory - MPCBB1 is applicable
2025-08-18 12:57:56,107 [INFO] Rule:225 - rule 117617 - U5Cobra4M][GTZC] default value MPCBB3 and MPCBB5 - Not Privileged memory - MPCBB2 is applicable
2025-08-18 12:57:56,107 [INFO] Rule:225 - rule 117617 - U5Cobra4M][GTZC] default value MPCBB3 and MPCBB5 - Not Privileged memory - MPCBB3 is applicable
2025-08-18 12:57:56,107 [INFO] Rule:225 - rule 117617 - U5Cobra4M][GTZC] default value MPCBB3 and MPCBB5 - Not Privileged memory - MPCBB4 is applicable
2025-08-18 12:57:56,107 [INFO] Rule:225 - rule 117617 - U5Cobra4M][GTZC] default value MPCBB3 and MPCBB5 - Privileged memory - MPCBB1 is applicable
2025-08-18 12:57:56,107 [INFO] Rule:225 - rule 117617 - U5Cobra4M][GTZC] default value MPCBB3 and MPCBB5 - Privileged memory - MPCBB2 is applicable
2025-08-18 12:57:56,107 [INFO] Rule:225 - rule 117617 - U5Cobra4M][GTZC] default value MPCBB3 and MPCBB5 - Privileged memory - MPCBB3 is applicable
2025-08-18 12:57:56,107 [INFO] Rule:225 - rule 117617 - U5Cobra4M][GTZC] default value MPCBB3 and MPCBB5 - Privileged memory - MPCBB4 is applicable
2025-08-18 12:57:56,107 [INFO] Rule:225 - rule Rename SubGHz_Phy SUBGHZ_APPLICATION SUBGHZ_PINGPONG to SUBGHZ_ADV_APPLICATION is applicable
2025-08-18 12:57:56,108 [INFO] Rule:225 - rule Rename Enabled to IBEACON is applicable
2025-08-18 12:57:56,108 [INFO] Rule:225 - rule GTZC_S instance for project manager is applicable
2025-08-18 12:57:56,108 [INFO] Rule:225 - rule GTZC_S instance for context M33S is applicable
2025-08-18 12:57:56,108 [INFO] Rule:225 - rule GTZC_S instance value for IP GTZC is applicable
2025-08-18 12:57:56,108 [INFO] Rule:225 - rule GTZC_S instance for mcu.IP is applicable
2025-08-18 12:57:56,108 [INFO] Rule:225 - rule GTZC_S instance for VP is applicable
2025-08-18 12:57:56,108 [INFO] Rule:225 - rule GTZC_S instance for signal is applicable
2025-08-18 12:57:56,108 [INFO] Rule:225 - rule GTZC_S instance for mcu.Pin is applicable
2025-08-18 12:57:56,108 [INFO] Rule:225 - rule GTZC_S instance for VP is applicable
2025-08-18 12:57:56,108 [INFO] Rule:225 - rule GTZC_S instance for signal is applicable
2025-08-18 12:57:56,108 [INFO] Rule:225 - rule GTZC_S instance for mcu is applicable
2025-08-18 12:57:56,108 [INFO] Rule:225 - rule GTZC_S instance for mcu.Pin is applicable
2025-08-18 12:57:56,108 [INFO] Rule:225 - rule GTZC_S instance value for IP GTZC is applicable
2025-08-18 12:57:56,108 [INFO] Rule:225 - rule GTZC_S instance for project manager is applicable
2025-08-18 12:57:56,108 [INFO] Rule:225 - rule GTZC_S instance for context M33S is applicable
2025-08-18 12:57:56,108 [INFO] Rule:225 - rule GTZC_S instance for VP is applicable
2025-08-18 12:57:56,108 [INFO] Rule:225 - rule GTZC_S instance for signal is applicable
2025-08-18 12:57:56,108 [INFO] Rule:225 - rule SPDIFRX instance for mcu is applicable
2025-08-18 12:57:56,108 [INFO] Rule:225 - rule Rename Tracer Mode is applicable
2025-08-18 12:57:56,108 [INFO] Rule:225 - rule SPDIFRX instance value for IP SPDIFRX is applicable
2025-08-18 12:57:56,108 [INFO] Rule:225 - rule SPDIFRX instance for signal is applicable
2025-08-18 12:57:56,108 [INFO] Rule:225 - rule SPDIFRX instance for project manager is applicable
2025-08-18 12:57:56,108 [INFO] Rule:225 - rule SPDIFRX instance for project manager is applicable
2025-08-18 12:57:56,108 [INFO] Rule:225 - rule ADC Scan  fix with FW F7 is applicable
2025-08-18 12:57:56,108 [INFO] Rule:225 - rule ADC Scan  fix with FW F7 is applicable
2025-08-18 12:57:56,108 [INFO] Rule:225 - rule Add RTC Activate Clock Source is applicable
2025-08-18 12:57:56,108 [INFO] Rule:225 - rule Add RTC Activate Calendar 1 is applicable
2025-08-18 12:57:56,108 [INFO] Rule:225 - rule Add RTC Activate Calendar 2 is applicable
2025-08-18 12:57:56,108 [INFO] Rule:225 - rule Add RTC Activate Calendar 3 is applicable
2025-08-18 12:57:56,108 [INFO] Rule:225 - rule UART/USART TX Mode is applicable
2025-08-18 12:57:56,108 [INFO] Rule:225 - rule UART/USART RX Mode is applicable
2025-08-18 12:57:56,108 [INFO] Rule:225 - rule UART/USART RX TX Mode is applicable
2025-08-18 12:57:56,108 [INFO] Rule:225 - rule UART/USART PARITY NONE is applicable
2025-08-18 12:57:56,108 [INFO] Rule:225 - rule UART/USART PARITY EVEN is applicable
2025-08-18 12:57:56,108 [INFO] Rule:225 - rule UART/USART PARITY ODD is applicable
2025-08-18 12:57:56,108 [INFO] Rule:225 - rule USART StopBits 1 is applicable
2025-08-18 12:57:56,108 [INFO] Rule:225 - rule USART StopBits 2 is applicable
2025-08-18 12:57:56,108 [INFO] Rule:225 - rule USART StopBits 1.5 is applicable
2025-08-18 12:57:56,108 [INFO] Rule:225 - rule USART StopBits 0.5 is applicable
2025-08-18 12:57:56,108 [INFO] Rule:225 - rule UART/USART WORD LENGTH 7 is applicable
2025-08-18 12:57:56,108 [INFO] Rule:225 - rule UART/USART WORD LENGTH 8 is applicable
2025-08-18 12:57:56,108 [INFO] Rule:225 - rule UART/USART WORD LENGTH 9 is applicable
2025-08-18 12:57:56,109 [INFO] Rule:225 - rule Rename FMC NAND NCE signal is applicable
2025-08-18 12:57:56,109 [INFO] Rule:225 - rule Rename FMC NAND INT signal is applicable
2025-08-18 12:57:56,109 [INFO] Rule:225 - rule Change Default Value for LSE Drive Capability for WB family is applicable
2025-08-18 12:57:56,109 [INFO] Rule:225 - rule Change Default Value for ADC Clock Prescaler G0 family is applicable
2025-08-18 12:57:56,109 [INFO] Rule:225 - rule Change Default Value for ADC ExternalTrigConv L4 family is applicable
2025-08-18 12:57:56,109 [INFO] Rule:225 - rule Change Default Value for ADC ExternalTrigInjecConv L4 family is applicable
2025-08-18 12:57:56,109 [INFO] Rule:225 - rule Change Default Value for ADC ExternalTrigConv F3 family is applicable
2025-08-18 12:57:56,109 [INFO] Rule:225 - rule Change Default Value for ADC ExternalTrigInjecConv F3 family is applicable
2025-08-18 12:57:56,109 [INFO] Rule:225 - rule Change Default Value for ADC ExternalTrigConv Goldfish serie is applicable
2025-08-18 12:57:56,109 [INFO] Rule:225 - rule Change Default Value for ADC ExternalTrigInjecConv Goldfish serie is applicable
2025-08-18 12:57:56,109 [INFO] Rule:225 - rule Change Default Value for ADC ExternalTrigConv L0 family is applicable
2025-08-18 12:57:56,109 [INFO] Rule:225 - rule Change Default Value for ADC ExternalTrigConv F0 family is applicable
2025-08-18 12:57:56,109 [INFO] Rule:225 - rule Change Default Value for ADC ExternalTrigConvn L1 family is applicable
2025-08-18 12:57:56,109 [INFO] Rule:225 - rule Change Default Value for ADC ExternalTrigInjecConv L1 family is applicable
2025-08-18 12:57:56,109 [INFO] Rule:225 - rule Change Default Value for ADC ExternalTrigConv F1 family is applicable
2025-08-18 12:57:56,109 [INFO] Rule:225 - rule Change Default Value for ADC ExternalTrigInjecConv F1 family is applicable
2025-08-18 12:57:56,109 [INFO] Rule:225 - rule Change Default Value for ADC ExternalTrigConv F7 family is applicable
2025-08-18 12:57:56,109 [INFO] Rule:225 - rule Change Default Value for ADC ExternalTrigInjecConv F7 family is applicable
2025-08-18 12:57:56,109 [INFO] Rule:225 - rule Change Default Value for ADC ExternalTrigConv F4 and F2 family is applicable
2025-08-18 12:57:56,109 [INFO] Rule:225 - rule Change Default Value for ADC ExternalTrigInjecConv F4 and F2 family is applicable
2025-08-18 12:57:56,109 [INFO] Rule:225 - rule ADC SamplingTime fix with FW L0  is applicable
2025-08-18 12:57:56,109 [INFO] Rule:225 - rule ADC SamplingTime fix with FW L0  is applicable
2025-08-18 12:57:56,109 [INFO] Rule:225 - rule ADC SamplingTime fix with FW L0 is applicable
2025-08-18 12:57:56,109 [INFO] Rule:225 - rule ADC SamplingTime fix with FW L0 is applicable
2025-08-18 12:57:56,109 [INFO] Rule:225 - rule ADC SamplingTime fix with FW L0  is applicable
2025-08-18 12:57:56,109 [INFO] Rule:225 - rule ADC SamplingTime fix with FW L0 is applicable
2025-08-18 12:57:56,109 [INFO] Rule:225 - rule Rename USB_OE Signal is applicable
2025-08-18 12:57:56,109 [INFO] Rule:225 - rule Rename Activate_OE Mode is applicable
2025-08-18 12:57:56,109 [INFO] Rule:225 - rule Rename DIE462/DIE415 pin PC14/OSC32_IN -> PC14-OSC32_IN (PC14) is applicable
2025-08-18 12:57:56,109 [INFO] Rule:225 - rule Rename DIE462/DIE415 pin PC15/OSC32_OUT -> PC15-OSC32_OUT (PC15) is applicable
2025-08-18 12:57:56,109 [INFO] Rule:225 - rule Rename DIE462/DIE415 pin PH0/OSC_IN -> PH0-OSC_IN (PH0) is applicable
2025-08-18 12:57:56,109 [INFO] Rule:225 - rule Rename DIE462/DIE415 pin PH1/OSC_OUT -> PH1-OSC_OUT (PH1) is applicable
2025-08-18 12:57:56,109 [INFO] Rule:225 - rule Rename DIE462 pin PA13 -> PA13 (JTMS/SWDIO) is applicable
2025-08-18 12:57:56,109 [INFO] Rule:225 - rule Rename DIE415 pin PA13 -> PA13 (JTMS/SWDIO) is applicable
2025-08-18 12:57:56,109 [INFO] Rule:225 - rule Rename DIE462 pin PA14 -> PA14 (JTCK/SWCLK) is applicable
2025-08-18 12:57:56,109 [INFO] Rule:225 - rule Rename DIE415 pin PA14 -> PA14 (JTCK/SWCLK) is applicable
2025-08-18 12:57:56,109 [INFO] Rule:225 - rule Rename DIE462/DIE415 pin PA15 -> PA15 (JTDI) is applicable
2025-08-18 12:57:56,109 [INFO] Rule:225 - rule Rename DIE462 pin PB3 -> PB3 (JTD0/TRACESWO) is applicable
2025-08-18 12:57:56,109 [INFO] Rule:225 - rule Rename DIE415 pin PB3 -> PB3 (JTD0-TRACESWO) is applicable
2025-08-18 12:57:56,109 [INFO] Rule:225 - rule Rename DIE462/DIE415 pin PB4 -> PB4 (NJTRST) is applicable
2025-08-18 12:57:56,109 [INFO] Rule:225 - rule Rename DIE462 pin PH3/BOOT0 -> PH3-BOOT0 (BOOT0) is applicable
2025-08-18 12:57:56,109 [INFO] Rule:225 - rule Rename CRYP DataEncryptionTypesList to Algorithm is applicable
2025-08-18 12:57:56,109 [INFO] Rule:225 - rule Rename AES DataEncryptionTypesList to Algorithm is applicable
2025-08-18 12:57:56,109 [INFO] Rule:225 - rule Rename TDESECB to CRYP_TDES_ECB is applicable
2025-08-18 12:57:56,109 [INFO] Rule:225 - rule Rename TDESCBC to CRYP_TDES_CBC is applicable
2025-08-18 12:57:56,109 [INFO] Rule:225 - rule Rename DESECB to CRYP_DES_ECB is applicable
2025-08-18 12:57:56,110 [INFO] Rule:225 - rule Rename DESCBC to CRYP_DES_CBC is applicable
2025-08-18 12:57:56,110 [INFO] Rule:225 - rule Rename AESECB to CRYP_AES_ECB is applicable
2025-08-18 12:57:56,110 [INFO] Rule:225 - rule Rename AESCBC to CRYP_AES_CBC is applicable
2025-08-18 12:57:56,110 [INFO] Rule:225 - rule Rename AESCTR to CRYP_AES_CTR is applicable
2025-08-18 12:57:56,110 [INFO] Rule:225 - rule Rename AESGCM to CRYP_AES_GCM is applicable
2025-08-18 12:57:56,110 [INFO] Rule:225 - rule Rename AESCCM to CRYP_AES_CCM is applicable
2025-08-18 12:57:56,110 [INFO] Rule:225 - rule Rename CAN TimeSeg1 to BS1 is applicable
2025-08-18 12:57:56,110 [INFO] Rule:225 - rule Rename CAN TimeSeg2 to BS2 is applicable
2025-08-18 12:57:56,110 [INFO] Rule:225 - rule Rename CAN SyncJumpWidth to SJW is applicable
2025-08-18 12:57:56,110 [INFO] Rule:225 - rule TimeTriggeredMode to TTCM is applicable
2025-08-18 12:57:56,110 [INFO] Rule:225 - rule Rename CAN AutoBusOff to ABOM is applicable
2025-08-18 12:57:56,110 [INFO] Rule:225 - rule Rename CAN AutoWakeUp to AWUM is applicable
2025-08-18 12:57:56,110 [INFO] Rule:225 - rule Rename CAN AutoRetransmission to NART is applicable
2025-08-18 12:57:56,110 [INFO] Rule:225 - rule Rename CAN ReceiveFifoLocked to RFLM is applicable
2025-08-18 12:57:56,110 [INFO] Rule:225 - rule Rename CAN TransmitFifoPriority to TXFP is applicable
2025-08-18 12:57:56,110 [INFO] Rule:225 - rule Rename HRTIMER HRTIM_OUTPUTFAULTLEVEL_HIGH in HRTIMER HRTIM_OUTPUTFAULTLEVEL_HIGHZ is applicable
2025-08-18 12:57:56,110 [INFO] Rule:225 - rule Rename TIMER TIM_CLEARINPUTSOURCE_OCREFCLR in  TIMER TIM_CLEARINPUTSOURCE_NONE for F7 family is applicable
2025-08-18 12:57:56,110 [INFO] Rule:225 - rule FDCAN_R1 - Rename FDCAN mode Master into Classic is applicable
2025-08-18 12:57:56,110 [INFO] Rule:225 - rule FDCAN_R2 - Rename FDCAN mode Slave into Classic is applicable
2025-08-18 12:57:56,110 [INFO] Rule:225 - rule FDCAN1_R3 - if PA10.Mode=FullDuplex, add Pin PA12 is applicable
2025-08-18 12:57:56,110 [INFO] Rule:225 - rule FDCAN1_R3 - if PA9.Mode=FullDuplex, add Pin PA11 is applicable
2025-08-18 12:57:56,110 [INFO] Rule:225 - rule FDCAN1_R3 - Alternatepin_1 - if PE1.Mode=FullDuplex, add Pin PB9 is applicable
2025-08-18 12:57:56,110 [INFO] Rule:225 - rule FDCAN1_R3 - Alternatepin_1 - if PE0.Mode=FullDuplex, add Pin PB8 is applicable
2025-08-18 12:57:56,110 [INFO] Rule:225 - rule FDCAN1_R3 - Alternatepin_2 - if PD5.Mode=FullDuplex, add Pin PD1 is applicable
2025-08-18 12:57:56,110 [INFO] Rule:225 - rule FDCAN1_R3 - Alternatepin_2 - if PD4.Mode=FullDuplex, add Pin PD0 is applicable
2025-08-18 12:57:56,110 [INFO] Rule:225 - rule FDCAN1_R4 - Rename Mode FullDuplex into Enable FDCAN_TXFD for pin PA10 is applicable
2025-08-18 12:57:56,110 [INFO] Rule:225 - rule FDCAN1_R4 - Rename Mode FullDuplex into Enable FDCAN_TXFD for pin PA9 is applicable
2025-08-18 12:57:56,110 [INFO] Rule:225 - rule FDCAN1_R4 - Alternatepin_1 - Rename Mode FullDuplex into Enable FDCAN_TXFD for pin PE1 is applicable
2025-08-18 12:57:56,110 [INFO] Rule:225 - rule FDCAN1_R4 - Alternatepin_1 - Rename Mode FullDuplex into Enable FDCAN_TXFD for pin PE0 is applicable
2025-08-18 12:57:56,110 [INFO] Rule:225 - rule FDCAN1_R4 - Alternatepin_2 - Rename Mode FullDuplex into Enable FDCAN_TXFD for pin PD5 is applicable
2025-08-18 12:57:56,110 [INFO] Rule:225 - rule FDCAN1_R4 - Alternatepin_2 - Rename Mode FullDuplex into Enable FDCAN_TXFD for pin PD4 is applicable
2025-08-18 12:57:56,110 [INFO] Rule:225 - rule FDCAN2_R3 - if PD10.Mode=FullDuplex, add Pin PB13 is applicable
2025-08-18 12:57:56,110 [INFO] Rule:225 - rule FDCAN2_R3 - if PD9.Mode=FullDuplex, add Pin PB12 is applicable
2025-08-18 12:57:56,111 [INFO] Rule:225 - rule FDCAN2_R3 - Alternatepin_1 - if PB7.Mode=FullDuplex, add Pin PB6 is applicable
2025-08-18 12:57:56,111 [INFO] Rule:225 - rule FDCAN2_R3 - Alternatepin_1 - if PD9.Mode=FullDuplex, add Pin PB12 is applicable
2025-08-18 12:57:56,111 [INFO] Rule:225 - rule FDCAN2_R4 - Rename Mode FullDuplex into Enable FDCAN_TXFD for pin PD10 is applicable
2025-08-18 12:57:56,111 [INFO] Rule:225 - rule FDCAN2_R4 - Rename Mode FullDuplex into Enable FDCAN_TXFD for pin PD9 is applicable
2025-08-18 12:57:56,111 [INFO] Rule:225 - rule FDCAN2_R4 - Alternatepin_1 - Rename Mode FullDuplex into Enable FDCAN_TXFD for pin PB7 is applicable
2025-08-18 12:57:56,111 [INFO] Rule:225 - rule FDCAN2_R4 - Alternatepin_1 - Rename Mode FullDuplex into Enable FDCAN_TXFD for pin PD6 is applicable
2025-08-18 12:57:56,111 [INFO] Rule:225 - rule USART TxPinLevelInvertParam Mode is applicable
2025-08-18 12:57:56,111 [INFO] Rule:225 - rule USART RxPinLevelInvertParam Mode is applicable
2025-08-18 12:57:56,111 [INFO] Rule:225 - rule USART DataInvertParam Mode is applicable
2025-08-18 12:57:56,111 [INFO] Rule:225 - rule USART SwapParam Mode is applicable
2025-08-18 12:57:56,111 [INFO] Rule:225 - rule USART OverrunDisableParam Mode is applicable
2025-08-18 12:57:56,111 [INFO] Rule:225 - rule USART DMADisableonRxErrorParam Mode is applicable
2025-08-18 12:57:56,111 [INFO] Rule:225 - rule USART MSBFirstParam Mode is applicable
2025-08-18 12:57:56,111 [INFO] Rule:225 - rule Update MwName for USB_DEVICE is applicable
2025-08-18 12:57:56,111 [INFO] Rule:225 - rule Change PWR_Regulator_Voltage_Scale Default Value for RCC  H7 family is applicable
2025-08-18 12:57:56,111 [INFO] Rule:225 - rule UART/USART IPParameter rename Prescaler parameter to ClockPrescaler is applicable
2025-08-18 12:57:56,111 [INFO] Rule:225 - rule UART/USART Prescaler rename Prescaler parameter to ClockPrescaler is applicable
2025-08-18 12:57:56,111 [INFO] Rule:225 - rule TIM1CLockSelection is applicable
2025-08-18 12:57:56,111 [INFO] Rule:225 - rule TIM15CLockSelection is applicable
2025-08-18 12:57:56,111 [INFO] Rule:225 - rule align RCC SDMMC3CLockSelection default value on MP1 is applicable
2025-08-18 12:57:56,111 [INFO] Rule:225 - rule align RCC SDMMC12CLockSelection default value on MP1 is applicable
2025-08-18 12:57:56,111 [INFO] Rule:225 - rule align RCC QSPICLockSelection default value on MP1 is applicable
2025-08-18 12:57:56,111 [INFO] Rule:225 - rule align RCC QSPICLockSelection default value on MP1 is applicable
2025-08-18 12:57:56,111 [INFO] Rule:225 - rule align RCC SPI6CLockSelection default value on MP1 is applicable
2025-08-18 12:57:56,111 [INFO] Rule:225 - rule align RCC LPTIM23CLockSelection default value on MP1 is applicable
2025-08-18 12:57:56,111 [INFO] Rule:225 - rule align RCC LPTIM1CLockSelection default value on MP1 is applicable
2025-08-18 12:57:56,111 [INFO] Rule:225 - rule align RCC USART1CLockSelection default value on MP1 is applicable
2025-08-18 12:57:56,111 [INFO] Rule:225 - rule align RCC USART24CLockSelection default value on MP1 is applicable
2025-08-18 12:57:56,111 [INFO] Rule:225 - rule align RCC USART6CLockSelection default value on MP1 is applicable
2025-08-18 12:57:56,111 [INFO] Rule:225 - rule align RCC UART78CLockSelection default value on MP1 is applicable
2025-08-18 12:57:56,111 [INFO] Rule:225 - rule align RCC USART35CLockSelection default value on MP1 is applicable
2025-08-18 12:57:56,111 [INFO] Rule:225 - rule align RCC SPI45CLockSelection default value on MP1 is applicable
2025-08-18 12:57:56,111 [INFO] Rule:225 - rule align RCC I2C46CLockSelection BCLK value on MP1 is applicable
2025-08-18 12:57:56,111 [INFO] Rule:225 - rule align RCC SPI45CLockSelection default value on MP1 is applicable
2025-08-18 12:57:56,111 [INFO] Rule:225 - rule align RCC I2C12CLockSelection default value on MP1 is applicable
2025-08-18 12:57:56,111 [INFO] Rule:225 - rule align RCC I2C35CLockSelection default value on MP1 is applicable
2025-08-18 12:57:56,111 [INFO] Rule:225 - rule align RCC LPTIM45CLockSelection default value on MP1 is applicable
2025-08-18 12:57:56,111 [INFO] Rule:225 - rule Rename DCMI PIXCK signal is applicable
2025-08-18 12:57:56,111 [INFO] Rule:225 - rule Change Default Value for I2C46CLockSelection MP1 family is applicable
2025-08-18 12:57:56,111 [INFO] Rule:225 - rule Change Default Value for UART for G4, G0 and WB families is applicable
2025-08-18 12:57:56,111 [INFO] Rule:225 - rule Change Default Value for USART for G4, G0 and WB families is applicable
2025-08-18 12:57:56,112 [INFO] Rule:225 - rule Change Default Value for USART for G4 family is applicable
2025-08-18 12:57:56,112 [INFO] Rule:225 - rule Change USART1CLockSelection refparam name for MP1 is applicable
2025-08-18 12:57:56,112 [INFO] Rule:225 - rule Change USART2CLockSelection refparam name for MP1 is applicable
2025-08-18 12:57:56,112 [INFO] Rule:225 - rule Change USART3CLockSelection refparam name for MP1 is applicable
2025-08-18 12:57:56,112 [INFO] Rule:225 - rule Change UART4CLockSelection refparam name for MP1 is applicable
2025-08-18 12:57:56,112 [INFO] Rule:225 - rule Change UART5CLockSelection refparam name for MP1 is applicable
2025-08-18 12:57:56,112 [INFO] Rule:225 - rule Change LPUART1CLockSelection refparam name for MP1 is applicable
2025-08-18 12:57:56,112 [INFO] Rule:225 - rule Change LPTIM1CLockSelection refparam name for MP1 is applicable
2025-08-18 12:57:56,112 [INFO] Rule:225 - rule Change LPTIM2CLockSelection refparam name for MP1 is applicable
2025-08-18 12:57:56,112 [INFO] Rule:225 - rule Change RCC_MCO1Source refparam name for MP1 is applicable
2025-08-18 12:57:56,112 [INFO] Rule:225 - rule Change LSCOSource1 refparam name for MP1 is applicable
2025-08-18 12:57:56,112 [INFO] Rule:225 - rule Change SMPSCLockSelection refparam name for MP1 is applicable
2025-08-18 12:57:56,112 [INFO] Rule:225 - rule Change LPTIM3CLockSelection refparam name for MP1 is applicable
2025-08-18 12:57:56,112 [INFO] Rule:225 - rule Change MPCBB* Default Template Mode to Parameters is applicable
2025-08-18 12:57:56,112 [INFO] Rule:225 - rule Change MPCWM* or MPCBB* Secure Mode to Parameters is applicable
2025-08-18 12:57:56,112 [INFO] Rule:225 - rule Change MPCWM* or MPCBB* No Secure Mode to Parameters is applicable
2025-08-18 12:57:56,112 [INFO] Rule:225 - rule Change TZSC IP Secure Mode to Parameters is applicable
2025-08-18 12:57:56,112 [INFO] Rule:225 - rule Change TZSC IP No Secure Mode to Parameters is applicable
2025-08-18 12:57:56,112 [INFO] Rule:225 - rule Change TZSC IP Privilege Mode to Parameters is applicable
2025-08-18 12:57:56,112 [INFO] Rule:225 - rule Change TZSC IP No Privilege Mode to Parameters is applicable
2025-08-18 12:57:56,112 [INFO] Rule:225 - rule Change TZIC IT Secure Mode to Parameters is applicable
2025-08-18 12:57:56,112 [INFO] Rule:225 - rule Change TZIC IT No Secure Mode to Parameters is applicable
2025-08-18 12:57:56,112 [INFO] Rule:225 - rule Add MPCBB1_NonSecureArea_Start_Address value with referenced to MPCBB1_NonSecureArea_Start value is applicable
2025-08-18 12:57:56,112 [INFO] Rule:225 - rule Add MPCBB2_NonSecureArea_Start_Address value with referenced to MPCBB2_NonSecureArea_Start value is applicable
2025-08-18 12:57:56,112 [INFO] Rule:225 - rule Add MPCWM1_NonSecureArea*_Start_Address value with referenced to MPCWM1_NonSecureArea*_Start value is applicable
2025-08-18 12:57:56,112 [INFO] Rule:225 - rule Add MPCWM2_NonSecureArea*_Start_Address value with referenced to MPCWM2_NonSecureArea*_Start value is applicable
2025-08-18 12:57:56,112 [INFO] Rule:225 - rule Add MPCWM3_NonSecureArea_Start_Address value with referenced to MPCWM3_NonSecureArea_Start value is applicable
2025-08-18 12:57:56,112 [INFO] Rule:225 - rule Change Default Value for PLL1UserDefinedConfig is applicable
2025-08-18 12:57:56,112 [INFO] Rule:225 - rule Change GPIO_PuPd Default Value for USART in async mode is applicable
2025-08-18 12:57:56,112 [INFO] Rule:225 - rule Change SMPSDivider Default Value is applicable
2025-08-18 12:57:56,112 [INFO] Rule:225 - rule OPAMP is applicable
2025-08-18 12:57:56,112 [INFO] Rule:225 - rule LPUART IPParameter rename Prescaler parameter to ClockPrescaler for STM32H7 is applicable
2025-08-18 12:57:56,112 [INFO] Rule:225 - rule LPUART IPParameter rename Prescaler parameter to ClockPrescaler for STM32H7 is applicable
2025-08-18 12:57:56,112 [INFO] Rule:225 - rule LPUART IPParameter rename Prescaler parameter to ClockPrescaler for STM32WB is applicable
2025-08-18 12:57:56,112 [INFO] Rule:225 - rule LPUART IPParameter rename Prescaler parameter to ClockPrescaler for STM32WB is applicable
2025-08-18 12:57:56,112 [INFO] Rule:225 - rule LPUART IPParameter rename Prescaler parameter to ClockPrescaler for STM32G4 is applicable
2025-08-18 12:57:56,112 [INFO] Rule:225 - rule LPUART IPParameter rename Prescaler parameter to ClockPrescaler for STM32G4 is applicable
2025-08-18 12:57:56,112 [INFO] Rule:225 - rule LPUART IPParameter rename Prescaler parameter to ClockPrescaler for STM32L5 is applicable
2025-08-18 12:57:56,112 [INFO] Rule:225 - rule LPUART IPParameter rename Prescaler parameter to ClockPrescaler for STM32L5 is applicable
2025-08-18 12:57:56,112 [INFO] Rule:225 - rule LPUART IPParameter rename Prescaler parameter to ClockPrescaler for STM32G4 is applicable
2025-08-18 12:57:56,112 [INFO] Rule:225 - rule LPUART IPParameter rename Prescaler parameter to ClockPrescaler for STM32G4 is applicable
2025-08-18 12:57:56,113 [INFO] Rule:225 - rule USB device lib V2.5.3 for L0 rename USBD_SUPPORT_USER_STRING parameter to USBD_SUPPORT_USER_STRING_DESC4 is applicable
2025-08-18 12:57:56,113 [INFO] Rule:225 - rule I2SCLockSelection clock entry align is applicable
2025-08-18 12:57:56,113 [INFO] Rule:225 - rule Assign TIMx context if used as SYS timebase is applicable
2025-08-18 12:57:56,113 [INFO] Rule:225 - rule Change GPIO_Pu Default Value for I2C is applicable
2025-08-18 12:57:56,113 [INFO] Rule:225 - rule Change GPIO_Pu Default Value for SMBus is applicable
2025-08-18 12:57:56,113 [INFO] Rule:225 - rule change FDCAN default value is applicable
2025-08-18 12:57:56,113 [INFO] Rule:225 - rule Change mode sai is applicable
2025-08-18 12:57:56,113 [INFO] Rule:225 - rule **Change sai mode is applicable
2025-08-18 12:57:56,122 [INFO] DbConfProperties:305 - Apply Compatibility (49/248 Rules)
2025-08-18 12:57:56,131 [INFO] ImportTextPane:193 - (OptionalMessage_ERROR) Unable to find key (Mcu.ThirdPartyNb) in loaded IOC file
2025-08-18 12:57:56,265 [INFO] RtosManager:489 - Registered RTOS mode: class=CMSIS, group=RTOS, mode=CMSIS_V1, owner=FREERTOS
2025-08-18 12:57:56,266 [INFO] RtosManager:489 - Registered RTOS mode: class=CMSIS, group=RTOS2, mode=CMSIS_V2, owner=FREERTOS
2025-08-18 12:57:56,266 [INFO] RtosManager:489 - Registered RTOS mode: class=RTOS, group=Core, mode=CMSIS_V1, owner=FREERTOS
2025-08-18 12:57:56,266 [INFO] RtosManager:489 - Registered RTOS mode: class=RTOS, group=Core, mode=CMSIS_V2, owner=FREERTOS
2025-08-18 12:57:56,266 [WARN] ModelIntegratedComponent:185 - Missing modes for component STMicroelectronics:FreeRTOS:0.0.1:STMicroelectronics:RTOS:FreeRTOS:Core:::10.2.0:
2025-08-18 12:57:56,268 [WARN] ModelIntegratedComponent:64 - No mode defined for component null
2025-08-18 12:57:56,268 [WARN] ModelIntegratedComponent:64 - No mode defined for component null
2025-08-18 12:57:56,268 [WARN] ModelIntegratedComponent:64 - No mode defined for component null
2025-08-18 12:57:56,268 [WARN] ModelIntegratedComponent:64 - No mode defined for component null
2025-08-18 12:57:56,268 [WARN] ModelIntegratedComponent:64 - No mode defined for component null
2025-08-18 12:57:56,268 [WARN] ModelIntegratedComponent:64 - No mode defined for component null
2025-08-18 12:57:56,268 [WARN] ModelIntegratedComponent:64 - No mode defined for component null
2025-08-18 12:57:56,268 [WARN] ModelIntegratedComponent:64 - No mode defined for component null
2025-08-18 12:57:56,268 [WARN] ModelIntegratedComponent:64 - No mode defined for component null
2025-08-18 12:57:56,268 [WARN] ModelIntegratedComponent:64 - No mode defined for component null
2025-08-18 12:57:56,268 [WARN] ModelIntegratedComponent:64 - No mode defined for component null
2025-08-18 12:57:56,268 [WARN] ModelIntegratedComponent:64 - No mode defined for component null
2025-08-18 12:57:56,268 [WARN] ModelIntegratedComponent:64 - No mode defined for component null
2025-08-18 12:57:56,268 [WARN] ModelIntegratedComponent:64 - No mode defined for component null
2025-08-18 12:57:56,268 [WARN] ModelIntegratedComponent:64 - No mode defined for component null
2025-08-18 12:57:56,268 [WARN] ModelIntegratedComponent:64 - No mode defined for component null
2025-08-18 12:57:56,269 [WARN] ModelIntegratedComponent:64 - No mode defined for component null
2025-08-18 12:57:56,269 [WARN] ModelIntegratedComponent:64 - No mode defined for component null
2025-08-18 12:57:56,269 [WARN] ModelIntegratedComponent:64 - No mode defined for component null
2025-08-18 12:57:56,269 [WARN] ModelIntegratedComponent:64 - No mode defined for component null
2025-08-18 12:57:56,269 [WARN] ModelIntegratedComponent:64 - No mode defined for component null
2025-08-18 12:57:56,269 [WARN] ModelIntegratedComponent:64 - No mode defined for component null
2025-08-18 12:57:56,269 [WARN] ModelIntegratedComponent:64 - No mode defined for component null
2025-08-18 12:57:56,269 [WARN] ModelIntegratedComponent:64 - No mode defined for component null
2025-08-18 12:57:56,269 [WARN] ModelIntegratedComponent:64 - No mode defined for component null
2025-08-18 12:57:56,269 [WARN] ModelIntegratedComponent:64 - No mode defined for component null
2025-08-18 12:57:56,269 [WARN] ModelIntegratedComponent:64 - No mode defined for component null
2025-08-18 12:57:56,269 [WARN] ModelIntegratedComponent:64 - No mode defined for component null
2025-08-18 12:57:56,269 [WARN] ModelIntegratedComponent:64 - No mode defined for component null
2025-08-18 12:57:56,269 [WARN] ModelIntegratedComponent:64 - No mode defined for component null
2025-08-18 12:57:56,269 [WARN] ModelIntegratedComponent:64 - No mode defined for component null
2025-08-18 12:57:56,270 [WARN] ModelIntegratedComponent:64 - No mode defined for component null
2025-08-18 12:57:56,270 [WARN] ModelIntegratedComponent:64 - No mode defined for component null
2025-08-18 12:57:56,625 [INFO] ThirdPartyModel:294 - Start build external matchings
2025-08-18 12:57:59,129 [INFO] ThirdPartyModel:310 - End build external matchings
2025-08-18 12:57:59,152 [INFO] ImportTextPane:193 - (OptionalMessage_ERROR) IP (RCC) : Invalid parameter (48MHZClocksFreq_Value)
2025-08-18 12:57:59,152 [INFO] ImportTextPane:193 - (OptionalMessage_ERROR) IP (RCC) : Invalid parameter (EthernetFreq_Value)
2025-08-18 12:57:59,153 [INFO] ImportTextPane:193 - (OptionalMessage_ERROR) IP (RCC) : Parameter (FLatency) has Id (AdvancedSettings) currently not set
2025-08-18 12:57:59,153 [INFO] ImportTextPane:193 - (OptionalMessage_ERROR) IP (RCC) : Invalid parameter (FamilyName)
2025-08-18 12:57:59,153 [INFO] ImportTextPane:193 - (OptionalMessage_ERROR) IP (RCC) : Invalid parameter (I2SClocksFreq_Value)
2025-08-18 12:57:59,153 [INFO] ImportTextPane:193 - (OptionalMessage_ERROR) IP (RCC) : Parameter (SDIOFreq_Value) has invalid value (168000000)
2025-08-18 12:57:59,153 [INFO] ImportTextPane:193 - (OptionalMessage_ERROR) IP (RCC) : Parameter (USBFreq_Value) has invalid value (168000000)
2025-08-18 12:57:59,153 [INFO] ImportTextPane:193 - (OptionalMessage_ERROR) IP (RCC) : Invalid parameter (VCOInputMFreq_Value)
2025-08-18 12:57:59,154 [INFO] ImportTextPane:193 - (OptionalMessage_ERROR) IP (RCC) : Invalid parameter (VcooutputI2S)
2025-08-18 12:57:59,308 [INFO] UtilMem:74 - End LoadConfig() Used Memory: 897816760 Bytes (1073741824)
2025-08-18 12:57:59,315 [WARN] ThirdParty:807 - waiting for thirdparty lock release [change project]
2025-08-18 12:57:59,316 [INFO] ThirdParty:809 - entering critical section [change project]
2025-08-18 12:57:59,316 [INFO] ThirdParty:999 - CMSIS Pack Vendor :STMicroelectronics X-CUBE-PM33A1 1.0.0
2025-08-18 12:57:59,316 [INFO] ThirdParty:999 - CMSIS Pack Vendor :STMicroelectronics X-CUBE-GNSS1 6.0.0
2025-08-18 12:57:59,316 [INFO] ThirdParty:999 - CMSIS Pack Vendor :STMicroelectronics USB_HOST 2.0.0
2025-08-18 12:57:59,316 [INFO] ThirdParty:999 - CMSIS Pack Vendor :STMicroelectronics FP-SNS-MOTENVWB1 1.4.0
2025-08-18 12:57:59,316 [INFO] ThirdParty:999 - CMSIS Pack Vendor :STMicroelectronics X-CUBE-AZRTOS-F4 1.1.0
2025-08-18 12:57:59,316 [INFO] ThirdParty:999 - CMSIS Pack Vendor :STMicroelectronics LIBJPEG 8.0.0
2025-08-18 12:57:59,316 [INFO] ThirdParty:999 - CMSIS Pack Vendor :STMicroelectronics FP-ATR-ASTRA1 2.0.2
2025-08-18 12:57:59,316 [INFO] ThirdParty:999 - CMSIS Pack Vendor :STMicroelectronics X-CUBE-SMBUS 2.1.0
2025-08-18 12:57:59,316 [INFO] ThirdParty:999 - CMSIS Pack Vendor :STMicroelectronics X-CUBE-ISPU 2.1.0
2025-08-18 12:57:59,316 [INFO] ThirdParty:999 - CMSIS Pack Vendor :STMicroelectronics X-CUBE-FREERTOS 1.2.0
2025-08-18 12:57:59,316 [INFO] ThirdParty:999 - CMSIS Pack Vendor :wolfSSL I-CUBE-wolfSSL 5.6.6
2025-08-18 12:57:59,316 [INFO] ThirdParty:999 - CMSIS Pack Vendor :STMicroelectronics X-CUBE-TOUCHGFX 4.23.0
2025-08-18 12:57:59,316 [INFO] ThirdParty:999 - CMSIS Pack Vendor :STMicroelectronics X-CUBE-NFC12 1.0.0
2025-08-18 12:57:59,316 [INFO] ThirdParty:999 - CMSIS Pack Vendor :STMicroelectronics X-CUBE-TOUCHGFX 4.23.2
2025-08-18 12:57:59,316 [INFO] ThirdParty:999 - CMSIS Pack Vendor :STMicroelectronics X-CUBE-AZRTOS-F7 1.1.0
2025-08-18 12:57:59,316 [INFO] ThirdParty:999 - CMSIS Pack Vendor :STMicroelectronics X-CUBE-AZRTOS-L5 2.0.0
2025-08-18 12:57:59,316 [INFO] ThirdParty:999 - CMSIS Pack Vendor :STMicroelectronics USB_DEVICE 2.0.0
2025-08-18 12:57:59,316 [INFO] ThirdParty:999 - CMSIS Pack Vendor :STMicroelectronics X-CUBE-NFC6 3.1.0
2025-08-18 12:57:59,316 [INFO] ThirdParty:999 - CMSIS Pack Vendor :ITTIA_DB I-CUBE-ITTIADB 8.8.0
2025-08-18 12:57:59,316 [INFO] ThirdParty:999 - CMSIS Pack Vendor :STMicroelectronics FP-SNS-MOTENV1 4.3.2
2025-08-18 12:57:59,316 [INFO] ThirdParty:999 - CMSIS Pack Vendor :STMicroelectronics X-CUBE-MEMS1 11.0.0
2025-08-18 12:57:59,317 [INFO] ThirdParty:999 - CMSIS Pack Vendor :STMicroelectronics FreeRTOS 0.0.1
2025-08-18 12:57:59,317 [INFO] ThirdParty:999 - CMSIS Pack Vendor :STMicroelectronics X-CUBE-BLEMGR 2.0.0
2025-08-18 12:57:59,317 [INFO] ThirdParty:999 - CMSIS Pack Vendor :STMicroelectronics FP-SNS-FLIGHT1 5.0.2
2025-08-18 12:57:59,317 [INFO] ThirdParty:999 - CMSIS Pack Vendor :STMicroelectronics X-CUBE-AI 9.0.0
2025-08-18 12:57:59,317 [INFO] ThirdParty:999 - CMSIS Pack Vendor :STMicroelectronics PDM2PCM 3.3.0
2025-08-18 12:57:59,317 [INFO] ThirdParty:999 - CMSIS Pack Vendor :STMicroelectronics X-CUBE-AZRTOS-H7 3.4.0
2025-08-18 12:57:59,317 [INFO] ThirdParty:999 - CMSIS Pack Vendor :STMicroelectronics X-CUBE-BLE1 7.0.0
2025-08-18 12:57:59,317 [INFO] ThirdParty:999 - CMSIS Pack Vendor :STMicroelectronics X-CUBE-NFC10 1.0.0
2025-08-18 12:57:59,317 [INFO] ThirdParty:999 - CMSIS Pack Vendor :STMicroelectronics X-CUBE-FREERTOS 1.3.1
2025-08-18 12:57:59,317 [INFO] ThirdParty:999 - CMSIS Pack Vendor :STMicroelectronics HAL Drivers 0.0.0
2025-08-18 12:57:59,317 [INFO] ThirdParty:999 - CMSIS Pack Vendor :emotas I-CUBE-CANOPEN 1.3.0
2025-08-18 12:57:59,317 [INFO] ThirdParty:999 - CMSIS Pack Vendor :STMicroelectronics X-CUBE-NFC7 1.0.1
2025-08-18 12:57:59,317 [INFO] ThirdParty:999 - CMSIS Pack Vendor :STMicroelectronics MBEDTLS 2.14.1
2025-08-18 12:57:59,317 [INFO] ThirdParty:999 - CMSIS Pack Vendor :wolfSSL I-CUBE-wolfTPM 3.2.0
2025-08-18 12:57:59,317 [INFO] ThirdParty:999 - CMSIS Pack Vendor :STMicroelectronics X-CUBE-NFC6 3.0.0
2025-08-18 12:57:59,317 [INFO] ThirdParty:999 - CMSIS Pack Vendor :STMicroelectronics X-CUBE-EEPRMA1 4.1.0
2025-08-18 12:57:59,317 [INFO] ThirdParty:999 - CMSIS Pack Vendor :STMicroelectronics X-CUBE-BLEMGR 3.1.0
2025-08-18 12:57:59,317 [INFO] ThirdParty:999 - CMSIS Pack Vendor :STMicroelectronics X-CUBE-AZRTOS-WL 2.0.0
2025-08-18 12:57:59,317 [INFO] ThirdParty:999 - CMSIS Pack Vendor :STMicroelectronics FP-SNS-MOTENV1 5.0.0
2025-08-18 12:57:59,317 [INFO] ThirdParty:999 - CMSIS Pack Vendor :STMicroelectronics USB_DEVICE 1.0.0
2025-08-18 12:57:59,317 [INFO] ThirdParty:999 - CMSIS Pack Vendor :STMicroelectronics X-CUBE-AI 8.1.0
2025-08-18 12:57:59,317 [INFO] ThirdParty:999 - CMSIS Pack Vendor :wolfSSL I-CUBE-wolfMQTT 1.19.0
2025-08-18 12:57:59,317 [INFO] ThirdParty:999 - CMSIS Pack Vendor :STMicroelectronics X-CUBE-AZRTOS-L4 2.0.0
2025-08-18 12:57:59,317 [INFO] ThirdParty:999 - CMSIS Pack Vendor :STMicroelectronics ThreadX 0.0.2
2025-08-18 12:57:59,317 [INFO] ThirdParty:999 - CMSIS Pack Vendor :WES I-CUBE-Cesium 1.3.0
2025-08-18 12:57:59,318 [INFO] ThirdParty:999 - CMSIS Pack Vendor :STMicroelectronics lwIP 2.1.2
2025-08-18 12:57:59,318 [INFO] ThirdParty:999 - CMSIS Pack Vendor :STMicroelectronics X-CUBE-SFXS2LP1 4.0.0
2025-08-18 12:57:59,318 [INFO] ThirdParty:999 - CMSIS Pack Vendor :STMicroelectronics X-CUBE-BLE2 3.3.0
2025-08-18 12:57:59,318 [INFO] ThirdParty:999 - CMSIS Pack Vendor :STMicroelectronics PDM2PCM 3.2.0
2025-08-18 12:57:59,318 [INFO] ThirdParty:999 - CMSIS Pack Vendor :STMicroelectronics X-CUBE-AZRTOS-H7 3.3.0
2025-08-18 12:57:59,318 [INFO] ThirdParty:999 - CMSIS Pack Vendor :STMicroelectronics X-CUBE-NFC9 1.0.0
2025-08-18 12:57:59,318 [INFO] ThirdParty:999 - CMSIS Pack Vendor :STMicroelectronics X-CUBE-BLE1 7.1.0
2025-08-18 12:57:59,318 [INFO] ThirdParty:999 - CMSIS Pack Vendor :STMicroelectronics USB_DEVICE 3.0.0
2025-08-18 12:57:59,318 [INFO] ThirdParty:999 - CMSIS Pack Vendor :STMicroelectronics X-CUBE-TCPP 4.1.0
2025-08-18 12:57:59,318 [INFO] ThirdParty:999 - CMSIS Pack Vendor :STMicroelectronics X-CUBE-EEPRMA1 5.2.0
2025-08-18 12:57:59,318 [INFO] ThirdParty:999 - CMSIS Pack Vendor :STMicroelectronics X-CUBE-AZRTOS-WB 2.0.0
2025-08-18 12:57:59,318 [INFO] ThirdParty:999 - CMSIS Pack Vendor :STMicroelectronics X-CUBE-GNSS1 7.0.1
2025-08-18 12:57:59,318 [INFO] ThirdParty:999 - CMSIS Pack Vendor :STMicroelectronics X-CUBE-TOUCHGFX 4.25.0
2025-08-18 12:57:59,318 [INFO] ThirdParty:999 - CMSIS Pack Vendor :STMicroelectronics X-CUBE-AI 10.1.0
2025-08-18 12:57:59,318 [INFO] ThirdParty:999 - CMSIS Pack Vendor :STMicroelectronics X-CUBE-ALGOBUILD 1.3.0
2025-08-18 12:57:59,318 [INFO] ThirdParty:999 - CMSIS Pack Vendor :STMicroelectronics X-CUBE-MEMS1 11.2.0
2025-08-18 12:57:59,318 [INFO] ThirdParty:999 - CMSIS Pack Vendor :STMicroelectronics X-CUBE-AZRTOS-G0 1.1.0
2025-08-18 12:57:59,318 [INFO] ThirdParty:999 - CMSIS Pack Vendor :STMicroelectronics X-CUBE-SAFEA1 1.2.2
2025-08-18 12:57:59,318 [INFO] ThirdParty:999 - CMSIS Pack Vendor :STMicroelectronics X-CUBE-NFC4 3.0.0
2025-08-18 12:57:59,318 [INFO] ThirdParty:999 - CMSIS Pack Vendor :STMicroelectronics X-CUBE-SUBG2 5.0.0
2025-08-18 12:57:59,318 [INFO] ThirdParty:999 - CMSIS Pack Vendor :STMicroelectronics X-CUBE-AZRTOS-H7RS 1.1.0
2025-08-18 12:57:59,318 [INFO] ThirdParty:999 - CMSIS Pack Vendor :STMicroelectronics STM32_WPAN 1.0.0
2025-08-18 12:57:59,318 [INFO] ThirdParty:999 - CMSIS Pack Vendor :STMicroelectronics lwIP 2.0.3
2025-08-18 12:57:59,318 [INFO] ThirdParty:999 - CMSIS Pack Vendor :STMicroelectronics USB_HOST 1.0.0
2025-08-18 12:57:59,318 [INFO] ThirdParty:999 - CMSIS Pack Vendor :STMicroelectronics X-CUBE-AZRTOS-G4 2.0.0
2025-08-18 12:57:59,318 [INFO] ThirdParty:999 - CMSIS Pack Vendor :STMicroelectronics X-CUBE-WB05N 2.0.0
2025-08-18 12:57:59,319 [INFO] ThirdParty:999 - CMSIS Pack Vendor :STMicroelectronics PDM2PCM 3.1.0
2025-08-18 12:57:59,319 [INFO] ThirdParty:999 - CMSIS Pack Vendor :Infineon AIROC-Wi-Fi-Bluetooth-STM32 1.5.1
2025-08-18 12:57:59,319 [INFO] ThirdParty:999 - CMSIS Pack Vendor :STMicroelectronics X-CUBE-BLEMGR 3.0.0
2025-08-18 12:57:59,319 [INFO] ThirdParty:999 - CMSIS Pack Vendor :STMicroelectronics X-CUBE-NFC7 2.0.0
2025-08-18 12:57:59,319 [INFO] ThirdParty:999 - CMSIS Pack Vendor :STMicroelectronics FP-SNS-MOTENVWB1 1.3.1
2025-08-18 12:57:59,319 [INFO] ThirdParty:999 - CMSIS Pack Vendor :STMicroelectronics FP-ATR-SIGFOX1 3.2.0
2025-08-18 12:57:59,319 [INFO] ThirdParty:999 - CMSIS Pack Vendor :STMicroelectronics X-CUBE-ISPU 2.0.0
2025-08-18 12:57:59,319 [INFO] ThirdParty:999 - CMSIS Pack Vendor :STMicroelectronics X-CUBE-EEPRMA1 5.1.0
2025-08-18 12:57:59,319 [INFO] ThirdParty:999 - CMSIS Pack Vendor :STMicroelectronics MBEDTLS 2.16.2
2025-08-18 12:57:59,319 [INFO] ThirdParty:999 - CMSIS Pack Vendor :STMicroelectronics X-CUBE-ALS 1.0.2
2025-08-18 12:57:59,319 [INFO] ThirdParty:999 - CMSIS Pack Vendor :STMicroelectronics X-CUBE-MEMS1 10.0.0
2025-08-18 12:57:59,319 [INFO] ThirdParty:999 - CMSIS Pack Vendor :STMicroelectronics X-CUBE-FREERTOS 1.1.0
2025-08-18 12:57:59,319 [INFO] ThirdParty:999 - CMSIS Pack Vendor :STMicroelectronics X-CUBE-TOUCHGFX 4.24.0
2025-08-18 12:57:59,319 [INFO] ThirdParty:999 - CMSIS Pack Vendor :portGmbH I-Cube-SoM-uGOAL 1.1.0
2025-08-18 12:57:59,319 [INFO] ThirdParty:999 - CMSIS Pack Vendor :STMicroelectronics X-CUBE-ALS 1.0.1
2025-08-18 12:57:59,319 [INFO] ThirdParty:999 - CMSIS Pack Vendor :STMicroelectronics X-CUBE-AI 10.2.0
2025-08-18 12:57:59,319 [INFO] ThirdParty:999 - CMSIS Pack Vendor :STMicroelectronics ThreadX 1.0.0
2025-08-18 12:57:59,319 [INFO] ThirdParty:999 - CMSIS Pack Vendor :SEGGER I-CUBE-embOS 1.3.1
2025-08-18 12:57:59,319 [INFO] ThirdParty:999 - CMSIS Pack Vendor :STMicroelectronics X-CUBE-ALGOBUILD 1.4.0
2025-08-18 12:57:59,319 [INFO] ThirdParty:999 - CMSIS Pack Vendor :STMicroelectronics X-CUBE-MEMS1 11.3.0
2025-08-18 12:57:59,319 [INFO] ThirdParty:999 - CMSIS Pack Vendor :STMicroelectronics X-CUBE-AZRTOS-H7RS 1.0.0
2025-08-18 12:57:59,319 [INFO] ThirdParty:999 - CMSIS Pack Vendor :STMicroelectronics FP-ATR-ASTRA1 2.0.0
2025-08-18 12:57:59,319 [INFO] ThirdParty:999 - CMSIS Pack Vendor :STMicroelectronics X-CUBE-TOF1 3.4.0
2025-08-18 12:57:59,319 [INFO] ThirdParty:999 - CMSIS Pack Vendor :STMicroelectronics X-CUBE-TOF1 3.4.1
2025-08-18 12:57:59,319 [INFO] ThirdParty:999 - CMSIS Pack Vendor :STMicroelectronics X-CUBE-AZRTOS-H7 3.2.0
2025-08-18 12:57:59,319 [INFO] ThirdParty:999 - CMSIS Pack Vendor :wolfSSL I-CUBE-wolfSSH 1.4.17
2025-08-18 12:57:59,320 [INFO] ThirdParty:815 - exiting critical section [change project]
2025-08-18 12:57:59,541 [INFO] PinOutPanel:1477 - setPackage(No Configuration,No Configuration)
2025-08-18 12:57:59,541 [INFO] PinOutPanel:1477 - setPackage(STM32F446RETx,LQFP64)
2025-08-18 12:57:59,945 [INFO] UtilMem:74 - Before build in PCC Used Memory: 835013040 Bytes (1073741824)
2025-08-18 12:58:00,060 [INFO] UtilMem:74 - After build in PCC Used Memory: 882176512 Bytes (1073741824)
2025-08-18 12:58:00,077 [INFO] IPUIPlugin:79 - create IPUIPlugin
2025-08-18 12:58:00,078 [INFO] IPUIPlugin:79 - create IPUIPlugin
2025-08-18 12:58:00,078 [INFO] IPUIPlugin:79 - create IPUIPlugin
2025-08-18 12:58:00,078 [INFO] IPUIPlugin:79 - create IPUIPlugin
2025-08-18 12:58:00,078 [INFO] IPUIPlugin:79 - create IPUIPlugin
2025-08-18 12:58:00,078 [INFO] IPUIPlugin:79 - create IPUIPlugin
2025-08-18 12:58:00,078 [INFO] IPUIPlugin:79 - create IPUIPlugin
2025-08-18 12:58:00,078 [INFO] IPUIPlugin:79 - create IPUIPlugin
2025-08-18 12:58:00,078 [INFO] IPUIPlugin:79 - create IPUIPlugin
2025-08-18 12:58:00,078 [INFO] IPUIPlugin:79 - create IPUIPlugin
2025-08-18 12:58:00,078 [INFO] IPUIPlugin:79 - create IPUIPlugin
2025-08-18 12:58:00,078 [INFO] IPUIPlugin:79 - create IPUIPlugin
2025-08-18 12:58:00,079 [INFO] IPUIPlugin:79 - create IPUIPlugin
2025-08-18 12:58:00,079 [INFO] IPUIPlugin:79 - create IPUIPlugin
2025-08-18 12:58:00,079 [INFO] IPUIPlugin:79 - create IPUIPlugin
2025-08-18 12:58:00,079 [INFO] IPUIPlugin:79 - create IPUIPlugin
2025-08-18 12:58:00,079 [INFO] IPUIPlugin:79 - create IPUIPlugin
2025-08-18 12:58:00,079 [INFO] IPUIPlugin:79 - create IPUIPlugin
2025-08-18 12:58:00,079 [INFO] IPUIPlugin:79 - create IPUIPlugin
2025-08-18 12:58:00,079 [INFO] IPUIPlugin:79 - create IPUIPlugin
2025-08-18 12:58:00,079 [INFO] IPUIPlugin:79 - create IPUIPlugin
2025-08-18 12:58:00,080 [INFO] IPUIPlugin:79 - create IPUIPlugin
2025-08-18 12:58:00,080 [INFO] IPUIPlugin:79 - create IPUIPlugin
2025-08-18 12:58:00,080 [INFO] IPUIPlugin:79 - create IPUIPlugin
2025-08-18 12:58:00,080 [INFO] IPUIPlugin:79 - create IPUIPlugin
2025-08-18 12:58:00,080 [INFO] IPUIPlugin:79 - create IPUIPlugin
2025-08-18 12:58:00,080 [INFO] IPUIPlugin:79 - create IPUIPlugin
2025-08-18 12:58:00,081 [INFO] IPUIPlugin:79 - create IPUIPlugin
2025-08-18 12:58:00,081 [INFO] IPUIPlugin:79 - create IPUIPlugin
2025-08-18 12:58:00,081 [INFO] IPUIPlugin:79 - create IPUIPlugin
2025-08-18 12:58:00,081 [INFO] IPUIPlugin:79 - create IPUIPlugin
2025-08-18 12:58:00,081 [INFO] IPUIPlugin:79 - create IPUIPlugin
2025-08-18 12:58:00,081 [INFO] IPUIPlugin:79 - create IPUIPlugin
2025-08-18 12:58:00,082 [INFO] IPUIPlugin:79 - create IPUIPlugin
2025-08-18 12:58:00,082 [INFO] IPUIPlugin:79 - create IPUIPlugin
2025-08-18 12:58:00,082 [INFO] IPUIPlugin:79 - create IPUIPlugin
2025-08-18 12:58:00,082 [INFO] IPUIPlugin:79 - create IPUIPlugin
2025-08-18 12:58:00,082 [INFO] IPUIPlugin:79 - create IPUIPlugin
2025-08-18 12:58:00,082 [INFO] IPUIPlugin:79 - create IPUIPlugin
2025-08-18 12:58:00,082 [INFO] IPUIPlugin:79 - create IPUIPlugin
2025-08-18 12:58:00,082 [INFO] IPUIPlugin:79 - create IPUIPlugin
2025-08-18 12:58:00,082 [INFO] IPUIPlugin:79 - create IPUIPlugin
2025-08-18 12:58:00,082 [INFO] IPUIPlugin:79 - create IPUIPlugin
2025-08-18 12:58:00,082 [INFO] IPUIPlugin:79 - create IPUIPlugin
2025-08-18 12:58:00,083 [INFO] IPUIPlugin:79 - create IPUIPlugin
2025-08-18 12:58:00,083 [INFO] IPUIPlugin:79 - create IPUIPlugin
2025-08-18 12:58:00,083 [INFO] IPUIPlugin:79 - create IPUIPlugin
2025-08-18 12:58:00,083 [INFO] IPUIPlugin:79 - create IPUIPlugin
2025-08-18 12:58:00,083 [INFO] IPUIPlugin:79 - create IPUIPlugin
2025-08-18 12:58:00,083 [INFO] IPUIPlugin:79 - create IPUIPlugin
2025-08-18 12:58:00,083 [INFO] IPUIPlugin:79 - create IPUIPlugin
2025-08-18 12:58:00,083 [INFO] IPUIPlugin:79 - create IPUIPlugin
2025-08-18 12:58:00,084 [INFO] IPUIPlugin:79 - create IPUIPlugin
2025-08-18 12:58:00,084 [INFO] IPUIPlugin:79 - create IPUIPlugin
2025-08-18 12:58:00,084 [INFO] IPUIPlugin:79 - create IPUIPlugin
2025-08-18 12:58:00,084 [INFO] IPUIPlugin:79 - create IPUIPlugin
2025-08-18 12:58:00,084 [INFO] IPUIPlugin:79 - create IPUIPlugin
2025-08-18 12:58:00,085 [INFO] IPUIPlugin:79 - create IPUIPlugin
2025-08-18 12:58:00,085 [INFO] IPUIPlugin:79 - create IPUIPlugin
2025-08-18 12:58:00,086 [INFO] IPUIPlugin:79 - create IPUIPlugin
2025-08-18 12:58:00,087 [INFO] ApiDbMcu:505 - Load IP Config File for PDM2PCM
2025-08-18 12:58:00,122 [INFO] CADModel:164 - CPN selected for project levelSTM32F446RET6
2025-08-18 12:58:00,122 [INFO] CADModel:113 - Register for checkConnection events
2025-08-18 12:58:00,160 [INFO] OpenFileManager:327 - Restore cursor
2025-08-18 12:58:00,646 [INFO] UtilMem:74 - End SaveConfig() Used Memory: 906476336 Bytes (1073741824)
2025-08-18 12:58:00,692 [INFO] UtilMem:74 - End SaveConfig() Used Memory: 926205376 Bytes (1073741824)
2025-08-18 12:58:00,954 [INFO] BlockDiagram:2759 - set Specific Code input for plugin: SYS
2025-08-18 12:58:00,954 [INFO] BlockDiagram:2759 - set Specific Code input for plugin: RCC
2025-08-18 12:58:00,954 [INFO] BlockDiagram:2759 - set Specific Code input for plugin: NVIC
2025-08-18 12:58:00,954 [INFO] BlockDiagram:2759 - set Specific Code input for plugin: USART
2025-08-18 12:58:00,954 [INFO] BlockDiagram:2759 - set Specific Code input for plugin: GPIO
2025-08-18 12:58:00,955 [INFO] CodeGenerator:692 - code generatio: config db path: /opt/st/stm32cubeide_1.11.0/plugins/com.st.stm32cube.common.mx_6.7.0.202211181646//db/
2025-08-18 12:58:01,269 [INFO] CodeEngine:247 - oldGeneratedFile, /home/boobathi/new_stm32_workspace/LM393/MXTmpFiles/license.tmp_save
2025-08-18 12:58:01,341 [INFO] CodeEngine:271 - Generated code: /home/boobathi/new_stm32_workspace/LM393/MXTmpFiles/license.tmp
2025-08-18 12:58:01,358 [INFO] CodeEngine:247 - oldGeneratedFile, /home/boobathi/new_stm32_workspace/LM393/MXTmpFiles/gpio.tmp_save
2025-08-18 12:58:01,438 [INFO] CodeEngine:271 - Generated code: /home/boobathi/new_stm32_workspace/LM393/MXTmpFiles/gpio.tmp
2025-08-18 12:58:01,461 [INFO] CodeEngine:247 - oldGeneratedFile, /home/boobathi/new_stm32_workspace/LM393/Core/Src/stm32f4xx_it.c_save
2025-08-18 12:58:01,607 [INFO] CodeEngine:271 - Generated code: /home/boobathi/new_stm32_workspace/LM393/Core/Src/stm32f4xx_it.c
2025-08-18 12:58:01,607 [INFO] CodeEngine:247 - oldGeneratedFile, /home/boobathi/new_stm32_workspace/LM393/Core/Inc/stm32f4xx_it.h_save
2025-08-18 12:58:01,656 [INFO] CodeEngine:271 - Generated code: /home/boobathi/new_stm32_workspace/LM393/Core/Inc/stm32f4xx_it.h
2025-08-18 12:58:01,658 [INFO] CodeEngine:247 - oldGeneratedFile, /home/boobathi/new_stm32_workspace/LM393/Core/Src/stm32f4xx_hal_msp.c_save
2025-08-18 12:58:01,770 [INFO] CodeEngine:271 - Generated code: /home/boobathi/new_stm32_workspace/LM393/Core/Src/stm32f4xx_hal_msp.c
2025-08-18 12:58:01,770 [INFO] CodeEngine:247 - oldGeneratedFile, /home/boobathi/new_stm32_workspace/LM393/MXTmpFiles/system.tmp_save
2025-08-18 12:58:01,816 [INFO] CodeEngine:271 - Generated code: /home/boobathi/new_stm32_workspace/LM393/MXTmpFiles/system.tmp
2025-08-18 12:58:01,817 [INFO] CodeEngine:303 - oldGeneratedFile, /home/boobathi/new_stm32_workspace/LM393/Core/Inc/stm32f4xx_hal_conf.h_save
2025-08-18 12:58:01,872 [INFO] CodeEngine:327 - Generated code: /home/boobathi/new_stm32_workspace/LM393/Core/Inc/stm32f4xx_hal_conf.h
2025-08-18 12:58:01,883 [WARN] IPConfigManager:2928 - Warning: the RefConfig PLL2P_FOR_MCO is not available in your config.xml file
2025-08-18 12:58:01,887 [INFO] CodeEngine:247 - oldGeneratedFile, /home/boobathi/new_stm32_workspace/LM393/Core/Inc/main.h_save
2025-08-18 12:58:01,960 [INFO] CodeEngine:271 - Generated code: /home/boobathi/new_stm32_workspace/LM393/Core/Inc/main.h
2025-08-18 12:58:01,961 [INFO] CodeEngine:247 - oldGeneratedFile, /home/boobathi/new_stm32_workspace/LM393/Core/Src/main.c_save
2025-08-18 12:58:02,041 [INFO] CodeEngine:271 - Generated code: /home/boobathi/new_stm32_workspace/LM393/Core/Src/main.c
2025-08-18 12:58:02,591 [INFO] ProjectBuilder:2919 - Time for Copy HAL[1] : 17mS.
2025-08-18 12:58:02,592 [INFO] ProjectBuilder:4183 - Project Generator version: 3.18.0-B7
2025-08-18 12:58:02,906 [INFO] ConfigFileManager:1396 - The Die is : DIE421
2025-08-18 12:58:02,908 [INFO] ApiDbMcu:505 - Load IP Config File for FATFS
2025-08-18 12:58:02,911 [INFO] ApiDbMcu:505 - Load IP Config File for FREERTOS
2025-08-18 12:58:02,912 [INFO] ApiDbMcu:505 - Load IP Config File for LIBJPEG
2025-08-18 12:58:02,916 [INFO] ApiDbMcu:505 - Load IP Config File for MBEDTLS
2025-08-18 12:58:02,921 [INFO] ApiDbMcu:505 - Load IP Config File for USB_DEVICE
2025-08-18 12:58:02,924 [INFO] ApiDbMcu:505 - Load IP Config File for USB_HOST
2025-08-18 12:58:07,497 [INFO] ProjectBuilder:4351 - Time for Generating toolchain IDE Files: 4905mS.
2025-08-18 12:58:07,497 [INFO] ProjectBuilder:2790 - Time for Copy CMSIS : 0mS.
2025-08-18 12:58:07,498 [INFO] ProjectBuilder:2790 - Time for Copy CMSIS : 0mS.
2025-08-18 12:58:08,245 [INFO] McuFinderGlobals:65 - Set McuFinderConnectedMode to true
2025-08-18 12:58:08,246 [INFO] ApiDb:447 - Save user favorites file /home/boobathi/.stm32cubeide/favorites.mcus.txt: 0 item(s)
2025-08-18 12:58:08,246 [INFO] ApiDb:451 - User favorites MCUs=[]
2025-08-18 12:58:08,247 [INFO] ApiDb:447 - Save user favorites file /home/boobathi/.stm32cubeide/favorites.boards.txt: 1 item(s)
2025-08-18 12:58:08,247 [INFO] ApiDb:451 - User favorites Boards=[NUCLEO-F446RE]
2025-08-18 14:26:26,605 [INFO] Gpio:272 - dependency for GPIO [RCC, SYS, USART2]
2025-08-18 14:26:42,628 [INFO] UtilMem:74 - End SaveConfig() Used Memory: 894234624 Bytes (1073741824)
2025-08-18 14:26:42,704 [INFO] UtilMem:74 - End SaveConfig() Used Memory: 924643328 Bytes (1073741824)
2025-08-18 14:26:43,662 [INFO] UtilMem:74 - End SaveConfig() Used Memory: 847014320 Bytes (1073741824)
2025-08-18 14:26:43,887 [INFO] BlockDiagram:2759 - set Specific Code input for plugin: SYS
2025-08-18 14:26:43,887 [INFO] BlockDiagram:2759 - set Specific Code input for plugin: RCC
2025-08-18 14:26:43,887 [INFO] BlockDiagram:2759 - set Specific Code input for plugin: NVIC
2025-08-18 14:26:43,888 [INFO] BlockDiagram:2759 - set Specific Code input for plugin: USART
2025-08-18 14:26:43,888 [INFO] BlockDiagram:2759 - set Specific Code input for plugin: GPIO
2025-08-18 14:26:43,888 [INFO] CodeGenerator:692 - code generatio: config db path: /opt/st/stm32cubeide_1.11.0/plugins/com.st.stm32cube.common.mx_6.7.0.202211181646//db/
2025-08-18 14:26:44,099 [INFO] CodeEngine:247 - oldGeneratedFile, /home/boobathi/new_stm32_workspace/LM393/MXTmpFiles/license.tmp_save
2025-08-18 14:26:44,162 [INFO] CodeEngine:271 - Generated code: /home/boobathi/new_stm32_workspace/LM393/MXTmpFiles/license.tmp
2025-08-18 14:26:44,169 [INFO] CodeEngine:247 - oldGeneratedFile, /home/boobathi/new_stm32_workspace/LM393/MXTmpFiles/gpio.tmp_save
2025-08-18 14:26:44,275 [INFO] CodeEngine:271 - Generated code: /home/boobathi/new_stm32_workspace/LM393/MXTmpFiles/gpio.tmp
2025-08-18 14:26:44,307 [INFO] CodeEngine:247 - oldGeneratedFile, /home/boobathi/new_stm32_workspace/LM393/Core/Src/stm32f4xx_it.c_save
2025-08-18 14:26:44,534 [INFO] CodeEngine:271 - Generated code: /home/boobathi/new_stm32_workspace/LM393/Core/Src/stm32f4xx_it.c
2025-08-18 14:26:44,535 [INFO] CodeEngine:247 - oldGeneratedFile, /home/boobathi/new_stm32_workspace/LM393/Core/Inc/stm32f4xx_it.h_save
2025-08-18 14:26:44,585 [INFO] CodeEngine:271 - Generated code: /home/boobathi/new_stm32_workspace/LM393/Core/Inc/stm32f4xx_it.h
2025-08-18 14:26:44,588 [INFO] CodeEngine:247 - oldGeneratedFile, /home/boobathi/new_stm32_workspace/LM393/Core/Src/stm32f4xx_hal_msp.c_save
2025-08-18 14:26:44,663 [INFO] CodeEngine:271 - Generated code: /home/boobathi/new_stm32_workspace/LM393/Core/Src/stm32f4xx_hal_msp.c
2025-08-18 14:26:44,663 [INFO] CodeEngine:247 - oldGeneratedFile, /home/boobathi/new_stm32_workspace/LM393/MXTmpFiles/system.tmp_save
2025-08-18 14:26:44,707 [INFO] CodeEngine:271 - Generated code: /home/boobathi/new_stm32_workspace/LM393/MXTmpFiles/system.tmp
2025-08-18 14:26:44,709 [INFO] CodeEngine:303 - oldGeneratedFile, /home/boobathi/new_stm32_workspace/LM393/Core/Inc/stm32f4xx_hal_conf.h_save
2025-08-18 14:26:44,811 [INFO] CodeEngine:327 - Generated code: /home/boobathi/new_stm32_workspace/LM393/Core/Inc/stm32f4xx_hal_conf.h
2025-08-18 14:26:44,822 [WARN] IPConfigManager:2928 - Warning: the RefConfig PLL2P_FOR_MCO is not available in your config.xml file
2025-08-18 14:26:44,826 [INFO] CodeEngine:247 - oldGeneratedFile, /home/boobathi/new_stm32_workspace/LM393/Core/Inc/main.h_save
2025-08-18 14:26:44,887 [INFO] CodeEngine:271 - Generated code: /home/boobathi/new_stm32_workspace/LM393/Core/Inc/main.h
2025-08-18 14:26:44,888 [INFO] CodeEngine:247 - oldGeneratedFile, /home/boobathi/new_stm32_workspace/LM393/Core/Src/main.c_save
2025-08-18 14:26:44,962 [INFO] CodeEngine:271 - Generated code: /home/boobathi/new_stm32_workspace/LM393/Core/Src/main.c
2025-08-18 14:26:45,514 [INFO] ProjectBuilder:2919 - Time for Copy HAL[1] : 20mS.
2025-08-18 14:26:45,515 [INFO] ProjectBuilder:4183 - Project Generator version: 3.18.0-B7
2025-08-18 14:26:45,894 [INFO] ConfigFileManager:1396 - The Die is : DIE421
2025-08-18 14:26:47,324 [INFO] ProjectBuilder:4351 - Time for Generating toolchain IDE Files: 1809mS.
2025-08-18 14:26:47,324 [INFO] ProjectBuilder:2790 - Time for Copy CMSIS : 0mS.
2025-08-18 14:26:47,324 [INFO] ProjectBuilder:2790 - Time for Copy CMSIS : 0mS.
2025-08-18 14:30:46,506 [INFO] LogOutputStream:76 - [STDOUT_REDIRECT] StartTraceHandler.execute(), success : Collect=true
2025-08-18 14:42:24,545 [INFO] Gpio:272 - dependency for GPIO [RCC, SYS, USART2]
2025-08-18 14:42:24,583 [INFO] NvicIntPanel:100 - NVIC parent = com.st.microxplorer.plugins.ip.nvic.MultiNvicIntPanel[,0,0,0x0,invalid,layout=javax.swing.BoxLayout,alignmentX=0.0,alignmentY=0.0,border=,flags=9,maximumSize=,minimumSize=,preferredSize=]
2025-08-18 14:42:31,922 [INFO] Gpio:272 - dependency for GPIO [RCC, SYS, USART2]
2025-08-18 14:42:39,587 [INFO] ADCParametersView:113 -                Rank 1 : false
2025-08-18 14:42:39,609 [INFO] ADCParametersView:113 -                Rank 1 : false
2025-08-18 14:42:39,609 [INFO] ADCParametersView:113 -                Rank 1 : false
2025-08-18 14:42:39,609 [INFO] ADCParametersView:113 -                Rank 1 : false
2025-08-18 14:42:39,609 [INFO] ADCParametersView:113 -                Rank 1 : false
2025-08-18 14:42:39,609 [INFO] ADCParametersView:113 -                Rank 1 : false
2025-08-18 14:42:39,609 [INFO] ADCParametersView:113 -                Rank 1 : false
2025-08-18 14:42:39,609 [INFO] ADCParametersView:113 -                Rank 1 : false
2025-08-18 14:42:39,609 [INFO] ADCParametersView:113 -                Rank 1 : false
2025-08-18 14:42:39,609 [INFO] ADCParametersView:113 -                Rank 1 : false
2025-08-18 14:42:39,609 [INFO] ADCParametersView:113 -                Rank 1 : false
2025-08-18 14:42:39,609 [INFO] ADCParametersView:113 -                Rank 1 : false
2025-08-18 14:42:39,609 [INFO] ADCParametersView:113 -                Rank 1 : false
2025-08-18 14:42:39,610 [INFO] ADCParametersView:113 -                Rank 1 : false
2025-08-18 14:42:39,610 [INFO] ADCParametersView:113 -                Rank 1 : false
2025-08-18 14:42:39,620 [INFO] ADCParametersView:113 -                Rank 1 : false
2025-08-18 14:42:39,729 [INFO] NvicIntPanel:100 - NVIC parent = com.st.microxplorer.plugins.ip.nvic.MultiNvicIntPanel[,0,0,0x0,invalid,layout=javax.swing.BoxLayout,alignmentX=0.0,alignmentY=0.0,border=,flags=9,maximumSize=,minimumSize=,preferredSize=]
2025-08-18 14:42:39,848 [INFO] NvicIntPanel:100 - NVIC parent = com.st.microxplorer.plugins.ip.nvic.MultiNvicIntPanel[,0,0,0x0,invalid,layout=javax.swing.BoxLayout,alignmentX=0.0,alignmentY=0.0,border=,flags=9,maximumSize=,minimumSize=,preferredSize=]
2025-08-18 14:42:39,998 [INFO] NvicIntPanel:100 - NVIC parent = com.st.microxplorer.plugins.ip.nvic.MultiNvicIntPanel[,0,0,0x0,invalid,layout=javax.swing.BoxLayout,alignmentX=0.0,alignmentY=0.0,border=,flags=9,maximumSize=,minimumSize=,preferredSize=]
2025-08-18 14:42:40,187 [INFO] ADCParametersView:113 -                Rank 1 : false
2025-08-18 14:42:40,188 [INFO] ADCParametersView:113 -                Rank 1 : false
2025-08-18 14:42:40,188 [INFO] ADCParametersView:113 -                Rank 1 : false
2025-08-18 14:42:40,188 [INFO] ADCParametersView:113 -                Rank 1 : false
2025-08-18 14:42:40,188 [INFO] ADCParametersView:113 -                Rank 1 : false
2025-08-18 14:42:40,188 [INFO] ADCParametersView:113 -                Rank 1 : false
2025-08-18 14:42:40,188 [INFO] ADCParametersView:113 -                Rank 1 : false
2025-08-18 14:42:40,188 [INFO] ADCParametersView:113 -                Rank 1 : false
2025-08-18 14:42:40,188 [INFO] ADCParametersView:113 -                Rank 1 : false
2025-08-18 14:42:40,188 [INFO] ADCParametersView:113 -                Rank 1 : false
2025-08-18 14:42:40,188 [INFO] ADCParametersView:113 -                Rank 1 : false
2025-08-18 14:42:40,188 [INFO] ADCParametersView:113 -                Rank 1 : false
2025-08-18 14:42:40,188 [INFO] ADCParametersView:113 -                Rank 1 : false
2025-08-18 14:42:40,188 [INFO] ADCParametersView:113 -                Rank 1 : false
2025-08-18 14:42:40,230 [INFO] ADCParametersView:113 -                Rank 1 : false
2025-08-18 14:42:40,276 [INFO] ADCParametersView:113 -                Rank 1 : false
2025-08-18 14:42:40,277 [INFO] ADCParametersView:113 -                Rank 1 : false
2025-08-18 14:42:40,277 [INFO] ADCParametersView:113 -                Rank 1 : false
2025-08-18 14:42:40,277 [INFO] ADCParametersView:113 -                Rank 1 : false
2025-08-18 14:42:40,277 [INFO] ADCParametersView:113 -                Rank 1 : false
2025-08-18 14:42:40,277 [INFO] ADCParametersView:113 -                Rank 1 : false
2025-08-18 14:42:40,277 [INFO] ADCParametersView:113 -                Rank 1 : false
2025-08-18 14:42:40,277 [INFO] ADCParametersView:113 -                Rank 1 : false
2025-08-18 14:42:40,277 [INFO] ADCParametersView:113 -                Rank 1 : false
2025-08-18 14:42:40,277 [INFO] ADCParametersView:113 -                Rank 1 : false
2025-08-18 14:42:40,277 [INFO] ADCParametersView:113 -                Rank 1 : false
2025-08-18 14:42:40,277 [INFO] ADCParametersView:113 -                Rank 1 : false
2025-08-18 14:42:40,277 [INFO] ADCParametersView:113 -                Rank 1 : false
2025-08-18 14:42:40,277 [INFO] ADCParametersView:113 -                Rank 1 : false
2025-08-18 14:42:40,320 [INFO] ADCParametersView:113 -                Rank 1 : false
2025-08-18 14:46:22,423 [INFO] UtilMem:74 - End SaveConfig() Used Memory: 866605056 Bytes (1073741824)
2025-08-18 14:46:22,497 [INFO] UtilMem:74 - End SaveConfig() Used Memory: 887238360 Bytes (1073741824)
2025-08-18 14:46:22,822 [INFO] UtilMem:74 - End SaveConfig() Used Memory: 926035672 Bytes (1073741824)
2025-08-18 14:46:23,072 [INFO] BlockDiagram:2759 - set Specific Code input for plugin: SYS
2025-08-18 14:46:23,072 [INFO] BlockDiagram:2759 - set Specific Code input for plugin: ADC
2025-08-18 14:46:23,072 [INFO] BlockDiagram:2759 - set Specific Code input for plugin: RCC
2025-08-18 14:46:23,072 [INFO] BlockDiagram:2759 - set Specific Code input for plugin: NVIC
2025-08-18 14:46:23,072 [INFO] BlockDiagram:2759 - set Specific Code input for plugin: USART
2025-08-18 14:46:23,072 [INFO] BlockDiagram:2759 - set Specific Code input for plugin: GPIO
2025-08-18 14:46:23,072 [INFO] CodeGenerator:692 - code generatio: config db path: /opt/st/stm32cubeide_1.11.0/plugins/com.st.stm32cube.common.mx_6.7.0.202211181646//db/
2025-08-18 14:46:23,280 [INFO] CodeEngine:247 - oldGeneratedFile, /home/boobathi/new_stm32_workspace/LM393/MXTmpFiles/license.tmp_save
2025-08-18 14:46:23,346 [INFO] CodeEngine:271 - Generated code: /home/boobathi/new_stm32_workspace/LM393/MXTmpFiles/license.tmp
2025-08-18 14:46:23,354 [INFO] CodeEngine:247 - oldGeneratedFile, /home/boobathi/new_stm32_workspace/LM393/MXTmpFiles/gpio.tmp_save
2025-08-18 14:46:23,452 [INFO] CodeEngine:271 - Generated code: /home/boobathi/new_stm32_workspace/LM393/MXTmpFiles/gpio.tmp
2025-08-18 14:46:23,505 [INFO] CodeEngine:247 - oldGeneratedFile, /home/boobathi/new_stm32_workspace/LM393/Core/Src/stm32f4xx_it.c_save
2025-08-18 14:46:23,676 [INFO] CodeEngine:271 - Generated code: /home/boobathi/new_stm32_workspace/LM393/Core/Src/stm32f4xx_it.c
2025-08-18 14:46:23,677 [INFO] CodeEngine:247 - oldGeneratedFile, /home/boobathi/new_stm32_workspace/LM393/Core/Inc/stm32f4xx_it.h_save
2025-08-18 14:46:23,785 [INFO] CodeEngine:271 - Generated code: /home/boobathi/new_stm32_workspace/LM393/Core/Inc/stm32f4xx_it.h
2025-08-18 14:46:23,788 [INFO] CodeEngine:247 - oldGeneratedFile, /home/boobathi/new_stm32_workspace/LM393/Core/Src/stm32f4xx_hal_msp.c_save
2025-08-18 14:46:23,917 [INFO] CodeEngine:271 - Generated code: /home/boobathi/new_stm32_workspace/LM393/Core/Src/stm32f4xx_hal_msp.c
2025-08-18 14:46:23,918 [INFO] CodeEngine:247 - oldGeneratedFile, /home/boobathi/new_stm32_workspace/LM393/MXTmpFiles/system.tmp_save
2025-08-18 14:46:23,967 [INFO] CodeEngine:271 - Generated code: /home/boobathi/new_stm32_workspace/LM393/MXTmpFiles/system.tmp
2025-08-18 14:46:23,969 [INFO] CodeEngine:303 - oldGeneratedFile, /home/boobathi/new_stm32_workspace/LM393/Core/Inc/stm32f4xx_hal_conf.h_save
2025-08-18 14:46:24,043 [INFO] CodeEngine:327 - Generated code: /home/boobathi/new_stm32_workspace/LM393/Core/Inc/stm32f4xx_hal_conf.h
2025-08-18 14:46:24,054 [WARN] IPConfigManager:2928 - Warning: the RefConfig PLL2P_FOR_MCO is not available in your config.xml file
2025-08-18 14:46:24,059 [INFO] CodeEngine:247 - oldGeneratedFile, /home/boobathi/new_stm32_workspace/LM393/Core/Inc/main.h_save
2025-08-18 14:46:24,149 [INFO] CodeEngine:271 - Generated code: /home/boobathi/new_stm32_workspace/LM393/Core/Inc/main.h
2025-08-18 14:46:24,151 [INFO] CodeEngine:247 - oldGeneratedFile, /home/boobathi/new_stm32_workspace/LM393/Core/Src/main.c_save
2025-08-18 14:46:24,250 [INFO] CodeEngine:271 - Generated code: /home/boobathi/new_stm32_workspace/LM393/Core/Src/main.c
2025-08-18 14:46:24,759 [INFO] ProjectBuilder:2919 - Time for Copy HAL[1] : 21mS.
2025-08-18 14:46:24,761 [INFO] ProjectBuilder:4183 - Project Generator version: 3.18.0-B7
2025-08-18 14:46:25,174 [INFO] ConfigFileManager:1396 - The Die is : DIE421
2025-08-18 14:46:26,734 [INFO] ProjectBuilder:4351 - Time for Generating toolchain IDE Files: 1973mS.
2025-08-18 14:46:26,734 [INFO] ProjectBuilder:2790 - Time for Copy CMSIS : 0mS.
2025-08-18 14:46:26,735 [INFO] ProjectBuilder:2790 - Time for Copy CMSIS : 0mS.
2025-08-18 14:58:35,563 [INFO] MainUpdater:2800 - connection check result : 10
2025-08-18 14:58:35,695 [INFO] McuFinderGlobals:65 - Set McuFinderConnectedMode to true
2025-08-18 14:58:35,696 [INFO] MultiScanPanel:196 - Auto-refresh data requested => check proxy status ongoing
2025-08-18 14:58:35,696 [INFO] FinderPluginLoader:92 - Searching for filters in installed packs
2025-08-18 14:58:36,513 [INFO] LoadUrlFilesThread:179 - End of LoadServerUrlFiles without Thread
2025-08-18 14:58:36,513 [INFO] DetailPanel:339 - Set advertising image to /home/boobathi/STM32Cube/Repository//en.2400x1350px.jpeg
2025-08-18 14:58:39,775 [INFO] MultiScanPanel:196 - Auto-refresh data requested => check proxy status ongoing
2025-08-18 14:58:39,817 [INFO] LoadUrlFilesThread:179 - End of LoadServerUrlFiles without Thread
2025-08-18 14:58:39,817 [INFO] DetailPanel:339 - Set advertising image to /home/boobathi/STM32Cube/Repository//en.2400x1350px.jpeg
2025-08-18 14:59:24,186 [INFO] MainUpdater:2800 - connection check result : 10
2025-08-18 14:59:24,186 [INFO] MainUpdater:2800 - connection check result : 10
2025-08-18 14:59:24,226 [INFO] MicroXplorer:451 - Change Database Path : 
2025-08-18 14:59:24,226 [INFO] MicroXplorer:481 - Change Database Version : DB.6.0.70
2025-08-18 14:59:24,238 [WARN] ThirdParty:845 - waiting for thirdparty lock release [close project]
2025-08-18 14:59:24,238 [INFO] ThirdParty:847 - entering critical section [close project]
2025-08-18 14:59:24,238 [INFO] ThirdParty:857 - exiting critical section [close project]
2025-08-18 14:59:24,240 [INFO] PinOutPanel:1477 - setPackage(No Configuration,No Configuration)
2025-08-18 14:59:24,245 [WARN] IpParametersView:148 - Warning: This peripheral hasn't parameters
2025-08-18 14:59:24,248 [WARN] MainPanel:253 - <html><b><center>Warning: This peripheral has no parameters to be configured<br></b></html>
2025-08-18 14:59:24,250 [INFO] UtilMem:74 - Begin LoadConfig() Used Memory: 954470728 Bytes (1073741824)
2025-08-18 14:59:24,250 [INFO] OpenFileManager:307 - Change cursor
2025-08-18 14:59:24,261 [INFO] RulesReader:61 - Compatibility file has been processed (283 Rules)
2025-08-18 14:59:24,262 [INFO] ProjectFactory:399 - No CPN specified for board NUCLEO-F446RE => set CPN to STM32F446RET6
2025-08-18 14:59:24,262 [INFO] Mcu:1925 - Initializing MCU STM32F446R(C-E)Tx STM32F446RETx STM32F446RET6
2025-08-18 14:59:26,406 [INFO] Context:654 - Trying to add GPIOservice into a context  which must be forbidden
2025-08-18 14:59:26,832 [INFO] Rule:225 - rule 117617 - U5Cobra4M][GTZC] default value MPCBB3 and MPCBB5 - Not Secured memory - MPCBB1 is applicable
2025-08-18 14:59:26,832 [INFO] Rule:225 - rule 117617 - U5Cobra4M][GTZC] default value MPCBB3 and MPCBB5 - Not Secured memory - MPCBB1 is applicable
2025-08-18 14:59:26,832 [INFO] Rule:225 - rule 117617 - U5Cobra4M][GTZC] default value MPCBB3 and MPCBB5 - Not Secured memory - MPCBB2 is applicable
2025-08-18 14:59:26,832 [INFO] Rule:225 - rule 117617 - U5Cobra4M][GTZC] default value MPCBB3 and MPCBB5 - Not Secured memory - MPCBB2 is applicable
2025-08-18 14:59:26,832 [INFO] Rule:225 - rule 117617 - U5Cobra4M][GTZC] default value MPCBB3 and MPCBB5 - Not Secured memory - MPCBB3 is applicable
2025-08-18 14:59:26,832 [INFO] Rule:225 - rule 117617 - U5Cobra4M][GTZC] default value MPCBB3 and MPCBB5 - Not Secured memory - MPCBB3 is applicable
2025-08-18 14:59:26,832 [INFO] Rule:225 - rule 117617 - U5Cobra4M][GTZC] default value MPCBB3 and MPCBB5 - Not Secured memory - MPCBB4 is applicable
2025-08-18 14:59:26,832 [INFO] Rule:225 - rule 117617 - U5Cobra4M][GTZC] default value MPCBB3 and MPCBB5 - Not Secured memory - MPCBB4 is applicable
2025-08-18 14:59:26,832 [INFO] Rule:225 - rule 117617 - U5Cobra4M][GTZC] default value MPCBB3 and MPCBB5 - Secured memory - MPCBB1 is applicable
2025-08-18 14:59:26,832 [INFO] Rule:225 - rule 117617 - U5Cobra4M][GTZC] default value MPCBB3 and MPCBB5 - Secured memory - MPCBB2 is applicable
2025-08-18 14:59:26,832 [INFO] Rule:225 - rule 117617 - U5Cobra4M][GTZC] default value MPCBB3 and MPCBB5 - Secured memory - MPCBB3 is applicable
2025-08-18 14:59:26,833 [INFO] Rule:225 - rule 117617 - U5Cobra4M][GTZC] default value MPCBB3 and MPCBB5 - Secured memory - MPCBB4 is applicable
2025-08-18 14:59:26,833 [INFO] Rule:225 - rule 117617 - U5Cobra4M][GTZC] default value MPCBB3 and MPCBB5 - Privileged memory - MPCBB1 is applicable
2025-08-18 14:59:26,833 [INFO] Rule:225 - rule 117617 - U5Cobra4M][GTZC] default value MPCBB3 and MPCBB5 - Privileged memory - MPCBB2 is applicable
2025-08-18 14:59:26,833 [INFO] Rule:225 - rule 117617 - U5Cobra4M][GTZC] default value MPCBB3 and MPCBB5 - Privileged memory - MPCBB3 is applicable
2025-08-18 14:59:26,833 [INFO] Rule:225 - rule 117617 - U5Cobra4M][GTZC] default value MPCBB3 and MPCBB5 - Privileged memory - MPCBB4 is applicable
2025-08-18 14:59:26,833 [INFO] Rule:225 - rule 117617 - U5Cobra4M][GTZC] default value MPCBB3 and MPCBB5 - Not Privileged memory - MPCBB1 is applicable
2025-08-18 14:59:26,833 [INFO] Rule:225 - rule 117617 - U5Cobra4M][GTZC] default value MPCBB3 and MPCBB5 - Not Privileged memory - MPCBB2 is applicable
2025-08-18 14:59:26,833 [INFO] Rule:225 - rule 117617 - U5Cobra4M][GTZC] default value MPCBB3 and MPCBB5 - Not Privileged memory - MPCBB3 is applicable
2025-08-18 14:59:26,833 [INFO] Rule:225 - rule 117617 - U5Cobra4M][GTZC] default value MPCBB3 and MPCBB5 - Not Privileged memory - MPCBB4 is applicable
2025-08-18 14:59:26,833 [INFO] Rule:225 - rule 117617 - U5Cobra4M][GTZC] default value MPCBB3 and MPCBB5 - Privileged memory - MPCBB1 is applicable
2025-08-18 14:59:26,833 [INFO] Rule:225 - rule 117617 - U5Cobra4M][GTZC] default value MPCBB3 and MPCBB5 - Privileged memory - MPCBB2 is applicable
2025-08-18 14:59:26,833 [INFO] Rule:225 - rule 117617 - U5Cobra4M][GTZC] default value MPCBB3 and MPCBB5 - Privileged memory - MPCBB3 is applicable
2025-08-18 14:59:26,833 [INFO] Rule:225 - rule 117617 - U5Cobra4M][GTZC] default value MPCBB3 and MPCBB5 - Privileged memory - MPCBB4 is applicable
2025-08-18 14:59:26,833 [INFO] Rule:225 - rule 117617 - U5Cobra4M][GTZC] default value MPCBB3 and MPCBB5 - Privileged memory - MPCBB1 is applicable
2025-08-18 14:59:26,833 [INFO] Rule:225 - rule 117617 - U5Cobra4M][GTZC] default value MPCBB3 and MPCBB5 - Privileged memory - MPCBB2 is applicable
2025-08-18 14:59:26,833 [INFO] Rule:225 - rule 117617 - U5Cobra4M][GTZC] default value MPCBB3 and MPCBB5 - Privileged memory - MPCBB3 is applicable
2025-08-18 14:59:26,833 [INFO] Rule:225 - rule 117617 - U5Cobra4M][GTZC] default value MPCBB3 and MPCBB5 - Privileged memory - MPCBB4 is applicable
2025-08-18 14:59:26,833 [INFO] Rule:225 - rule 117617 - U5Cobra4M][GTZC] default value MPCBB3 and MPCBB5 - Not Privileged memory - MPCBB1 is applicable
2025-08-18 14:59:26,833 [INFO] Rule:225 - rule 117617 - U5Cobra4M][GTZC] default value MPCBB3 and MPCBB5 - Not Privileged memory - MPCBB2 is applicable
2025-08-18 14:59:26,833 [INFO] Rule:225 - rule 117617 - U5Cobra4M][GTZC] default value MPCBB3 and MPCBB5 - Not Privileged memory - MPCBB3 is applicable
2025-08-18 14:59:26,833 [INFO] Rule:225 - rule 117617 - U5Cobra4M][GTZC] default value MPCBB3 and MPCBB5 - Not Privileged memory - MPCBB4 is applicable
2025-08-18 14:59:26,833 [INFO] Rule:225 - rule 117617 - U5Cobra4M][GTZC] default value MPCBB3 and MPCBB5 - Privileged memory - MPCBB1 is applicable
2025-08-18 14:59:26,833 [INFO] Rule:225 - rule 117617 - U5Cobra4M][GTZC] default value MPCBB3 and MPCBB5 - Privileged memory - MPCBB2 is applicable
2025-08-18 14:59:26,833 [INFO] Rule:225 - rule 117617 - U5Cobra4M][GTZC] default value MPCBB3 and MPCBB5 - Privileged memory - MPCBB3 is applicable
2025-08-18 14:59:26,833 [INFO] Rule:225 - rule 117617 - U5Cobra4M][GTZC] default value MPCBB3 and MPCBB5 - Privileged memory - MPCBB4 is applicable
2025-08-18 14:59:26,833 [INFO] Rule:225 - rule Rename SubGHz_Phy SUBGHZ_APPLICATION SUBGHZ_PINGPONG to SUBGHZ_ADV_APPLICATION is applicable
2025-08-18 14:59:26,833 [INFO] Rule:225 - rule Rename Enabled to IBEACON is applicable
2025-08-18 14:59:26,833 [INFO] Rule:225 - rule GTZC_S instance for project manager is applicable
2025-08-18 14:59:26,833 [INFO] Rule:225 - rule GTZC_S instance for context M33S is applicable
2025-08-18 14:59:26,833 [INFO] Rule:225 - rule GTZC_S instance value for IP GTZC is applicable
2025-08-18 14:59:26,833 [INFO] Rule:225 - rule GTZC_S instance for mcu.IP is applicable
2025-08-18 14:59:26,833 [INFO] Rule:225 - rule GTZC_S instance for VP is applicable
2025-08-18 14:59:26,833 [INFO] Rule:225 - rule GTZC_S instance for signal is applicable
2025-08-18 14:59:26,833 [INFO] Rule:225 - rule GTZC_S instance for mcu.Pin is applicable
2025-08-18 14:59:26,833 [INFO] Rule:225 - rule GTZC_S instance for VP is applicable
2025-08-18 14:59:26,833 [INFO] Rule:225 - rule GTZC_S instance for signal is applicable
2025-08-18 14:59:26,833 [INFO] Rule:225 - rule GTZC_S instance for mcu is applicable
2025-08-18 14:59:26,833 [INFO] Rule:225 - rule GTZC_S instance for mcu.Pin is applicable
2025-08-18 14:59:26,833 [INFO] Rule:225 - rule GTZC_S instance value for IP GTZC is applicable
2025-08-18 14:59:26,833 [INFO] Rule:225 - rule GTZC_S instance for project manager is applicable
2025-08-18 14:59:26,833 [INFO] Rule:225 - rule GTZC_S instance for context M33S is applicable
2025-08-18 14:59:26,833 [INFO] Rule:225 - rule GTZC_S instance for VP is applicable
2025-08-18 14:59:26,833 [INFO] Rule:225 - rule GTZC_S instance for signal is applicable
2025-08-18 14:59:26,833 [INFO] Rule:225 - rule SPDIFRX instance for mcu is applicable
2025-08-18 14:59:26,834 [INFO] Rule:225 - rule Rename Tracer Mode is applicable
2025-08-18 14:59:26,834 [INFO] Rule:225 - rule SPDIFRX instance value for IP SPDIFRX is applicable
2025-08-18 14:59:26,834 [INFO] Rule:225 - rule SPDIFRX instance for signal is applicable
2025-08-18 14:59:26,834 [INFO] Rule:225 - rule SPDIFRX instance for project manager is applicable
2025-08-18 14:59:26,834 [INFO] Rule:225 - rule SPDIFRX instance for project manager is applicable
2025-08-18 14:59:26,834 [INFO] Rule:225 - rule ADC Scan  fix with FW F7 is applicable
2025-08-18 14:59:26,834 [INFO] Rule:225 - rule ADC Scan  fix with FW F7 is applicable
2025-08-18 14:59:26,834 [INFO] Rule:225 - rule Add RTC Activate Clock Source is applicable
2025-08-18 14:59:26,834 [INFO] Rule:225 - rule Add RTC Activate Calendar 1 is applicable
2025-08-18 14:59:26,834 [INFO] Rule:225 - rule Add RTC Activate Calendar 2 is applicable
2025-08-18 14:59:26,834 [INFO] Rule:225 - rule Add RTC Activate Calendar 3 is applicable
2025-08-18 14:59:26,834 [INFO] Rule:225 - rule UART/USART TX Mode is applicable
2025-08-18 14:59:26,834 [INFO] Rule:225 - rule UART/USART RX Mode is applicable
2025-08-18 14:59:26,834 [INFO] Rule:225 - rule UART/USART RX TX Mode is applicable
2025-08-18 14:59:26,834 [INFO] Rule:225 - rule UART/USART PARITY NONE is applicable
2025-08-18 14:59:26,834 [INFO] Rule:225 - rule UART/USART PARITY EVEN is applicable
2025-08-18 14:59:26,834 [INFO] Rule:225 - rule UART/USART PARITY ODD is applicable
2025-08-18 14:59:26,834 [INFO] Rule:225 - rule USART StopBits 1 is applicable
2025-08-18 14:59:26,834 [INFO] Rule:225 - rule USART StopBits 2 is applicable
2025-08-18 14:59:26,834 [INFO] Rule:225 - rule USART StopBits 1.5 is applicable
2025-08-18 14:59:26,834 [INFO] Rule:225 - rule USART StopBits 0.5 is applicable
2025-08-18 14:59:26,834 [INFO] Rule:225 - rule UART/USART WORD LENGTH 7 is applicable
2025-08-18 14:59:26,834 [INFO] Rule:225 - rule UART/USART WORD LENGTH 8 is applicable
2025-08-18 14:59:26,834 [INFO] Rule:225 - rule UART/USART WORD LENGTH 9 is applicable
2025-08-18 14:59:26,834 [INFO] Rule:225 - rule Rename FMC NAND NCE signal is applicable
2025-08-18 14:59:26,834 [INFO] Rule:225 - rule Rename FMC NAND INT signal is applicable
2025-08-18 14:59:26,834 [INFO] Rule:225 - rule Change Default Value for LSE Drive Capability for WB family is applicable
2025-08-18 14:59:26,834 [INFO] Rule:225 - rule Change Default Value for ADC Clock Prescaler G0 family is applicable
2025-08-18 14:59:26,834 [INFO] Rule:225 - rule Change Default Value for ADC ExternalTrigConv L4 family is applicable
2025-08-18 14:59:26,834 [INFO] Rule:225 - rule Change Default Value for ADC ExternalTrigInjecConv L4 family is applicable
2025-08-18 14:59:26,834 [INFO] Rule:225 - rule Change Default Value for ADC ExternalTrigConv F3 family is applicable
2025-08-18 14:59:26,834 [INFO] Rule:225 - rule Change Default Value for ADC ExternalTrigInjecConv F3 family is applicable
2025-08-18 14:59:26,834 [INFO] Rule:225 - rule Change Default Value for ADC ExternalTrigConv Goldfish serie is applicable
2025-08-18 14:59:26,834 [INFO] Rule:225 - rule Change Default Value for ADC ExternalTrigInjecConv Goldfish serie is applicable
2025-08-18 14:59:26,834 [INFO] Rule:225 - rule Change Default Value for ADC ExternalTrigConv L0 family is applicable
2025-08-18 14:59:26,834 [INFO] Rule:225 - rule Change Default Value for ADC ExternalTrigConv F0 family is applicable
2025-08-18 14:59:26,834 [INFO] Rule:225 - rule Change Default Value for ADC ExternalTrigConvn L1 family is applicable
2025-08-18 14:59:26,834 [INFO] Rule:225 - rule Change Default Value for ADC ExternalTrigInjecConv L1 family is applicable
2025-08-18 14:59:26,834 [INFO] Rule:225 - rule Change Default Value for ADC ExternalTrigConv F1 family is applicable
2025-08-18 14:59:26,834 [INFO] Rule:225 - rule Change Default Value for ADC ExternalTrigInjecConv F1 family is applicable
2025-08-18 14:59:26,834 [INFO] Rule:225 - rule Change Default Value for ADC ExternalTrigConv F7 family is applicable
2025-08-18 14:59:26,834 [INFO] Rule:225 - rule Change Default Value for ADC ExternalTrigInjecConv F7 family is applicable
2025-08-18 14:59:26,834 [INFO] Rule:225 - rule Change Default Value for ADC ExternalTrigConv F4 and F2 family is applicable
2025-08-18 14:59:26,834 [INFO] Rule:225 - rule Change Default Value for ADC ExternalTrigInjecConv F4 and F2 family is applicable
2025-08-18 14:59:26,834 [INFO] Rule:225 - rule ADC SamplingTime fix with FW L0  is applicable
2025-08-18 14:59:26,834 [INFO] Rule:225 - rule ADC SamplingTime fix with FW L0  is applicable
2025-08-18 14:59:26,835 [INFO] Rule:225 - rule ADC SamplingTime fix with FW L0 is applicable
2025-08-18 14:59:26,835 [INFO] Rule:225 - rule ADC SamplingTime fix with FW L0 is applicable
2025-08-18 14:59:26,835 [INFO] Rule:225 - rule ADC SamplingTime fix with FW L0  is applicable
2025-08-18 14:59:26,835 [INFO] Rule:225 - rule ADC SamplingTime fix with FW L0 is applicable
2025-08-18 14:59:26,835 [INFO] Rule:225 - rule Rename USB_OE Signal is applicable
2025-08-18 14:59:26,835 [INFO] Rule:225 - rule Rename Activate_OE Mode is applicable
2025-08-18 14:59:26,835 [INFO] Rule:225 - rule Rename DIE462/DIE415 pin PC14/OSC32_IN -> PC14-OSC32_IN (PC14) is applicable
2025-08-18 14:59:26,835 [INFO] Rule:225 - rule Rename DIE462/DIE415 pin PC15/OSC32_OUT -> PC15-OSC32_OUT (PC15) is applicable
2025-08-18 14:59:26,835 [INFO] Rule:225 - rule Rename DIE462/DIE415 pin PH0/OSC_IN -> PH0-OSC_IN (PH0) is applicable
2025-08-18 14:59:26,835 [INFO] Rule:225 - rule Rename DIE462/DIE415 pin PH1/OSC_OUT -> PH1-OSC_OUT (PH1) is applicable
2025-08-18 14:59:26,835 [INFO] Rule:225 - rule Rename DIE462 pin PA13 -> PA13 (JTMS/SWDIO) is applicable
2025-08-18 14:59:26,835 [INFO] Rule:225 - rule Rename DIE415 pin PA13 -> PA13 (JTMS/SWDIO) is applicable
2025-08-18 14:59:26,835 [INFO] Rule:225 - rule Rename DIE462 pin PA14 -> PA14 (JTCK/SWCLK) is applicable
2025-08-18 14:59:26,835 [INFO] Rule:225 - rule Rename DIE415 pin PA14 -> PA14 (JTCK/SWCLK) is applicable
2025-08-18 14:59:26,835 [INFO] Rule:225 - rule Rename DIE462/DIE415 pin PA15 -> PA15 (JTDI) is applicable
2025-08-18 14:59:26,835 [INFO] Rule:225 - rule Rename DIE462 pin PB3 -> PB3 (JTD0/TRACESWO) is applicable
2025-08-18 14:59:26,835 [INFO] Rule:225 - rule Rename DIE415 pin PB3 -> PB3 (JTD0-TRACESWO) is applicable
2025-08-18 14:59:26,835 [INFO] Rule:225 - rule Rename DIE462/DIE415 pin PB4 -> PB4 (NJTRST) is applicable
2025-08-18 14:59:26,835 [INFO] Rule:225 - rule Rename DIE462 pin PH3/BOOT0 -> PH3-BOOT0 (BOOT0) is applicable
2025-08-18 14:59:26,835 [INFO] Rule:225 - rule Rename CRYP DataEncryptionTypesList to Algorithm is applicable
2025-08-18 14:59:26,835 [INFO] Rule:225 - rule Rename AES DataEncryptionTypesList to Algorithm is applicable
2025-08-18 14:59:26,835 [INFO] Rule:225 - rule Rename TDESECB to CRYP_TDES_ECB is applicable
2025-08-18 14:59:26,835 [INFO] Rule:225 - rule Rename TDESCBC to CRYP_TDES_CBC is applicable
2025-08-18 14:59:26,835 [INFO] Rule:225 - rule Rename DESECB to CRYP_DES_ECB is applicable
2025-08-18 14:59:26,835 [INFO] Rule:225 - rule Rename DESCBC to CRYP_DES_CBC is applicable
2025-08-18 14:59:26,835 [INFO] Rule:225 - rule Rename AESECB to CRYP_AES_ECB is applicable
2025-08-18 14:59:26,835 [INFO] Rule:225 - rule Rename AESCBC to CRYP_AES_CBC is applicable
2025-08-18 14:59:26,835 [INFO] Rule:225 - rule Rename AESCTR to CRYP_AES_CTR is applicable
2025-08-18 14:59:26,835 [INFO] Rule:225 - rule Rename AESGCM to CRYP_AES_GCM is applicable
2025-08-18 14:59:26,835 [INFO] Rule:225 - rule Rename AESCCM to CRYP_AES_CCM is applicable
2025-08-18 14:59:26,835 [INFO] Rule:225 - rule Rename CAN TimeSeg1 to BS1 is applicable
2025-08-18 14:59:26,835 [INFO] Rule:225 - rule Rename CAN TimeSeg2 to BS2 is applicable
2025-08-18 14:59:26,835 [INFO] Rule:225 - rule Rename CAN SyncJumpWidth to SJW is applicable
2025-08-18 14:59:26,835 [INFO] Rule:225 - rule TimeTriggeredMode to TTCM is applicable
2025-08-18 14:59:26,835 [INFO] Rule:225 - rule Rename CAN AutoBusOff to ABOM is applicable
2025-08-18 14:59:26,835 [INFO] Rule:225 - rule Rename CAN AutoWakeUp to AWUM is applicable
2025-08-18 14:59:26,835 [INFO] Rule:225 - rule Rename CAN AutoRetransmission to NART is applicable
2025-08-18 14:59:26,835 [INFO] Rule:225 - rule Rename CAN ReceiveFifoLocked to RFLM is applicable
2025-08-18 14:59:26,835 [INFO] Rule:225 - rule Rename CAN TransmitFifoPriority to TXFP is applicable
2025-08-18 14:59:26,835 [INFO] Rule:225 - rule Rename HRTIMER HRTIM_OUTPUTFAULTLEVEL_HIGH in HRTIMER HRTIM_OUTPUTFAULTLEVEL_HIGHZ is applicable
2025-08-18 14:59:26,835 [INFO] Rule:225 - rule Rename TIMER TIM_CLEARINPUTSOURCE_OCREFCLR in  TIMER TIM_CLEARINPUTSOURCE_NONE for F7 family is applicable
2025-08-18 14:59:26,835 [INFO] Rule:225 - rule FDCAN_R1 - Rename FDCAN mode Master into Classic is applicable
2025-08-18 14:59:26,835 [INFO] Rule:225 - rule FDCAN_R2 - Rename FDCAN mode Slave into Classic is applicable
2025-08-18 14:59:26,835 [INFO] Rule:225 - rule FDCAN1_R3 - if PA10.Mode=FullDuplex, add Pin PA12 is applicable
2025-08-18 14:59:26,835 [INFO] Rule:225 - rule FDCAN1_R3 - if PA9.Mode=FullDuplex, add Pin PA11 is applicable
2025-08-18 14:59:26,835 [INFO] Rule:225 - rule FDCAN1_R3 - Alternatepin_1 - if PE1.Mode=FullDuplex, add Pin PB9 is applicable
2025-08-18 14:59:26,835 [INFO] Rule:225 - rule FDCAN1_R3 - Alternatepin_1 - if PE0.Mode=FullDuplex, add Pin PB8 is applicable
2025-08-18 14:59:26,835 [INFO] Rule:225 - rule FDCAN1_R3 - Alternatepin_2 - if PD5.Mode=FullDuplex, add Pin PD1 is applicable
2025-08-18 14:59:26,836 [INFO] Rule:225 - rule FDCAN1_R3 - Alternatepin_2 - if PD4.Mode=FullDuplex, add Pin PD0 is applicable
2025-08-18 14:59:26,836 [INFO] Rule:225 - rule FDCAN1_R4 - Rename Mode FullDuplex into Enable FDCAN_TXFD for pin PA10 is applicable
2025-08-18 14:59:26,836 [INFO] Rule:225 - rule FDCAN1_R4 - Rename Mode FullDuplex into Enable FDCAN_TXFD for pin PA9 is applicable
2025-08-18 14:59:26,836 [INFO] Rule:225 - rule FDCAN1_R4 - Alternatepin_1 - Rename Mode FullDuplex into Enable FDCAN_TXFD for pin PE1 is applicable
2025-08-18 14:59:26,836 [INFO] Rule:225 - rule FDCAN1_R4 - Alternatepin_1 - Rename Mode FullDuplex into Enable FDCAN_TXFD for pin PE0 is applicable
2025-08-18 14:59:26,836 [INFO] Rule:225 - rule FDCAN1_R4 - Alternatepin_2 - Rename Mode FullDuplex into Enable FDCAN_TXFD for pin PD5 is applicable
2025-08-18 14:59:26,836 [INFO] Rule:225 - rule FDCAN1_R4 - Alternatepin_2 - Rename Mode FullDuplex into Enable FDCAN_TXFD for pin PD4 is applicable
2025-08-18 14:59:26,836 [INFO] Rule:225 - rule FDCAN2_R3 - if PD10.Mode=FullDuplex, add Pin PB13 is applicable
2025-08-18 14:59:26,836 [INFO] Rule:225 - rule FDCAN2_R3 - if PD9.Mode=FullDuplex, add Pin PB12 is applicable
2025-08-18 14:59:26,836 [INFO] Rule:225 - rule FDCAN2_R3 - Alternatepin_1 - if PB7.Mode=FullDuplex, add Pin PB6 is applicable
2025-08-18 14:59:26,836 [INFO] Rule:225 - rule FDCAN2_R3 - Alternatepin_1 - if PD9.Mode=FullDuplex, add Pin PB12 is applicable
2025-08-18 14:59:26,836 [INFO] Rule:225 - rule FDCAN2_R4 - Rename Mode FullDuplex into Enable FDCAN_TXFD for pin PD10 is applicable
2025-08-18 14:59:26,836 [INFO] Rule:225 - rule FDCAN2_R4 - Rename Mode FullDuplex into Enable FDCAN_TXFD for pin PD9 is applicable
2025-08-18 14:59:26,836 [INFO] Rule:225 - rule FDCAN2_R4 - Alternatepin_1 - Rename Mode FullDuplex into Enable FDCAN_TXFD for pin PB7 is applicable
2025-08-18 14:59:26,836 [INFO] Rule:225 - rule FDCAN2_R4 - Alternatepin_1 - Rename Mode FullDuplex into Enable FDCAN_TXFD for pin PD6 is applicable
2025-08-18 14:59:26,836 [INFO] Rule:225 - rule USART TxPinLevelInvertParam Mode is applicable
2025-08-18 14:59:26,836 [INFO] Rule:225 - rule USART RxPinLevelInvertParam Mode is applicable
2025-08-18 14:59:26,836 [INFO] Rule:225 - rule USART DataInvertParam Mode is applicable
2025-08-18 14:59:26,836 [INFO] Rule:225 - rule USART SwapParam Mode is applicable
2025-08-18 14:59:26,836 [INFO] Rule:225 - rule USART OverrunDisableParam Mode is applicable
2025-08-18 14:59:26,836 [INFO] Rule:225 - rule USART DMADisableonRxErrorParam Mode is applicable
2025-08-18 14:59:26,836 [INFO] Rule:225 - rule USART MSBFirstParam Mode is applicable
2025-08-18 14:59:26,836 [INFO] Rule:225 - rule Update MwName for USB_DEVICE is applicable
2025-08-18 14:59:26,836 [INFO] Rule:225 - rule Change PWR_Regulator_Voltage_Scale Default Value for RCC  H7 family is applicable
2025-08-18 14:59:26,836 [INFO] Rule:225 - rule UART/USART IPParameter rename Prescaler parameter to ClockPrescaler is applicable
2025-08-18 14:59:26,836 [INFO] Rule:225 - rule UART/USART Prescaler rename Prescaler parameter to ClockPrescaler is applicable
2025-08-18 14:59:26,836 [INFO] Rule:225 - rule TIM1CLockSelection is applicable
2025-08-18 14:59:26,836 [INFO] Rule:225 - rule TIM15CLockSelection is applicable
2025-08-18 14:59:26,836 [INFO] Rule:225 - rule align RCC SDMMC3CLockSelection default value on MP1 is applicable
2025-08-18 14:59:26,836 [INFO] Rule:225 - rule align RCC SDMMC12CLockSelection default value on MP1 is applicable
2025-08-18 14:59:26,836 [INFO] Rule:225 - rule align RCC QSPICLockSelection default value on MP1 is applicable
2025-08-18 14:59:26,836 [INFO] Rule:225 - rule align RCC QSPICLockSelection default value on MP1 is applicable
2025-08-18 14:59:26,836 [INFO] Rule:225 - rule align RCC SPI6CLockSelection default value on MP1 is applicable
2025-08-18 14:59:26,836 [INFO] Rule:225 - rule align RCC LPTIM23CLockSelection default value on MP1 is applicable
2025-08-18 14:59:26,836 [INFO] Rule:225 - rule align RCC LPTIM1CLockSelection default value on MP1 is applicable
2025-08-18 14:59:26,836 [INFO] Rule:225 - rule align RCC USART1CLockSelection default value on MP1 is applicable
2025-08-18 14:59:26,836 [INFO] Rule:225 - rule align RCC USART24CLockSelection default value on MP1 is applicable
2025-08-18 14:59:26,836 [INFO] Rule:225 - rule align RCC USART6CLockSelection default value on MP1 is applicable
2025-08-18 14:59:26,836 [INFO] Rule:225 - rule align RCC UART78CLockSelection default value on MP1 is applicable
2025-08-18 14:59:26,837 [INFO] Rule:225 - rule align RCC USART35CLockSelection default value on MP1 is applicable
2025-08-18 14:59:26,837 [INFO] Rule:225 - rule align RCC SPI45CLockSelection default value on MP1 is applicable
2025-08-18 14:59:26,837 [INFO] Rule:225 - rule align RCC I2C46CLockSelection BCLK value on MP1 is applicable
2025-08-18 14:59:26,837 [INFO] Rule:225 - rule align RCC SPI45CLockSelection default value on MP1 is applicable
2025-08-18 14:59:26,837 [INFO] Rule:225 - rule align RCC I2C12CLockSelection default value on MP1 is applicable
2025-08-18 14:59:26,837 [INFO] Rule:225 - rule align RCC I2C35CLockSelection default value on MP1 is applicable
2025-08-18 14:59:26,837 [INFO] Rule:225 - rule align RCC LPTIM45CLockSelection default value on MP1 is applicable
2025-08-18 14:59:26,837 [INFO] Rule:225 - rule Rename DCMI PIXCK signal is applicable
2025-08-18 14:59:26,837 [INFO] Rule:225 - rule Change Default Value for I2C46CLockSelection MP1 family is applicable
2025-08-18 14:59:26,837 [INFO] Rule:225 - rule Change Default Value for UART for G4, G0 and WB families is applicable
2025-08-18 14:59:26,837 [INFO] Rule:225 - rule Change Default Value for USART for G4, G0 and WB families is applicable
2025-08-18 14:59:26,837 [INFO] Rule:225 - rule Change Default Value for USART for G4 family is applicable
2025-08-18 14:59:26,837 [INFO] Rule:225 - rule Change USART1CLockSelection refparam name for MP1 is applicable
2025-08-18 14:59:26,837 [INFO] Rule:225 - rule Change USART2CLockSelection refparam name for MP1 is applicable
2025-08-18 14:59:26,837 [INFO] Rule:225 - rule Change USART3CLockSelection refparam name for MP1 is applicable
2025-08-18 14:59:26,837 [INFO] Rule:225 - rule Change UART4CLockSelection refparam name for MP1 is applicable
2025-08-18 14:59:26,837 [INFO] Rule:225 - rule Change UART5CLockSelection refparam name for MP1 is applicable
2025-08-18 14:59:26,837 [INFO] Rule:225 - rule Change LPUART1CLockSelection refparam name for MP1 is applicable
2025-08-18 14:59:26,837 [INFO] Rule:225 - rule Change LPTIM1CLockSelection refparam name for MP1 is applicable
2025-08-18 14:59:26,837 [INFO] Rule:225 - rule Change LPTIM2CLockSelection refparam name for MP1 is applicable
2025-08-18 14:59:26,837 [INFO] Rule:225 - rule Change RCC_MCO1Source refparam name for MP1 is applicable
2025-08-18 14:59:26,837 [INFO] Rule:225 - rule Change LSCOSource1 refparam name for MP1 is applicable
2025-08-18 14:59:26,837 [INFO] Rule:225 - rule Change SMPSCLockSelection refparam name for MP1 is applicable
2025-08-18 14:59:26,837 [INFO] Rule:225 - rule Change LPTIM3CLockSelection refparam name for MP1 is applicable
2025-08-18 14:59:26,837 [INFO] Rule:225 - rule Change MPCBB* Default Template Mode to Parameters is applicable
2025-08-18 14:59:26,837 [INFO] Rule:225 - rule Change MPCWM* or MPCBB* Secure Mode to Parameters is applicable
2025-08-18 14:59:26,837 [INFO] Rule:225 - rule Change MPCWM* or MPCBB* No Secure Mode to Parameters is applicable
2025-08-18 14:59:26,837 [INFO] Rule:225 - rule Change TZSC IP Secure Mode to Parameters is applicable
2025-08-18 14:59:26,837 [INFO] Rule:225 - rule Change TZSC IP No Secure Mode to Parameters is applicable
2025-08-18 14:59:26,837 [INFO] Rule:225 - rule Change TZSC IP Privilege Mode to Parameters is applicable
2025-08-18 14:59:26,837 [INFO] Rule:225 - rule Change TZSC IP No Privilege Mode to Parameters is applicable
2025-08-18 14:59:26,837 [INFO] Rule:225 - rule Change TZIC IT Secure Mode to Parameters is applicable
2025-08-18 14:59:26,837 [INFO] Rule:225 - rule Change TZIC IT No Secure Mode to Parameters is applicable
2025-08-18 14:59:26,837 [INFO] Rule:225 - rule Add MPCBB1_NonSecureArea_Start_Address value with referenced to MPCBB1_NonSecureArea_Start value is applicable
2025-08-18 14:59:26,837 [INFO] Rule:225 - rule Add MPCBB2_NonSecureArea_Start_Address value with referenced to MPCBB2_NonSecureArea_Start value is applicable
2025-08-18 14:59:26,837 [INFO] Rule:225 - rule Add MPCWM1_NonSecureArea*_Start_Address value with referenced to MPCWM1_NonSecureArea*_Start value is applicable
2025-08-18 14:59:26,837 [INFO] Rule:225 - rule Add MPCWM2_NonSecureArea*_Start_Address value with referenced to MPCWM2_NonSecureArea*_Start value is applicable
2025-08-18 14:59:26,837 [INFO] Rule:225 - rule Add MPCWM3_NonSecureArea_Start_Address value with referenced to MPCWM3_NonSecureArea_Start value is applicable
2025-08-18 14:59:26,837 [INFO] Rule:225 - rule Change Default Value for PLL1UserDefinedConfig is applicable
2025-08-18 14:59:26,837 [INFO] Rule:225 - rule Change GPIO_PuPd Default Value for USART in async mode is applicable
2025-08-18 14:59:26,837 [INFO] Rule:225 - rule Change SMPSDivider Default Value is applicable
2025-08-18 14:59:26,837 [INFO] Rule:225 - rule OPAMP is applicable
2025-08-18 14:59:26,837 [INFO] Rule:225 - rule LPUART IPParameter rename Prescaler parameter to ClockPrescaler for STM32H7 is applicable
2025-08-18 14:59:26,837 [INFO] Rule:225 - rule LPUART IPParameter rename Prescaler parameter to ClockPrescaler for STM32H7 is applicable
2025-08-18 14:59:26,837 [INFO] Rule:225 - rule LPUART IPParameter rename Prescaler parameter to ClockPrescaler for STM32WB is applicable
2025-08-18 14:59:26,837 [INFO] Rule:225 - rule LPUART IPParameter rename Prescaler parameter to ClockPrescaler for STM32WB is applicable
2025-08-18 14:59:26,837 [INFO] Rule:225 - rule LPUART IPParameter rename Prescaler parameter to ClockPrescaler for STM32G4 is applicable
2025-08-18 14:59:26,838 [INFO] Rule:225 - rule LPUART IPParameter rename Prescaler parameter to ClockPrescaler for STM32G4 is applicable
2025-08-18 14:59:26,838 [INFO] Rule:225 - rule LPUART IPParameter rename Prescaler parameter to ClockPrescaler for STM32L5 is applicable
2025-08-18 14:59:26,838 [INFO] Rule:225 - rule LPUART IPParameter rename Prescaler parameter to ClockPrescaler for STM32L5 is applicable
2025-08-18 14:59:26,838 [INFO] Rule:225 - rule LPUART IPParameter rename Prescaler parameter to ClockPrescaler for STM32G4 is applicable
2025-08-18 14:59:26,838 [INFO] Rule:225 - rule LPUART IPParameter rename Prescaler parameter to ClockPrescaler for STM32G4 is applicable
2025-08-18 14:59:26,838 [INFO] Rule:225 - rule USB device lib V2.5.3 for L0 rename USBD_SUPPORT_USER_STRING parameter to USBD_SUPPORT_USER_STRING_DESC4 is applicable
2025-08-18 14:59:26,838 [INFO] Rule:225 - rule I2SCLockSelection clock entry align is applicable
2025-08-18 14:59:26,838 [INFO] Rule:225 - rule Assign TIMx context if used as SYS timebase is applicable
2025-08-18 14:59:26,838 [INFO] Rule:225 - rule Change GPIO_Pu Default Value for I2C is applicable
2025-08-18 14:59:26,838 [INFO] Rule:225 - rule Change GPIO_Pu Default Value for SMBus is applicable
2025-08-18 14:59:26,838 [INFO] Rule:225 - rule change FDCAN default value is applicable
2025-08-18 14:59:26,838 [INFO] Rule:225 - rule Change mode sai is applicable
2025-08-18 14:59:26,838 [INFO] Rule:225 - rule **Change sai mode is applicable
2025-08-18 14:59:26,846 [INFO] DbConfProperties:305 - Apply Compatibility (49/248 Rules)
2025-08-18 14:59:26,856 [INFO] ImportTextPane:193 - (OptionalMessage_ERROR) Unable to find key (Mcu.ThirdPartyNb) in loaded IOC file
2025-08-18 14:59:27,082 [INFO] RtosManager:489 - Registered RTOS mode: class=CMSIS, group=RTOS, mode=CMSIS_V1, owner=FREERTOS
2025-08-18 14:59:27,083 [INFO] RtosManager:489 - Registered RTOS mode: class=CMSIS, group=RTOS2, mode=CMSIS_V2, owner=FREERTOS
2025-08-18 14:59:27,083 [INFO] RtosManager:489 - Registered RTOS mode: class=RTOS, group=Core, mode=CMSIS_V1, owner=FREERTOS
2025-08-18 14:59:27,083 [INFO] RtosManager:489 - Registered RTOS mode: class=RTOS, group=Core, mode=CMSIS_V2, owner=FREERTOS
2025-08-18 14:59:27,083 [WARN] ModelIntegratedComponent:185 - Missing modes for component STMicroelectronics:FreeRTOS:0.0.1:STMicroelectronics:RTOS:FreeRTOS:Core:::10.2.0:
2025-08-18 14:59:27,086 [WARN] ModelIntegratedComponent:64 - No mode defined for component null
2025-08-18 14:59:27,087 [WARN] ModelIntegratedComponent:64 - No mode defined for component null
2025-08-18 14:59:27,087 [WARN] ModelIntegratedComponent:64 - No mode defined for component null
2025-08-18 14:59:27,087 [WARN] ModelIntegratedComponent:64 - No mode defined for component null
2025-08-18 14:59:27,087 [WARN] ModelIntegratedComponent:64 - No mode defined for component null
2025-08-18 14:59:27,087 [WARN] ModelIntegratedComponent:64 - No mode defined for component null
2025-08-18 14:59:27,087 [WARN] ModelIntegratedComponent:64 - No mode defined for component null
2025-08-18 14:59:27,087 [WARN] ModelIntegratedComponent:64 - No mode defined for component null
2025-08-18 14:59:27,087 [WARN] ModelIntegratedComponent:64 - No mode defined for component null
2025-08-18 14:59:27,087 [WARN] ModelIntegratedComponent:64 - No mode defined for component null
2025-08-18 14:59:27,087 [WARN] ModelIntegratedComponent:64 - No mode defined for component null
2025-08-18 14:59:27,087 [WARN] ModelIntegratedComponent:64 - No mode defined for component null
2025-08-18 14:59:27,087 [WARN] ModelIntegratedComponent:64 - No mode defined for component null
2025-08-18 14:59:27,087 [WARN] ModelIntegratedComponent:64 - No mode defined for component null
2025-08-18 14:59:27,087 [WARN] ModelIntegratedComponent:64 - No mode defined for component null
2025-08-18 14:59:27,087 [WARN] ModelIntegratedComponent:64 - No mode defined for component null
2025-08-18 14:59:27,087 [WARN] ModelIntegratedComponent:64 - No mode defined for component null
2025-08-18 14:59:27,087 [WARN] ModelIntegratedComponent:64 - No mode defined for component null
2025-08-18 14:59:27,087 [WARN] ModelIntegratedComponent:64 - No mode defined for component null
2025-08-18 14:59:27,087 [WARN] ModelIntegratedComponent:64 - No mode defined for component null
2025-08-18 14:59:27,087 [WARN] ModelIntegratedComponent:64 - No mode defined for component null
2025-08-18 14:59:27,088 [WARN] ModelIntegratedComponent:64 - No mode defined for component null
2025-08-18 14:59:27,088 [WARN] ModelIntegratedComponent:64 - No mode defined for component null
2025-08-18 14:59:27,088 [WARN] ModelIntegratedComponent:64 - No mode defined for component null
2025-08-18 14:59:27,088 [WARN] ModelIntegratedComponent:64 - No mode defined for component null
2025-08-18 14:59:27,088 [WARN] ModelIntegratedComponent:64 - No mode defined for component null
2025-08-18 14:59:27,088 [WARN] ModelIntegratedComponent:64 - No mode defined for component null
2025-08-18 14:59:27,088 [WARN] ModelIntegratedComponent:64 - No mode defined for component null
2025-08-18 14:59:27,088 [WARN] ModelIntegratedComponent:64 - No mode defined for component null
2025-08-18 14:59:27,088 [WARN] ModelIntegratedComponent:64 - No mode defined for component null
2025-08-18 14:59:27,088 [WARN] ModelIntegratedComponent:64 - No mode defined for component null
2025-08-18 14:59:27,088 [WARN] ModelIntegratedComponent:64 - No mode defined for component null
2025-08-18 14:59:27,088 [WARN] ModelIntegratedComponent:64 - No mode defined for component null
2025-08-18 14:59:27,652 [INFO] ThirdPartyModel:294 - Start build external matchings
2025-08-18 14:59:30,367 [INFO] ThirdPartyModel:310 - End build external matchings
2025-08-18 14:59:30,404 [INFO] ImportTextPane:193 - (OptionalMessage_ERROR) IP (RCC) : Invalid parameter (48MHZClocksFreq_Value)
2025-08-18 14:59:30,404 [INFO] ImportTextPane:193 - (OptionalMessage_ERROR) IP (RCC) : Invalid parameter (EthernetFreq_Value)
2025-08-18 14:59:30,405 [INFO] ImportTextPane:193 - (OptionalMessage_ERROR) IP (RCC) : Parameter (FLatency) has Id (AdvancedSettings) currently not set
2025-08-18 14:59:30,405 [INFO] ImportTextPane:193 - (OptionalMessage_ERROR) IP (RCC) : Invalid parameter (FamilyName)
2025-08-18 14:59:30,405 [INFO] ImportTextPane:193 - (OptionalMessage_ERROR) IP (RCC) : Invalid parameter (I2SClocksFreq_Value)
2025-08-18 14:59:30,405 [INFO] ImportTextPane:193 - (OptionalMessage_ERROR) IP (RCC) : Parameter (SDIOFreq_Value) has invalid value (168000000)
2025-08-18 14:59:30,405 [INFO] ImportTextPane:193 - (OptionalMessage_ERROR) IP (RCC) : Parameter (USBFreq_Value) has invalid value (168000000)
2025-08-18 14:59:30,405 [INFO] ImportTextPane:193 - (OptionalMessage_ERROR) IP (RCC) : Invalid parameter (VCOInputMFreq_Value)
2025-08-18 14:59:30,405 [INFO] ImportTextPane:193 - (OptionalMessage_ERROR) IP (RCC) : Invalid parameter (VcooutputI2S)
2025-08-18 14:59:30,554 [INFO] UtilMem:74 - End LoadConfig() Used Memory: 874298248 Bytes (1073741824)
2025-08-18 14:59:30,562 [WARN] ThirdParty:807 - waiting for thirdparty lock release [change project]
2025-08-18 14:59:30,563 [INFO] ThirdParty:809 - entering critical section [change project]
2025-08-18 14:59:30,563 [INFO] ThirdParty:999 - CMSIS Pack Vendor :STMicroelectronics X-CUBE-PM33A1 1.0.0
2025-08-18 14:59:30,563 [INFO] ThirdParty:999 - CMSIS Pack Vendor :STMicroelectronics X-CUBE-GNSS1 6.0.0
2025-08-18 14:59:30,563 [INFO] ThirdParty:999 - CMSIS Pack Vendor :STMicroelectronics USB_HOST 2.0.0
2025-08-18 14:59:30,563 [INFO] ThirdParty:999 - CMSIS Pack Vendor :STMicroelectronics FP-SNS-MOTENVWB1 1.4.0
2025-08-18 14:59:30,563 [INFO] ThirdParty:999 - CMSIS Pack Vendor :STMicroelectronics X-CUBE-AZRTOS-F4 1.1.0
2025-08-18 14:59:30,563 [INFO] ThirdParty:999 - CMSIS Pack Vendor :STMicroelectronics LIBJPEG 8.0.0
2025-08-18 14:59:30,563 [INFO] ThirdParty:999 - CMSIS Pack Vendor :STMicroelectronics FP-ATR-ASTRA1 2.0.2
2025-08-18 14:59:30,563 [INFO] ThirdParty:999 - CMSIS Pack Vendor :STMicroelectronics X-CUBE-SMBUS 2.1.0
2025-08-18 14:59:30,563 [INFO] ThirdParty:999 - CMSIS Pack Vendor :STMicroelectronics X-CUBE-ISPU 2.1.0
2025-08-18 14:59:30,563 [INFO] ThirdParty:999 - CMSIS Pack Vendor :STMicroelectronics X-CUBE-FREERTOS 1.2.0
2025-08-18 14:59:30,563 [INFO] ThirdParty:999 - CMSIS Pack Vendor :wolfSSL I-CUBE-wolfSSL 5.6.6
2025-08-18 14:59:30,563 [INFO] ThirdParty:999 - CMSIS Pack Vendor :STMicroelectronics X-CUBE-TOUCHGFX 4.23.0
2025-08-18 14:59:30,563 [INFO] ThirdParty:999 - CMSIS Pack Vendor :STMicroelectronics X-CUBE-NFC12 1.0.0
2025-08-18 14:59:30,563 [INFO] ThirdParty:999 - CMSIS Pack Vendor :STMicroelectronics X-CUBE-TOUCHGFX 4.23.2
2025-08-18 14:59:30,563 [INFO] ThirdParty:999 - CMSIS Pack Vendor :STMicroelectronics X-CUBE-AZRTOS-F7 1.1.0
2025-08-18 14:59:30,563 [INFO] ThirdParty:999 - CMSIS Pack Vendor :STMicroelectronics X-CUBE-AZRTOS-L5 2.0.0
2025-08-18 14:59:30,563 [INFO] ThirdParty:999 - CMSIS Pack Vendor :STMicroelectronics USB_DEVICE 2.0.0
2025-08-18 14:59:30,563 [INFO] ThirdParty:999 - CMSIS Pack Vendor :STMicroelectronics X-CUBE-NFC6 3.1.0
2025-08-18 14:59:30,563 [INFO] ThirdParty:999 - CMSIS Pack Vendor :ITTIA_DB I-CUBE-ITTIADB 8.8.0
2025-08-18 14:59:30,563 [INFO] ThirdParty:999 - CMSIS Pack Vendor :STMicroelectronics FP-SNS-MOTENV1 4.3.2
2025-08-18 14:59:30,563 [INFO] ThirdParty:999 - CMSIS Pack Vendor :STMicroelectronics X-CUBE-MEMS1 11.0.0
2025-08-18 14:59:30,563 [INFO] ThirdParty:999 - CMSIS Pack Vendor :STMicroelectronics FreeRTOS 0.0.1
2025-08-18 14:59:30,564 [INFO] ThirdParty:999 - CMSIS Pack Vendor :STMicroelectronics X-CUBE-BLEMGR 2.0.0
2025-08-18 14:59:30,564 [INFO] ThirdParty:999 - CMSIS Pack Vendor :STMicroelectronics FP-SNS-FLIGHT1 5.0.2
2025-08-18 14:59:30,564 [INFO] ThirdParty:999 - CMSIS Pack Vendor :STMicroelectronics X-CUBE-AI 9.0.0
2025-08-18 14:59:30,564 [INFO] ThirdParty:999 - CMSIS Pack Vendor :STMicroelectronics PDM2PCM 3.3.0
2025-08-18 14:59:30,564 [INFO] ThirdParty:999 - CMSIS Pack Vendor :STMicroelectronics X-CUBE-AZRTOS-H7 3.4.0
2025-08-18 14:59:30,564 [INFO] ThirdParty:999 - CMSIS Pack Vendor :STMicroelectronics X-CUBE-BLE1 7.0.0
2025-08-18 14:59:30,564 [INFO] ThirdParty:999 - CMSIS Pack Vendor :STMicroelectronics X-CUBE-NFC10 1.0.0
2025-08-18 14:59:30,564 [INFO] ThirdParty:999 - CMSIS Pack Vendor :STMicroelectronics X-CUBE-FREERTOS 1.3.1
2025-08-18 14:59:30,564 [INFO] ThirdParty:999 - CMSIS Pack Vendor :STMicroelectronics HAL Drivers 0.0.0
2025-08-18 14:59:30,564 [INFO] ThirdParty:999 - CMSIS Pack Vendor :emotas I-CUBE-CANOPEN 1.3.0
2025-08-18 14:59:30,564 [INFO] ThirdParty:999 - CMSIS Pack Vendor :STMicroelectronics X-CUBE-NFC7 1.0.1
2025-08-18 14:59:30,564 [INFO] ThirdParty:999 - CMSIS Pack Vendor :STMicroelectronics MBEDTLS 2.14.1
2025-08-18 14:59:30,564 [INFO] ThirdParty:999 - CMSIS Pack Vendor :wolfSSL I-CUBE-wolfTPM 3.2.0
2025-08-18 14:59:30,566 [INFO] ThirdParty:999 - CMSIS Pack Vendor :STMicroelectronics X-CUBE-NFC6 3.0.0
2025-08-18 14:59:30,566 [INFO] ThirdParty:999 - CMSIS Pack Vendor :STMicroelectronics X-CUBE-EEPRMA1 4.1.0
2025-08-18 14:59:30,566 [INFO] ThirdParty:999 - CMSIS Pack Vendor :STMicroelectronics X-CUBE-BLEMGR 3.1.0
2025-08-18 14:59:30,566 [INFO] ThirdParty:999 - CMSIS Pack Vendor :STMicroelectronics X-CUBE-AZRTOS-WL 2.0.0
2025-08-18 14:59:30,566 [INFO] ThirdParty:999 - CMSIS Pack Vendor :STMicroelectronics FP-SNS-MOTENV1 5.0.0
2025-08-18 14:59:30,566 [INFO] ThirdParty:999 - CMSIS Pack Vendor :STMicroelectronics USB_DEVICE 1.0.0
2025-08-18 14:59:30,566 [INFO] ThirdParty:999 - CMSIS Pack Vendor :STMicroelectronics X-CUBE-AI 8.1.0
2025-08-18 14:59:30,566 [INFO] ThirdParty:999 - CMSIS Pack Vendor :wolfSSL I-CUBE-wolfMQTT 1.19.0
2025-08-18 14:59:30,566 [INFO] ThirdParty:999 - CMSIS Pack Vendor :STMicroelectronics X-CUBE-AZRTOS-L4 2.0.0
2025-08-18 14:59:30,566 [INFO] ThirdParty:999 - CMSIS Pack Vendor :STMicroelectronics ThreadX 0.0.2
2025-08-18 14:59:30,566 [INFO] ThirdParty:999 - CMSIS Pack Vendor :WES I-CUBE-Cesium 1.3.0
2025-08-18 14:59:30,567 [INFO] ThirdParty:999 - CMSIS Pack Vendor :STMicroelectronics lwIP 2.1.2
2025-08-18 14:59:30,567 [INFO] ThirdParty:999 - CMSIS Pack Vendor :STMicroelectronics X-CUBE-SFXS2LP1 4.0.0
2025-08-18 14:59:30,567 [INFO] ThirdParty:999 - CMSIS Pack Vendor :STMicroelectronics X-CUBE-BLE2 3.3.0
2025-08-18 14:59:30,567 [INFO] ThirdParty:999 - CMSIS Pack Vendor :STMicroelectronics PDM2PCM 3.2.0
2025-08-18 14:59:30,567 [INFO] ThirdParty:999 - CMSIS Pack Vendor :STMicroelectronics X-CUBE-AZRTOS-H7 3.3.0
2025-08-18 14:59:30,567 [INFO] ThirdParty:999 - CMSIS Pack Vendor :STMicroelectronics X-CUBE-NFC9 1.0.0
2025-08-18 14:59:30,567 [INFO] ThirdParty:999 - CMSIS Pack Vendor :STMicroelectronics X-CUBE-BLE1 7.1.0
2025-08-18 14:59:30,567 [INFO] ThirdParty:999 - CMSIS Pack Vendor :STMicroelectronics USB_DEVICE 3.0.0
2025-08-18 14:59:30,567 [INFO] ThirdParty:999 - CMSIS Pack Vendor :STMicroelectronics X-CUBE-TCPP 4.1.0
2025-08-18 14:59:30,567 [INFO] ThirdParty:999 - CMSIS Pack Vendor :STMicroelectronics X-CUBE-EEPRMA1 5.2.0
2025-08-18 14:59:30,567 [INFO] ThirdParty:999 - CMSIS Pack Vendor :STMicroelectronics X-CUBE-AZRTOS-WB 2.0.0
2025-08-18 14:59:30,567 [INFO] ThirdParty:999 - CMSIS Pack Vendor :STMicroelectronics X-CUBE-GNSS1 7.0.1
2025-08-18 14:59:30,567 [INFO] ThirdParty:999 - CMSIS Pack Vendor :STMicroelectronics X-CUBE-TOUCHGFX 4.25.0
2025-08-18 14:59:30,567 [INFO] ThirdParty:999 - CMSIS Pack Vendor :STMicroelectronics X-CUBE-AI 10.1.0
2025-08-18 14:59:30,567 [INFO] ThirdParty:999 - CMSIS Pack Vendor :STMicroelectronics X-CUBE-ALGOBUILD 1.3.0
2025-08-18 14:59:30,567 [INFO] ThirdParty:999 - CMSIS Pack Vendor :STMicroelectronics X-CUBE-MEMS1 11.2.0
2025-08-18 14:59:30,567 [INFO] ThirdParty:999 - CMSIS Pack Vendor :STMicroelectronics X-CUBE-AZRTOS-G0 1.1.0
2025-08-18 14:59:30,567 [INFO] ThirdParty:999 - CMSIS Pack Vendor :STMicroelectronics X-CUBE-SAFEA1 1.2.2
2025-08-18 14:59:30,567 [INFO] ThirdParty:999 - CMSIS Pack Vendor :STMicroelectronics X-CUBE-NFC4 3.0.0
2025-08-18 14:59:30,567 [INFO] ThirdParty:999 - CMSIS Pack Vendor :STMicroelectronics X-CUBE-SUBG2 5.0.0
2025-08-18 14:59:30,567 [INFO] ThirdParty:999 - CMSIS Pack Vendor :STMicroelectronics X-CUBE-AZRTOS-H7RS 1.1.0
2025-08-18 14:59:30,567 [INFO] ThirdParty:999 - CMSIS Pack Vendor :STMicroelectronics STM32_WPAN 1.0.0
2025-08-18 14:59:30,567 [INFO] ThirdParty:999 - CMSIS Pack Vendor :STMicroelectronics lwIP 2.0.3
2025-08-18 14:59:30,567 [INFO] ThirdParty:999 - CMSIS Pack Vendor :STMicroelectronics USB_HOST 1.0.0
2025-08-18 14:59:30,567 [INFO] ThirdParty:999 - CMSIS Pack Vendor :STMicroelectronics X-CUBE-AZRTOS-G4 2.0.0
2025-08-18 14:59:30,568 [INFO] ThirdParty:999 - CMSIS Pack Vendor :STMicroelectronics X-CUBE-WB05N 2.0.0
2025-08-18 14:59:30,568 [INFO] ThirdParty:999 - CMSIS Pack Vendor :STMicroelectronics PDM2PCM 3.1.0
2025-08-18 14:59:30,568 [INFO] ThirdParty:999 - CMSIS Pack Vendor :Infineon AIROC-Wi-Fi-Bluetooth-STM32 1.5.1
2025-08-18 14:59:30,568 [INFO] ThirdParty:999 - CMSIS Pack Vendor :STMicroelectronics X-CUBE-BLEMGR 3.0.0
2025-08-18 14:59:30,568 [INFO] ThirdParty:999 - CMSIS Pack Vendor :STMicroelectronics X-CUBE-NFC7 2.0.0
2025-08-18 14:59:30,568 [INFO] ThirdParty:999 - CMSIS Pack Vendor :STMicroelectronics FP-SNS-MOTENVWB1 1.3.1
2025-08-18 14:59:30,568 [INFO] ThirdParty:999 - CMSIS Pack Vendor :STMicroelectronics FP-ATR-SIGFOX1 3.2.0
2025-08-18 14:59:30,568 [INFO] ThirdParty:999 - CMSIS Pack Vendor :STMicroelectronics X-CUBE-ISPU 2.0.0
2025-08-18 14:59:30,568 [INFO] ThirdParty:999 - CMSIS Pack Vendor :STMicroelectronics X-CUBE-EEPRMA1 5.1.0
2025-08-18 14:59:30,568 [INFO] ThirdParty:999 - CMSIS Pack Vendor :STMicroelectronics MBEDTLS 2.16.2
2025-08-18 14:59:30,568 [INFO] ThirdParty:999 - CMSIS Pack Vendor :STMicroelectronics X-CUBE-ALS 1.0.2
2025-08-18 14:59:30,568 [INFO] ThirdParty:999 - CMSIS Pack Vendor :STMicroelectronics X-CUBE-MEMS1 10.0.0
2025-08-18 14:59:30,568 [INFO] ThirdParty:999 - CMSIS Pack Vendor :STMicroelectronics X-CUBE-FREERTOS 1.1.0
2025-08-18 14:59:30,568 [INFO] ThirdParty:999 - CMSIS Pack Vendor :STMicroelectronics X-CUBE-TOUCHGFX 4.24.0
2025-08-18 14:59:30,568 [INFO] ThirdParty:999 - CMSIS Pack Vendor :portGmbH I-Cube-SoM-uGOAL 1.1.0
2025-08-18 14:59:30,568 [INFO] ThirdParty:999 - CMSIS Pack Vendor :STMicroelectronics X-CUBE-ALS 1.0.1
2025-08-18 14:59:30,568 [INFO] ThirdParty:999 - CMSIS Pack Vendor :STMicroelectronics X-CUBE-AI 10.2.0
2025-08-18 14:59:30,568 [INFO] ThirdParty:999 - CMSIS Pack Vendor :STMicroelectronics ThreadX 1.0.0
2025-08-18 14:59:30,568 [INFO] ThirdParty:999 - CMSIS Pack Vendor :SEGGER I-CUBE-embOS 1.3.1
2025-08-18 14:59:30,568 [INFO] ThirdParty:999 - CMSIS Pack Vendor :STMicroelectronics X-CUBE-ALGOBUILD 1.4.0
2025-08-18 14:59:30,568 [INFO] ThirdParty:999 - CMSIS Pack Vendor :STMicroelectronics X-CUBE-MEMS1 11.3.0
2025-08-18 14:59:30,568 [INFO] ThirdParty:999 - CMSIS Pack Vendor :STMicroelectronics X-CUBE-AZRTOS-H7RS 1.0.0
2025-08-18 14:59:30,568 [INFO] ThirdParty:999 - CMSIS Pack Vendor :STMicroelectronics FP-ATR-ASTRA1 2.0.0
2025-08-18 14:59:30,568 [INFO] ThirdParty:999 - CMSIS Pack Vendor :STMicroelectronics X-CUBE-TOF1 3.4.0
2025-08-18 14:59:30,568 [INFO] ThirdParty:999 - CMSIS Pack Vendor :STMicroelectronics X-CUBE-TOF1 3.4.1
2025-08-18 14:59:30,569 [INFO] ThirdParty:999 - CMSIS Pack Vendor :STMicroelectronics X-CUBE-AZRTOS-H7 3.2.0
2025-08-18 14:59:30,569 [INFO] ThirdParty:999 - CMSIS Pack Vendor :wolfSSL I-CUBE-wolfSSH 1.4.17
2025-08-18 14:59:30,569 [INFO] ThirdParty:815 - exiting critical section [change project]
2025-08-18 14:59:30,762 [INFO] PinOutPanel:1477 - setPackage(No Configuration,No Configuration)
2025-08-18 14:59:30,763 [INFO] PinOutPanel:1477 - setPackage(STM32F446RETx,LQFP64)
2025-08-18 14:59:31,029 [INFO] UtilMem:74 - Before build in PCC Used Memory: 862194928 Bytes (1073741824)
2025-08-18 14:59:31,154 [INFO] UtilMem:74 - After build in PCC Used Memory: 909361072 Bytes (1073741824)
2025-08-18 14:59:31,171 [INFO] IPUIPlugin:79 - create IPUIPlugin
2025-08-18 14:59:31,171 [INFO] IPUIPlugin:79 - create IPUIPlugin
2025-08-18 14:59:31,172 [INFO] IPUIPlugin:79 - create IPUIPlugin
2025-08-18 14:59:31,172 [INFO] IPUIPlugin:79 - create IPUIPlugin
2025-08-18 14:59:31,172 [INFO] IPUIPlugin:79 - create IPUIPlugin
2025-08-18 14:59:31,172 [INFO] IPUIPlugin:79 - create IPUIPlugin
2025-08-18 14:59:31,172 [INFO] IPUIPlugin:79 - create IPUIPlugin
2025-08-18 14:59:31,172 [INFO] IPUIPlugin:79 - create IPUIPlugin
2025-08-18 14:59:31,172 [INFO] IPUIPlugin:79 - create IPUIPlugin
2025-08-18 14:59:31,172 [INFO] IPUIPlugin:79 - create IPUIPlugin
2025-08-18 14:59:31,173 [INFO] IPUIPlugin:79 - create IPUIPlugin
2025-08-18 14:59:31,173 [INFO] IPUIPlugin:79 - create IPUIPlugin
2025-08-18 14:59:31,173 [INFO] IPUIPlugin:79 - create IPUIPlugin
2025-08-18 14:59:31,173 [INFO] IPUIPlugin:79 - create IPUIPlugin
2025-08-18 14:59:31,173 [INFO] IPUIPlugin:79 - create IPUIPlugin
2025-08-18 14:59:31,173 [INFO] IPUIPlugin:79 - create IPUIPlugin
2025-08-18 14:59:31,173 [INFO] IPUIPlugin:79 - create IPUIPlugin
2025-08-18 14:59:31,174 [INFO] IPUIPlugin:79 - create IPUIPlugin
2025-08-18 14:59:31,174 [INFO] IPUIPlugin:79 - create IPUIPlugin
2025-08-18 14:59:31,174 [INFO] IPUIPlugin:79 - create IPUIPlugin
2025-08-18 14:59:31,174 [INFO] IPUIPlugin:79 - create IPUIPlugin
2025-08-18 14:59:31,174 [INFO] IPUIPlugin:79 - create IPUIPlugin
2025-08-18 14:59:31,174 [INFO] IPUIPlugin:79 - create IPUIPlugin
2025-08-18 14:59:31,175 [INFO] IPUIPlugin:79 - create IPUIPlugin
2025-08-18 14:59:31,175 [INFO] IPUIPlugin:79 - create IPUIPlugin
2025-08-18 14:59:31,175 [INFO] IPUIPlugin:79 - create IPUIPlugin
2025-08-18 14:59:31,175 [INFO] IPUIPlugin:79 - create IPUIPlugin
2025-08-18 14:59:31,175 [INFO] IPUIPlugin:79 - create IPUIPlugin
2025-08-18 14:59:31,175 [INFO] IPUIPlugin:79 - create IPUIPlugin
2025-08-18 14:59:31,175 [INFO] IPUIPlugin:79 - create IPUIPlugin
2025-08-18 14:59:31,176 [INFO] IPUIPlugin:79 - create IPUIPlugin
2025-08-18 14:59:31,176 [INFO] IPUIPlugin:79 - create IPUIPlugin
2025-08-18 14:59:31,176 [INFO] IPUIPlugin:79 - create IPUIPlugin
2025-08-18 14:59:31,176 [INFO] IPUIPlugin:79 - create IPUIPlugin
2025-08-18 14:59:31,176 [INFO] IPUIPlugin:79 - create IPUIPlugin
2025-08-18 14:59:31,176 [INFO] IPUIPlugin:79 - create IPUIPlugin
2025-08-18 14:59:31,176 [INFO] IPUIPlugin:79 - create IPUIPlugin
2025-08-18 14:59:31,177 [INFO] IPUIPlugin:79 - create IPUIPlugin
2025-08-18 14:59:31,177 [INFO] IPUIPlugin:79 - create IPUIPlugin
2025-08-18 14:59:31,177 [INFO] IPUIPlugin:79 - create IPUIPlugin
2025-08-18 14:59:31,177 [INFO] IPUIPlugin:79 - create IPUIPlugin
2025-08-18 14:59:31,177 [INFO] IPUIPlugin:79 - create IPUIPlugin
2025-08-18 14:59:31,177 [INFO] IPUIPlugin:79 - create IPUIPlugin
2025-08-18 14:59:31,177 [INFO] IPUIPlugin:79 - create IPUIPlugin
2025-08-18 14:59:31,177 [INFO] IPUIPlugin:79 - create IPUIPlugin
2025-08-18 14:59:31,177 [INFO] IPUIPlugin:79 - create IPUIPlugin
2025-08-18 14:59:31,177 [INFO] IPUIPlugin:79 - create IPUIPlugin
2025-08-18 14:59:31,177 [INFO] IPUIPlugin:79 - create IPUIPlugin
2025-08-18 14:59:31,177 [INFO] IPUIPlugin:79 - create IPUIPlugin
2025-08-18 14:59:31,178 [INFO] IPUIPlugin:79 - create IPUIPlugin
2025-08-18 14:59:31,178 [INFO] IPUIPlugin:79 - create IPUIPlugin
2025-08-18 14:59:31,178 [INFO] IPUIPlugin:79 - create IPUIPlugin
2025-08-18 14:59:31,178 [INFO] IPUIPlugin:79 - create IPUIPlugin
2025-08-18 14:59:31,178 [INFO] IPUIPlugin:79 - create IPUIPlugin
2025-08-18 14:59:31,178 [INFO] IPUIPlugin:79 - create IPUIPlugin
2025-08-18 14:59:31,179 [INFO] IPUIPlugin:79 - create IPUIPlugin
2025-08-18 14:59:31,179 [INFO] IPUIPlugin:79 - create IPUIPlugin
2025-08-18 14:59:31,179 [INFO] IPUIPlugin:79 - create IPUIPlugin
2025-08-18 14:59:31,180 [INFO] IPUIPlugin:79 - create IPUIPlugin
2025-08-18 14:59:31,180 [INFO] IPUIPlugin:79 - create IPUIPlugin
2025-08-18 14:59:31,182 [INFO] ApiDbMcu:505 - Load IP Config File for PDM2PCM
2025-08-18 14:59:31,236 [INFO] CADModel:164 - CPN selected for project levelSTM32F446RET6
2025-08-18 14:59:31,236 [INFO] CADModel:113 - Register for checkConnection events
2025-08-18 14:59:31,278 [INFO] OpenFileManager:327 - Restore cursor
2025-08-18 14:59:31,735 [INFO] UtilMem:74 - End SaveConfig() Used Memory: 870494768 Bytes (1073741824)
2025-08-18 14:59:31,775 [INFO] UtilMem:74 - End SaveConfig() Used Memory: 892405848 Bytes (1073741824)
2025-08-18 14:59:31,996 [INFO] BlockDiagram:2759 - set Specific Code input for plugin: SYS
2025-08-18 14:59:31,997 [INFO] BlockDiagram:2759 - set Specific Code input for plugin: RCC
2025-08-18 14:59:31,997 [INFO] BlockDiagram:2759 - set Specific Code input for plugin: NVIC
2025-08-18 14:59:31,997 [INFO] BlockDiagram:2759 - set Specific Code input for plugin: USART
2025-08-18 14:59:31,997 [INFO] BlockDiagram:2759 - set Specific Code input for plugin: GPIO
2025-08-18 14:59:31,997 [INFO] CodeGenerator:692 - code generatio: config db path: /opt/st/stm32cubeide_1.11.0/plugins/com.st.stm32cube.common.mx_6.7.0.202211181646//db/
2025-08-18 14:59:32,229 [INFO] CodeEngine:247 - oldGeneratedFile, /home/boobathi/new_stm32_workspace/3-Pin-NTC/MXTmpFiles/license.tmp_save
2025-08-18 14:59:32,322 [INFO] CodeEngine:271 - Generated code: /home/boobathi/new_stm32_workspace/3-Pin-NTC/MXTmpFiles/license.tmp
2025-08-18 14:59:32,336 [INFO] CodeEngine:247 - oldGeneratedFile, /home/boobathi/new_stm32_workspace/3-Pin-NTC/MXTmpFiles/gpio.tmp_save
2025-08-18 14:59:32,393 [INFO] CodeEngine:271 - Generated code: /home/boobathi/new_stm32_workspace/3-Pin-NTC/MXTmpFiles/gpio.tmp
2025-08-18 14:59:32,431 [INFO] CodeEngine:247 - oldGeneratedFile, /home/boobathi/new_stm32_workspace/3-Pin-NTC/Core/Src/stm32f4xx_it.c_save
2025-08-18 14:59:32,578 [INFO] CodeEngine:271 - Generated code: /home/boobathi/new_stm32_workspace/3-Pin-NTC/Core/Src/stm32f4xx_it.c
2025-08-18 14:59:32,579 [INFO] CodeEngine:247 - oldGeneratedFile, /home/boobathi/new_stm32_workspace/3-Pin-NTC/Core/Inc/stm32f4xx_it.h_save
2025-08-18 14:59:32,630 [INFO] CodeEngine:271 - Generated code: /home/boobathi/new_stm32_workspace/3-Pin-NTC/Core/Inc/stm32f4xx_it.h
2025-08-18 14:59:32,632 [INFO] CodeEngine:247 - oldGeneratedFile, /home/boobathi/new_stm32_workspace/3-Pin-NTC/Core/Src/stm32f4xx_hal_msp.c_save
2025-08-18 14:59:32,748 [INFO] CodeEngine:271 - Generated code: /home/boobathi/new_stm32_workspace/3-Pin-NTC/Core/Src/stm32f4xx_hal_msp.c
2025-08-18 14:59:32,749 [INFO] CodeEngine:247 - oldGeneratedFile, /home/boobathi/new_stm32_workspace/3-Pin-NTC/MXTmpFiles/system.tmp_save
2025-08-18 14:59:32,796 [INFO] CodeEngine:271 - Generated code: /home/boobathi/new_stm32_workspace/3-Pin-NTC/MXTmpFiles/system.tmp
2025-08-18 14:59:32,797 [INFO] CodeEngine:303 - oldGeneratedFile, /home/boobathi/new_stm32_workspace/3-Pin-NTC/Core/Inc/stm32f4xx_hal_conf.h_save
2025-08-18 14:59:32,852 [INFO] CodeEngine:327 - Generated code: /home/boobathi/new_stm32_workspace/3-Pin-NTC/Core/Inc/stm32f4xx_hal_conf.h
2025-08-18 14:59:32,863 [WARN] IPConfigManager:2928 - Warning: the RefConfig PLL2P_FOR_MCO is not available in your config.xml file
2025-08-18 14:59:32,866 [INFO] CodeEngine:247 - oldGeneratedFile, /home/boobathi/new_stm32_workspace/3-Pin-NTC/Core/Inc/main.h_save
2025-08-18 14:59:32,949 [INFO] CodeEngine:271 - Generated code: /home/boobathi/new_stm32_workspace/3-Pin-NTC/Core/Inc/main.h
2025-08-18 14:59:32,950 [INFO] CodeEngine:247 - oldGeneratedFile, /home/boobathi/new_stm32_workspace/3-Pin-NTC/Core/Src/main.c_save
2025-08-18 14:59:33,037 [INFO] CodeEngine:271 - Generated code: /home/boobathi/new_stm32_workspace/3-Pin-NTC/Core/Src/main.c
2025-08-18 14:59:33,604 [INFO] ProjectBuilder:2919 - Time for Copy HAL[1] : 17mS.
2025-08-18 14:59:33,605 [INFO] ProjectBuilder:4183 - Project Generator version: 3.18.0-B7
2025-08-18 14:59:34,410 [INFO] ConfigFileManager:1396 - The Die is : DIE421
2025-08-18 14:59:34,412 [INFO] ApiDbMcu:505 - Load IP Config File for FATFS
2025-08-18 14:59:34,415 [INFO] ApiDbMcu:505 - Load IP Config File for FREERTOS
2025-08-18 14:59:34,416 [INFO] ApiDbMcu:505 - Load IP Config File for LIBJPEG
2025-08-18 14:59:34,419 [INFO] ApiDbMcu:505 - Load IP Config File for MBEDTLS
2025-08-18 14:59:34,425 [INFO] ApiDbMcu:505 - Load IP Config File for USB_DEVICE
2025-08-18 14:59:34,427 [INFO] ApiDbMcu:505 - Load IP Config File for USB_HOST
2025-08-18 14:59:40,021 [INFO] ProjectBuilder:4351 - Time for Generating toolchain IDE Files: 6416mS.
2025-08-18 14:59:40,021 [INFO] ProjectBuilder:2790 - Time for Copy CMSIS : 0mS.
2025-08-18 14:59:40,022 [INFO] ProjectBuilder:2790 - Time for Copy CMSIS : 0mS.
2025-08-18 14:59:42,150 [INFO] McuFinderGlobals:65 - Set McuFinderConnectedMode to true
2025-08-18 14:59:42,152 [INFO] ApiDb:447 - Save user favorites file /home/boobathi/.stm32cubeide/favorites.mcus.txt: 0 item(s)
2025-08-18 14:59:42,152 [INFO] ApiDb:451 - User favorites MCUs=[]
2025-08-18 14:59:42,152 [INFO] ApiDb:447 - Save user favorites file /home/boobathi/.stm32cubeide/favorites.boards.txt: 1 item(s)
2025-08-18 14:59:42,152 [INFO] ApiDb:451 - User favorites Boards=[NUCLEO-F446RE]
2025-08-18 14:59:42,593 [INFO] UtilMem:74 - End SaveConfig() Used Memory: 765654208 Bytes (1073741824)
2025-08-18 14:59:42,624 [INFO] UtilMem:74 - End SaveConfig() Used Memory: 786625664 Bytes (1073741824)
2025-08-18 14:59:42,841 [INFO] BlockDiagram:2759 - set Specific Code input for plugin: SYS
2025-08-18 14:59:42,841 [INFO] BlockDiagram:2759 - set Specific Code input for plugin: RCC
2025-08-18 14:59:42,841 [INFO] BlockDiagram:2759 - set Specific Code input for plugin: NVIC
2025-08-18 14:59:42,841 [INFO] BlockDiagram:2759 - set Specific Code input for plugin: USART
2025-08-18 14:59:42,842 [INFO] BlockDiagram:2759 - set Specific Code input for plugin: GPIO
2025-08-18 14:59:42,842 [INFO] CodeGenerator:692 - code generatio: config db path: /opt/st/stm32cubeide_1.11.0/plugins/com.st.stm32cube.common.mx_6.7.0.202211181646//db/
2025-08-18 14:59:43,099 [INFO] CodeEngine:247 - oldGeneratedFile, /home/boobathi/new_stm32_workspace/3-Pin-NTC/MXTmpFiles/license.tmp_save
2025-08-18 14:59:43,248 [INFO] CodeEngine:271 - Generated code: /home/boobathi/new_stm32_workspace/3-Pin-NTC/MXTmpFiles/license.tmp
2025-08-18 14:59:43,259 [INFO] CodeEngine:247 - oldGeneratedFile, /home/boobathi/new_stm32_workspace/3-Pin-NTC/MXTmpFiles/gpio.tmp_save
2025-08-18 14:59:43,410 [INFO] CodeEngine:271 - Generated code: /home/boobathi/new_stm32_workspace/3-Pin-NTC/MXTmpFiles/gpio.tmp
2025-08-18 14:59:43,442 [INFO] CodeEngine:247 - oldGeneratedFile, /home/boobathi/new_stm32_workspace/3-Pin-NTC/Core/Src/stm32f4xx_it.c_save
2025-08-18 14:59:43,591 [INFO] CodeEngine:271 - Generated code: /home/boobathi/new_stm32_workspace/3-Pin-NTC/Core/Src/stm32f4xx_it.c
2025-08-18 14:59:43,592 [INFO] CodeEngine:247 - oldGeneratedFile, /home/boobathi/new_stm32_workspace/3-Pin-NTC/Core/Inc/stm32f4xx_it.h_save
2025-08-18 14:59:43,675 [INFO] CodeEngine:271 - Generated code: /home/boobathi/new_stm32_workspace/3-Pin-NTC/Core/Inc/stm32f4xx_it.h
2025-08-18 14:59:43,677 [INFO] CodeEngine:247 - oldGeneratedFile, /home/boobathi/new_stm32_workspace/3-Pin-NTC/Core/Src/stm32f4xx_hal_msp.c_save
2025-08-18 14:59:43,758 [INFO] CodeEngine:271 - Generated code: /home/boobathi/new_stm32_workspace/3-Pin-NTC/Core/Src/stm32f4xx_hal_msp.c
2025-08-18 14:59:43,758 [INFO] CodeEngine:247 - oldGeneratedFile, /home/boobathi/new_stm32_workspace/3-Pin-NTC/MXTmpFiles/system.tmp_save
2025-08-18 14:59:43,804 [INFO] CodeEngine:271 - Generated code: /home/boobathi/new_stm32_workspace/3-Pin-NTC/MXTmpFiles/system.tmp
2025-08-18 14:59:43,805 [INFO] CodeEngine:303 - oldGeneratedFile, /home/boobathi/new_stm32_workspace/3-Pin-NTC/Core/Inc/stm32f4xx_hal_conf.h_save
2025-08-18 14:59:43,865 [INFO] CodeEngine:327 - Generated code: /home/boobathi/new_stm32_workspace/3-Pin-NTC/Core/Inc/stm32f4xx_hal_conf.h
2025-08-18 14:59:43,876 [WARN] IPConfigManager:2928 - Warning: the RefConfig PLL2P_FOR_MCO is not available in your config.xml file
2025-08-18 14:59:43,880 [INFO] CodeEngine:247 - oldGeneratedFile, /home/boobathi/new_stm32_workspace/3-Pin-NTC/Core/Inc/main.h_save
2025-08-18 14:59:43,945 [INFO] CodeEngine:271 - Generated code: /home/boobathi/new_stm32_workspace/3-Pin-NTC/Core/Inc/main.h
2025-08-18 14:59:43,946 [INFO] CodeEngine:247 - oldGeneratedFile, /home/boobathi/new_stm32_workspace/3-Pin-NTC/Core/Src/main.c_save
2025-08-18 14:59:44,032 [INFO] CodeEngine:271 - Generated code: /home/boobathi/new_stm32_workspace/3-Pin-NTC/Core/Src/main.c
2025-08-18 14:59:44,545 [INFO] ProjectBuilder:2919 - Time for Copy HAL[1] : 18mS.
2025-08-18 14:59:44,546 [INFO] ProjectBuilder:4183 - Project Generator version: 3.18.0-B7
2025-08-18 14:59:44,869 [INFO] ConfigFileManager:1396 - The Die is : DIE421
2025-08-18 14:59:45,070 [ERROR] IocParser:56 - IOException caught: /home/boobathi/new_stm32_workspace/3-Pin-NTC/3-Pin-NTC.ioc (No such file or directory)
2025-08-18 14:59:45,071 [ERROR] PeripheralListParser:94 - Something went wrong with ioc file reading: /home/boobathi/new_stm32_workspace/3-Pin-NTC/3-Pin-NTC.ioc (No such file or directory)
2025-08-18 14:59:45,071 [ERROR] RegexParser:58 - Issue caught when parsing regex: /home/boobathi/new_stm32_workspace/3-Pin-NTC/3-Pin-NTC.ioc (No such file or directory)
2025-08-18 14:59:46,064 [INFO] ProjectBuilder:4351 - Time for Generating toolchain IDE Files: 1518mS.
2025-08-18 14:59:46,065 [INFO] ProjectBuilder:2790 - Time for Copy CMSIS : 1mS.
2025-08-18 14:59:46,065 [INFO] ProjectBuilder:2790 - Time for Copy CMSIS : 0mS.
2025-08-18 15:00:19,855 [INFO] MainUpdater:2800 - connection check result : 10
2025-08-18 15:00:19,982 [INFO] McuFinderGlobals:65 - Set McuFinderConnectedMode to true
2025-08-18 15:00:19,983 [INFO] MultiScanPanel:196 - Auto-refresh data requested => check proxy status ongoing
2025-08-18 15:00:19,983 [INFO] FinderPluginLoader:92 - Searching for filters in installed packs
2025-08-18 15:00:20,771 [INFO] LoadUrlFilesThread:179 - End of LoadServerUrlFiles without Thread
2025-08-18 15:00:20,771 [INFO] DetailPanel:339 - Set advertising image to /home/boobathi/STM32Cube/Repository//en.2400x1350px.jpeg
2025-08-18 15:00:23,358 [INFO] MultiScanPanel:196 - Auto-refresh data requested => check proxy status ongoing
2025-08-18 15:00:23,423 [INFO] LoadUrlFilesThread:179 - End of LoadServerUrlFiles without Thread
2025-08-18 15:00:23,424 [INFO] DetailPanel:339 - Set advertising image to /home/boobathi/STM32Cube/Repository//en.2400x1350px.jpeg
2025-08-18 15:00:36,582 [INFO] McuFinderGlobals:65 - Set McuFinderConnectedMode to true
2025-08-18 15:00:36,854 [INFO] ApiDb:447 - Save user favorites file /home/boobathi/.stm32cubeide/favorites.mcus.txt: 0 item(s)
2025-08-18 15:00:36,854 [INFO] ApiDb:451 - User favorites MCUs=[]
2025-08-18 15:00:36,855 [INFO] ApiDb:447 - Save user favorites file /home/boobathi/.stm32cubeide/favorites.boards.txt: 1 item(s)
2025-08-18 15:00:36,855 [INFO] ApiDb:451 - User favorites Boards=[NUCLEO-F446RE]
2025-08-18 15:01:31,325 [INFO] MainUpdater:2800 - connection check result : 10
2025-08-18 15:01:31,425 [INFO] McuFinderGlobals:65 - Set McuFinderConnectedMode to true
2025-08-18 15:01:31,426 [INFO] MultiScanPanel:196 - Auto-refresh data requested => check proxy status ongoing
2025-08-18 15:01:31,426 [INFO] FinderPluginLoader:92 - Searching for filters in installed packs
2025-08-18 15:01:32,188 [INFO] LoadUrlFilesThread:179 - End of LoadServerUrlFiles without Thread
2025-08-18 15:01:32,188 [INFO] DetailPanel:339 - Set advertising image to /home/boobathi/STM32Cube/Repository//en.2400x1350px.jpeg
2025-08-18 15:01:36,395 [INFO] MultiScanPanel:196 - Auto-refresh data requested => check proxy status ongoing
2025-08-18 15:01:36,436 [INFO] LoadUrlFilesThread:179 - End of LoadServerUrlFiles without Thread
2025-08-18 15:01:36,436 [INFO] DetailPanel:339 - Set advertising image to /home/boobathi/STM32Cube/Repository//en.2400x1350px.jpeg
2025-08-18 15:02:00,461 [INFO] MainUpdater:2800 - connection check result : 10
2025-08-18 15:02:00,462 [INFO] MainUpdater:2800 - connection check result : 10
2025-08-18 15:02:00,466 [ERROR] IocParser:56 - IOException caught: /home/boobathi/new_stm32_workspace/3-Pin-NTC/3-Pin-NTC.ioc (No such file or directory)
2025-08-18 15:02:00,466 [ERROR] PeripheralListParser:94 - Something went wrong with ioc file reading: /home/boobathi/new_stm32_workspace/3-Pin-NTC/3-Pin-NTC.ioc (No such file or directory)
2025-08-18 15:02:00,467 [ERROR] RegexParser:58 - Issue caught when parsing regex: /home/boobathi/new_stm32_workspace/3-Pin-NTC/3-Pin-NTC.ioc (No such file or directory)
2025-08-18 15:02:01,733 [INFO] MicroXplorer:451 - Change Database Path : 
2025-08-18 15:02:01,733 [INFO] MicroXplorer:481 - Change Database Version : DB.6.0.70
2025-08-18 15:02:01,756 [WARN] ThirdParty:845 - waiting for thirdparty lock release [close project]
2025-08-18 15:02:01,756 [INFO] ThirdParty:847 - entering critical section [close project]
2025-08-18 15:02:01,756 [INFO] ThirdParty:857 - exiting critical section [close project]
2025-08-18 15:02:01,758 [INFO] PinOutPanel:1477 - setPackage(No Configuration,No Configuration)
2025-08-18 15:02:01,763 [WARN] IpParametersView:148 - Warning: This peripheral hasn't parameters
2025-08-18 15:02:01,766 [WARN] MainPanel:253 - <html><b><center>Warning: This peripheral has no parameters to be configured<br></b></html>
2025-08-18 15:02:01,768 [INFO] UtilMem:74 - Begin LoadConfig() Used Memory: 894741560 Bytes (1073741824)
2025-08-18 15:02:01,769 [INFO] OpenFileManager:307 - Change cursor
2025-08-18 15:02:01,777 [INFO] RulesReader:61 - Compatibility file has been processed (283 Rules)
2025-08-18 15:02:01,779 [INFO] ProjectFactory:399 - No CPN specified for board NUCLEO-F446RE => set CPN to STM32F446RET6
2025-08-18 15:02:01,779 [INFO] Mcu:1925 - Initializing MCU STM32F446R(C-E)Tx STM32F446RETx STM32F446RET6
2025-08-18 15:02:02,752 [INFO] Context:654 - Trying to add GPIOservice into a context  which must be forbidden
2025-08-18 15:02:02,969 [INFO] Rule:225 - rule 117617 - U5Cobra4M][GTZC] default value MPCBB3 and MPCBB5 - Not Secured memory - MPCBB1 is applicable
2025-08-18 15:02:02,969 [INFO] Rule:225 - rule 117617 - U5Cobra4M][GTZC] default value MPCBB3 and MPCBB5 - Not Secured memory - MPCBB1 is applicable
2025-08-18 15:02:02,969 [INFO] Rule:225 - rule 117617 - U5Cobra4M][GTZC] default value MPCBB3 and MPCBB5 - Not Secured memory - MPCBB2 is applicable
2025-08-18 15:02:02,969 [INFO] Rule:225 - rule 117617 - U5Cobra4M][GTZC] default value MPCBB3 and MPCBB5 - Not Secured memory - MPCBB2 is applicable
2025-08-18 15:02:02,969 [INFO] Rule:225 - rule 117617 - U5Cobra4M][GTZC] default value MPCBB3 and MPCBB5 - Not Secured memory - MPCBB3 is applicable
2025-08-18 15:02:02,969 [INFO] Rule:225 - rule 117617 - U5Cobra4M][GTZC] default value MPCBB3 and MPCBB5 - Not Secured memory - MPCBB3 is applicable
2025-08-18 15:02:02,969 [INFO] Rule:225 - rule 117617 - U5Cobra4M][GTZC] default value MPCBB3 and MPCBB5 - Not Secured memory - MPCBB4 is applicable
2025-08-18 15:02:02,969 [INFO] Rule:225 - rule 117617 - U5Cobra4M][GTZC] default value MPCBB3 and MPCBB5 - Not Secured memory - MPCBB4 is applicable
2025-08-18 15:02:02,969 [INFO] Rule:225 - rule 117617 - U5Cobra4M][GTZC] default value MPCBB3 and MPCBB5 - Secured memory - MPCBB1 is applicable
2025-08-18 15:02:02,969 [INFO] Rule:225 - rule 117617 - U5Cobra4M][GTZC] default value MPCBB3 and MPCBB5 - Secured memory - MPCBB2 is applicable
2025-08-18 15:02:02,969 [INFO] Rule:225 - rule 117617 - U5Cobra4M][GTZC] default value MPCBB3 and MPCBB5 - Secured memory - MPCBB3 is applicable
2025-08-18 15:02:02,969 [INFO] Rule:225 - rule 117617 - U5Cobra4M][GTZC] default value MPCBB3 and MPCBB5 - Secured memory - MPCBB4 is applicable
2025-08-18 15:02:02,969 [INFO] Rule:225 - rule 117617 - U5Cobra4M][GTZC] default value MPCBB3 and MPCBB5 - Privileged memory - MPCBB1 is applicable
2025-08-18 15:02:02,969 [INFO] Rule:225 - rule 117617 - U5Cobra4M][GTZC] default value MPCBB3 and MPCBB5 - Privileged memory - MPCBB2 is applicable
2025-08-18 15:02:02,969 [INFO] Rule:225 - rule 117617 - U5Cobra4M][GTZC] default value MPCBB3 and MPCBB5 - Privileged memory - MPCBB3 is applicable
2025-08-18 15:02:02,969 [INFO] Rule:225 - rule 117617 - U5Cobra4M][GTZC] default value MPCBB3 and MPCBB5 - Privileged memory - MPCBB4 is applicable
2025-08-18 15:02:02,969 [INFO] Rule:225 - rule 117617 - U5Cobra4M][GTZC] default value MPCBB3 and MPCBB5 - Not Privileged memory - MPCBB1 is applicable
2025-08-18 15:02:02,969 [INFO] Rule:225 - rule 117617 - U5Cobra4M][GTZC] default value MPCBB3 and MPCBB5 - Not Privileged memory - MPCBB2 is applicable
2025-08-18 15:02:02,969 [INFO] Rule:225 - rule 117617 - U5Cobra4M][GTZC] default value MPCBB3 and MPCBB5 - Not Privileged memory - MPCBB3 is applicable
2025-08-18 15:02:02,969 [INFO] Rule:225 - rule 117617 - U5Cobra4M][GTZC] default value MPCBB3 and MPCBB5 - Not Privileged memory - MPCBB4 is applicable
2025-08-18 15:02:02,969 [INFO] Rule:225 - rule 117617 - U5Cobra4M][GTZC] default value MPCBB3 and MPCBB5 - Privileged memory - MPCBB1 is applicable
2025-08-18 15:02:02,969 [INFO] Rule:225 - rule 117617 - U5Cobra4M][GTZC] default value MPCBB3 and MPCBB5 - Privileged memory - MPCBB2 is applicable
2025-08-18 15:02:02,969 [INFO] Rule:225 - rule 117617 - U5Cobra4M][GTZC] default value MPCBB3 and MPCBB5 - Privileged memory - MPCBB3 is applicable
2025-08-18 15:02:02,969 [INFO] Rule:225 - rule 117617 - U5Cobra4M][GTZC] default value MPCBB3 and MPCBB5 - Privileged memory - MPCBB4 is applicable
2025-08-18 15:02:02,969 [INFO] Rule:225 - rule 117617 - U5Cobra4M][GTZC] default value MPCBB3 and MPCBB5 - Privileged memory - MPCBB1 is applicable
2025-08-18 15:02:02,969 [INFO] Rule:225 - rule 117617 - U5Cobra4M][GTZC] default value MPCBB3 and MPCBB5 - Privileged memory - MPCBB2 is applicable
2025-08-18 15:02:02,969 [INFO] Rule:225 - rule 117617 - U5Cobra4M][GTZC] default value MPCBB3 and MPCBB5 - Privileged memory - MPCBB3 is applicable
2025-08-18 15:02:02,969 [INFO] Rule:225 - rule 117617 - U5Cobra4M][GTZC] default value MPCBB3 and MPCBB5 - Privileged memory - MPCBB4 is applicable
2025-08-18 15:02:02,970 [INFO] Rule:225 - rule 117617 - U5Cobra4M][GTZC] default value MPCBB3 and MPCBB5 - Not Privileged memory - MPCBB1 is applicable
2025-08-18 15:02:02,970 [INFO] Rule:225 - rule 117617 - U5Cobra4M][GTZC] default value MPCBB3 and MPCBB5 - Not Privileged memory - MPCBB2 is applicable
2025-08-18 15:02:02,970 [INFO] Rule:225 - rule 117617 - U5Cobra4M][GTZC] default value MPCBB3 and MPCBB5 - Not Privileged memory - MPCBB3 is applicable
2025-08-18 15:02:02,970 [INFO] Rule:225 - rule 117617 - U5Cobra4M][GTZC] default value MPCBB3 and MPCBB5 - Not Privileged memory - MPCBB4 is applicable
2025-08-18 15:02:02,970 [INFO] Rule:225 - rule 117617 - U5Cobra4M][GTZC] default value MPCBB3 and MPCBB5 - Privileged memory - MPCBB1 is applicable
2025-08-18 15:02:02,970 [INFO] Rule:225 - rule 117617 - U5Cobra4M][GTZC] default value MPCBB3 and MPCBB5 - Privileged memory - MPCBB2 is applicable
2025-08-18 15:02:02,970 [INFO] Rule:225 - rule 117617 - U5Cobra4M][GTZC] default value MPCBB3 and MPCBB5 - Privileged memory - MPCBB3 is applicable
2025-08-18 15:02:02,970 [INFO] Rule:225 - rule 117617 - U5Cobra4M][GTZC] default value MPCBB3 and MPCBB5 - Privileged memory - MPCBB4 is applicable
2025-08-18 15:02:02,970 [INFO] Rule:225 - rule Rename SubGHz_Phy SUBGHZ_APPLICATION SUBGHZ_PINGPONG to SUBGHZ_ADV_APPLICATION is applicable
2025-08-18 15:02:02,970 [INFO] Rule:225 - rule Rename Enabled to IBEACON is applicable
2025-08-18 15:02:02,970 [INFO] Rule:225 - rule GTZC_S instance for project manager is applicable
2025-08-18 15:02:02,970 [INFO] Rule:225 - rule GTZC_S instance for context M33S is applicable
2025-08-18 15:02:02,970 [INFO] Rule:225 - rule GTZC_S instance value for IP GTZC is applicable
2025-08-18 15:02:02,970 [INFO] Rule:225 - rule GTZC_S instance for mcu.IP is applicable
2025-08-18 15:02:02,970 [INFO] Rule:225 - rule GTZC_S instance for VP is applicable
2025-08-18 15:02:02,970 [INFO] Rule:225 - rule GTZC_S instance for signal is applicable
2025-08-18 15:02:02,970 [INFO] Rule:225 - rule GTZC_S instance for mcu.Pin is applicable
2025-08-18 15:02:02,970 [INFO] Rule:225 - rule GTZC_S instance for VP is applicable
2025-08-18 15:02:02,970 [INFO] Rule:225 - rule GTZC_S instance for signal is applicable
2025-08-18 15:02:02,970 [INFO] Rule:225 - rule GTZC_S instance for mcu is applicable
2025-08-18 15:02:02,970 [INFO] Rule:225 - rule GTZC_S instance for mcu.Pin is applicable
2025-08-18 15:02:02,970 [INFO] Rule:225 - rule GTZC_S instance value for IP GTZC is applicable
2025-08-18 15:02:02,970 [INFO] Rule:225 - rule GTZC_S instance for project manager is applicable
2025-08-18 15:02:02,970 [INFO] Rule:225 - rule GTZC_S instance for context M33S is applicable
2025-08-18 15:02:02,970 [INFO] Rule:225 - rule GTZC_S instance for VP is applicable
2025-08-18 15:02:02,970 [INFO] Rule:225 - rule GTZC_S instance for signal is applicable
2025-08-18 15:02:02,970 [INFO] Rule:225 - rule SPDIFRX instance for mcu is applicable
2025-08-18 15:02:02,970 [INFO] Rule:225 - rule Rename Tracer Mode is applicable
2025-08-18 15:02:02,970 [INFO] Rule:225 - rule SPDIFRX instance value for IP SPDIFRX is applicable
2025-08-18 15:02:02,970 [INFO] Rule:225 - rule SPDIFRX instance for signal is applicable
2025-08-18 15:02:02,970 [INFO] Rule:225 - rule SPDIFRX instance for project manager is applicable
2025-08-18 15:02:02,970 [INFO] Rule:225 - rule SPDIFRX instance for project manager is applicable
2025-08-18 15:02:02,970 [INFO] Rule:225 - rule ADC Scan  fix with FW F7 is applicable
2025-08-18 15:02:02,970 [INFO] Rule:225 - rule ADC Scan  fix with FW F7 is applicable
2025-08-18 15:02:02,970 [INFO] Rule:225 - rule Add RTC Activate Clock Source is applicable
2025-08-18 15:02:02,970 [INFO] Rule:225 - rule Add RTC Activate Calendar 1 is applicable
2025-08-18 15:02:02,970 [INFO] Rule:225 - rule Add RTC Activate Calendar 2 is applicable
2025-08-18 15:02:02,970 [INFO] Rule:225 - rule Add RTC Activate Calendar 3 is applicable
2025-08-18 15:02:02,970 [INFO] Rule:225 - rule UART/USART TX Mode is applicable
2025-08-18 15:02:02,970 [INFO] Rule:225 - rule UART/USART RX Mode is applicable
2025-08-18 15:02:02,970 [INFO] Rule:225 - rule UART/USART RX TX Mode is applicable
2025-08-18 15:02:02,970 [INFO] Rule:225 - rule UART/USART PARITY NONE is applicable
2025-08-18 15:02:02,970 [INFO] Rule:225 - rule UART/USART PARITY EVEN is applicable
2025-08-18 15:02:02,971 [INFO] Rule:225 - rule UART/USART PARITY ODD is applicable
2025-08-18 15:02:02,971 [INFO] Rule:225 - rule USART StopBits 1 is applicable
2025-08-18 15:02:02,971 [INFO] Rule:225 - rule USART StopBits 2 is applicable
2025-08-18 15:02:02,971 [INFO] Rule:225 - rule USART StopBits 1.5 is applicable
2025-08-18 15:02:02,971 [INFO] Rule:225 - rule USART StopBits 0.5 is applicable
2025-08-18 15:02:02,971 [INFO] Rule:225 - rule UART/USART WORD LENGTH 7 is applicable
2025-08-18 15:02:02,971 [INFO] Rule:225 - rule UART/USART WORD LENGTH 8 is applicable
2025-08-18 15:02:02,971 [INFO] Rule:225 - rule UART/USART WORD LENGTH 9 is applicable
2025-08-18 15:02:02,971 [INFO] Rule:225 - rule Rename FMC NAND NCE signal is applicable
2025-08-18 15:02:02,971 [INFO] Rule:225 - rule Rename FMC NAND INT signal is applicable
2025-08-18 15:02:02,971 [INFO] Rule:225 - rule Change Default Value for LSE Drive Capability for WB family is applicable
2025-08-18 15:02:02,971 [INFO] Rule:225 - rule Change Default Value for ADC Clock Prescaler G0 family is applicable
2025-08-18 15:02:02,971 [INFO] Rule:225 - rule Change Default Value for ADC ExternalTrigConv L4 family is applicable
2025-08-18 15:02:02,971 [INFO] Rule:225 - rule Change Default Value for ADC ExternalTrigInjecConv L4 family is applicable
2025-08-18 15:02:02,971 [INFO] Rule:225 - rule Change Default Value for ADC ExternalTrigConv F3 family is applicable
2025-08-18 15:02:02,971 [INFO] Rule:225 - rule Change Default Value for ADC ExternalTrigInjecConv F3 family is applicable
2025-08-18 15:02:02,971 [INFO] Rule:225 - rule Change Default Value for ADC ExternalTrigConv Goldfish serie is applicable
2025-08-18 15:02:02,971 [INFO] Rule:225 - rule Change Default Value for ADC ExternalTrigInjecConv Goldfish serie is applicable
2025-08-18 15:02:02,971 [INFO] Rule:225 - rule Change Default Value for ADC ExternalTrigConv L0 family is applicable
2025-08-18 15:02:02,971 [INFO] Rule:225 - rule Change Default Value for ADC ExternalTrigConv F0 family is applicable
2025-08-18 15:02:02,971 [INFO] Rule:225 - rule Change Default Value for ADC ExternalTrigConvn L1 family is applicable
2025-08-18 15:02:02,971 [INFO] Rule:225 - rule Change Default Value for ADC ExternalTrigInjecConv L1 family is applicable
2025-08-18 15:02:02,971 [INFO] Rule:225 - rule Change Default Value for ADC ExternalTrigConv F1 family is applicable
2025-08-18 15:02:02,971 [INFO] Rule:225 - rule Change Default Value for ADC ExternalTrigInjecConv F1 family is applicable
2025-08-18 15:02:02,971 [INFO] Rule:225 - rule Change Default Value for ADC ExternalTrigConv F7 family is applicable
2025-08-18 15:02:02,971 [INFO] Rule:225 - rule Change Default Value for ADC ExternalTrigInjecConv F7 family is applicable
2025-08-18 15:02:02,971 [INFO] Rule:225 - rule Change Default Value for ADC ExternalTrigConv F4 and F2 family is applicable
2025-08-18 15:02:02,971 [INFO] Rule:225 - rule Change Default Value for ADC ExternalTrigInjecConv F4 and F2 family is applicable
2025-08-18 15:02:02,971 [INFO] Rule:225 - rule ADC SamplingTime fix with FW L0  is applicable
2025-08-18 15:02:02,971 [INFO] Rule:225 - rule ADC SamplingTime fix with FW L0  is applicable
2025-08-18 15:02:02,971 [INFO] Rule:225 - rule ADC SamplingTime fix with FW L0 is applicable
2025-08-18 15:02:02,971 [INFO] Rule:225 - rule ADC SamplingTime fix with FW L0 is applicable
2025-08-18 15:02:02,971 [INFO] Rule:225 - rule ADC SamplingTime fix with FW L0  is applicable
2025-08-18 15:02:02,971 [INFO] Rule:225 - rule ADC SamplingTime fix with FW L0 is applicable
2025-08-18 15:02:02,971 [INFO] Rule:225 - rule Rename USB_OE Signal is applicable
2025-08-18 15:02:02,971 [INFO] Rule:225 - rule Rename Activate_OE Mode is applicable
2025-08-18 15:02:02,971 [INFO] Rule:225 - rule Rename DIE462/DIE415 pin PC14/OSC32_IN -> PC14-OSC32_IN (PC14) is applicable
2025-08-18 15:02:02,971 [INFO] Rule:225 - rule Rename DIE462/DIE415 pin PC15/OSC32_OUT -> PC15-OSC32_OUT (PC15) is applicable
2025-08-18 15:02:02,971 [INFO] Rule:225 - rule Rename DIE462/DIE415 pin PH0/OSC_IN -> PH0-OSC_IN (PH0) is applicable
2025-08-18 15:02:02,972 [INFO] Rule:225 - rule Rename DIE462/DIE415 pin PH1/OSC_OUT -> PH1-OSC_OUT (PH1) is applicable
2025-08-18 15:02:02,972 [INFO] Rule:225 - rule Rename DIE462 pin PA13 -> PA13 (JTMS/SWDIO) is applicable
2025-08-18 15:02:02,972 [INFO] Rule:225 - rule Rename DIE415 pin PA13 -> PA13 (JTMS/SWDIO) is applicable
2025-08-18 15:02:02,972 [INFO] Rule:225 - rule Rename DIE462 pin PA14 -> PA14 (JTCK/SWCLK) is applicable
2025-08-18 15:02:02,972 [INFO] Rule:225 - rule Rename DIE415 pin PA14 -> PA14 (JTCK/SWCLK) is applicable
2025-08-18 15:02:02,972 [INFO] Rule:225 - rule Rename DIE462/DIE415 pin PA15 -> PA15 (JTDI) is applicable
2025-08-18 15:02:02,972 [INFO] Rule:225 - rule Rename DIE462 pin PB3 -> PB3 (JTD0/TRACESWO) is applicable
2025-08-18 15:02:02,972 [INFO] Rule:225 - rule Rename DIE415 pin PB3 -> PB3 (JTD0-TRACESWO) is applicable
2025-08-18 15:02:02,972 [INFO] Rule:225 - rule Rename DIE462/DIE415 pin PB4 -> PB4 (NJTRST) is applicable
2025-08-18 15:02:02,972 [INFO] Rule:225 - rule Rename DIE462 pin PH3/BOOT0 -> PH3-BOOT0 (BOOT0) is applicable
2025-08-18 15:02:02,972 [INFO] Rule:225 - rule Rename CRYP DataEncryptionTypesList to Algorithm is applicable
2025-08-18 15:02:02,972 [INFO] Rule:225 - rule Rename AES DataEncryptionTypesList to Algorithm is applicable
2025-08-18 15:02:02,972 [INFO] Rule:225 - rule Rename TDESECB to CRYP_TDES_ECB is applicable
2025-08-18 15:02:02,972 [INFO] Rule:225 - rule Rename TDESCBC to CRYP_TDES_CBC is applicable
2025-08-18 15:02:02,972 [INFO] Rule:225 - rule Rename DESECB to CRYP_DES_ECB is applicable
2025-08-18 15:02:02,972 [INFO] Rule:225 - rule Rename DESCBC to CRYP_DES_CBC is applicable
2025-08-18 15:02:02,972 [INFO] Rule:225 - rule Rename AESECB to CRYP_AES_ECB is applicable
2025-08-18 15:02:02,972 [INFO] Rule:225 - rule Rename AESCBC to CRYP_AES_CBC is applicable
2025-08-18 15:02:02,972 [INFO] Rule:225 - rule Rename AESCTR to CRYP_AES_CTR is applicable
2025-08-18 15:02:02,972 [INFO] Rule:225 - rule Rename AESGCM to CRYP_AES_GCM is applicable
2025-08-18 15:02:02,972 [INFO] Rule:225 - rule Rename AESCCM to CRYP_AES_CCM is applicable
2025-08-18 15:02:02,972 [INFO] Rule:225 - rule Rename CAN TimeSeg1 to BS1 is applicable
2025-08-18 15:02:02,972 [INFO] Rule:225 - rule Rename CAN TimeSeg2 to BS2 is applicable
2025-08-18 15:02:02,972 [INFO] Rule:225 - rule Rename CAN SyncJumpWidth to SJW is applicable
2025-08-18 15:02:02,972 [INFO] Rule:225 - rule TimeTriggeredMode to TTCM is applicable
2025-08-18 15:02:02,972 [INFO] Rule:225 - rule Rename CAN AutoBusOff to ABOM is applicable
2025-08-18 15:02:02,972 [INFO] Rule:225 - rule Rename CAN AutoWakeUp to AWUM is applicable
2025-08-18 15:02:02,972 [INFO] Rule:225 - rule Rename CAN AutoRetransmission to NART is applicable
2025-08-18 15:02:02,972 [INFO] Rule:225 - rule Rename CAN ReceiveFifoLocked to RFLM is applicable
2025-08-18 15:02:02,972 [INFO] Rule:225 - rule Rename CAN TransmitFifoPriority to TXFP is applicable
2025-08-18 15:02:02,972 [INFO] Rule:225 - rule Rename HRTIMER HRTIM_OUTPUTFAULTLEVEL_HIGH in HRTIMER HRTIM_OUTPUTFAULTLEVEL_HIGHZ is applicable
2025-08-18 15:02:02,973 [INFO] Rule:225 - rule Rename TIMER TIM_CLEARINPUTSOURCE_OCREFCLR in  TIMER TIM_CLEARINPUTSOURCE_NONE for F7 family is applicable
2025-08-18 15:02:02,973 [INFO] Rule:225 - rule FDCAN_R1 - Rename FDCAN mode Master into Classic is applicable
2025-08-18 15:02:02,973 [INFO] Rule:225 - rule FDCAN_R2 - Rename FDCAN mode Slave into Classic is applicable
2025-08-18 15:02:02,973 [INFO] Rule:225 - rule FDCAN1_R3 - if PA10.Mode=FullDuplex, add Pin PA12 is applicable
2025-08-18 15:02:02,973 [INFO] Rule:225 - rule FDCAN1_R3 - if PA9.Mode=FullDuplex, add Pin PA11 is applicable
2025-08-18 15:02:02,973 [INFO] Rule:225 - rule FDCAN1_R3 - Alternatepin_1 - if PE1.Mode=FullDuplex, add Pin PB9 is applicable
2025-08-18 15:02:02,973 [INFO] Rule:225 - rule FDCAN1_R3 - Alternatepin_1 - if PE0.Mode=FullDuplex, add Pin PB8 is applicable
2025-08-18 15:02:02,973 [INFO] Rule:225 - rule FDCAN1_R3 - Alternatepin_2 - if PD5.Mode=FullDuplex, add Pin PD1 is applicable
2025-08-18 15:02:02,973 [INFO] Rule:225 - rule FDCAN1_R3 - Alternatepin_2 - if PD4.Mode=FullDuplex, add Pin PD0 is applicable
2025-08-18 15:02:02,973 [INFO] Rule:225 - rule FDCAN1_R4 - Rename Mode FullDuplex into Enable FDCAN_TXFD for pin PA10 is applicable
2025-08-18 15:02:02,973 [INFO] Rule:225 - rule FDCAN1_R4 - Rename Mode FullDuplex into Enable FDCAN_TXFD for pin PA9 is applicable
2025-08-18 15:02:02,973 [INFO] Rule:225 - rule FDCAN1_R4 - Alternatepin_1 - Rename Mode FullDuplex into Enable FDCAN_TXFD for pin PE1 is applicable
2025-08-18 15:02:02,973 [INFO] Rule:225 - rule FDCAN1_R4 - Alternatepin_1 - Rename Mode FullDuplex into Enable FDCAN_TXFD for pin PE0 is applicable
2025-08-18 15:02:02,973 [INFO] Rule:225 - rule FDCAN1_R4 - Alternatepin_2 - Rename Mode FullDuplex into Enable FDCAN_TXFD for pin PD5 is applicable
2025-08-18 15:02:02,973 [INFO] Rule:225 - rule FDCAN1_R4 - Alternatepin_2 - Rename Mode FullDuplex into Enable FDCAN_TXFD for pin PD4 is applicable
2025-08-18 15:02:02,973 [INFO] Rule:225 - rule FDCAN2_R3 - if PD10.Mode=FullDuplex, add Pin PB13 is applicable
2025-08-18 15:02:02,973 [INFO] Rule:225 - rule FDCAN2_R3 - if PD9.Mode=FullDuplex, add Pin PB12 is applicable
2025-08-18 15:02:02,973 [INFO] Rule:225 - rule FDCAN2_R3 - Alternatepin_1 - if PB7.Mode=FullDuplex, add Pin PB6 is applicable
2025-08-18 15:02:02,973 [INFO] Rule:225 - rule FDCAN2_R3 - Alternatepin_1 - if PD9.Mode=FullDuplex, add Pin PB12 is applicable
2025-08-18 15:02:02,973 [INFO] Rule:225 - rule FDCAN2_R4 - Rename Mode FullDuplex into Enable FDCAN_TXFD for pin PD10 is applicable
2025-08-18 15:02:02,973 [INFO] Rule:225 - rule FDCAN2_R4 - Rename Mode FullDuplex into Enable FDCAN_TXFD for pin PD9 is applicable
2025-08-18 15:02:02,973 [INFO] Rule:225 - rule FDCAN2_R4 - Alternatepin_1 - Rename Mode FullDuplex into Enable FDCAN_TXFD for pin PB7 is applicable
2025-08-18 15:02:02,973 [INFO] Rule:225 - rule FDCAN2_R4 - Alternatepin_1 - Rename Mode FullDuplex into Enable FDCAN_TXFD for pin PD6 is applicable
2025-08-18 15:02:02,973 [INFO] Rule:225 - rule USART TxPinLevelInvertParam Mode is applicable
2025-08-18 15:02:02,973 [INFO] Rule:225 - rule USART RxPinLevelInvertParam Mode is applicable
2025-08-18 15:02:02,973 [INFO] Rule:225 - rule USART DataInvertParam Mode is applicable
2025-08-18 15:02:02,973 [INFO] Rule:225 - rule USART SwapParam Mode is applicable
2025-08-18 15:02:02,973 [INFO] Rule:225 - rule USART OverrunDisableParam Mode is applicable
2025-08-18 15:02:02,973 [INFO] Rule:225 - rule USART DMADisableonRxErrorParam Mode is applicable
2025-08-18 15:02:02,974 [INFO] Rule:225 - rule USART MSBFirstParam Mode is applicable
2025-08-18 15:02:02,974 [INFO] Rule:225 - rule Update MwName for USB_DEVICE is applicable
2025-08-18 15:02:02,974 [INFO] Rule:225 - rule Change PWR_Regulator_Voltage_Scale Default Value for RCC  H7 family is applicable
2025-08-18 15:02:02,974 [INFO] Rule:225 - rule UART/USART IPParameter rename Prescaler parameter to ClockPrescaler is applicable
2025-08-18 15:02:02,974 [INFO] Rule:225 - rule UART/USART Prescaler rename Prescaler parameter to ClockPrescaler is applicable
2025-08-18 15:02:02,974 [INFO] Rule:225 - rule TIM1CLockSelection is applicable
2025-08-18 15:02:02,974 [INFO] Rule:225 - rule TIM15CLockSelection is applicable
2025-08-18 15:02:02,974 [INFO] Rule:225 - rule align RCC SDMMC3CLockSelection default value on MP1 is applicable
2025-08-18 15:02:02,974 [INFO] Rule:225 - rule align RCC SDMMC12CLockSelection default value on MP1 is applicable
2025-08-18 15:02:02,974 [INFO] Rule:225 - rule align RCC QSPICLockSelection default value on MP1 is applicable
2025-08-18 15:02:02,974 [INFO] Rule:225 - rule align RCC QSPICLockSelection default value on MP1 is applicable
2025-08-18 15:02:02,974 [INFO] Rule:225 - rule align RCC SPI6CLockSelection default value on MP1 is applicable
2025-08-18 15:02:02,974 [INFO] Rule:225 - rule align RCC LPTIM23CLockSelection default value on MP1 is applicable
2025-08-18 15:02:02,974 [INFO] Rule:225 - rule align RCC LPTIM1CLockSelection default value on MP1 is applicable
2025-08-18 15:02:02,974 [INFO] Rule:225 - rule align RCC USART1CLockSelection default value on MP1 is applicable
2025-08-18 15:02:02,974 [INFO] Rule:225 - rule align RCC USART24CLockSelection default value on MP1 is applicable
2025-08-18 15:02:02,974 [INFO] Rule:225 - rule align RCC USART6CLockSelection default value on MP1 is applicable
2025-08-18 15:02:02,974 [INFO] Rule:225 - rule align RCC UART78CLockSelection default value on MP1 is applicable
2025-08-18 15:02:02,974 [INFO] Rule:225 - rule align RCC USART35CLockSelection default value on MP1 is applicable
2025-08-18 15:02:02,974 [INFO] Rule:225 - rule align RCC SPI45CLockSelection default value on MP1 is applicable
2025-08-18 15:02:02,974 [INFO] Rule:225 - rule align RCC I2C46CLockSelection BCLK value on MP1 is applicable
2025-08-18 15:02:02,974 [INFO] Rule:225 - rule align RCC SPI45CLockSelection default value on MP1 is applicable
2025-08-18 15:02:02,974 [INFO] Rule:225 - rule align RCC I2C12CLockSelection default value on MP1 is applicable
2025-08-18 15:02:02,974 [INFO] Rule:225 - rule align RCC I2C35CLockSelection default value on MP1 is applicable
2025-08-18 15:02:02,974 [INFO] Rule:225 - rule align RCC LPTIM45CLockSelection default value on MP1 is applicable
2025-08-18 15:02:02,974 [INFO] Rule:225 - rule Rename DCMI PIXCK signal is applicable
2025-08-18 15:02:02,974 [INFO] Rule:225 - rule Change Default Value for I2C46CLockSelection MP1 family is applicable
2025-08-18 15:02:02,974 [INFO] Rule:225 - rule Change Default Value for UART for G4, G0 and WB families is applicable
2025-08-18 15:02:02,974 [INFO] Rule:225 - rule Change Default Value for USART for G4, G0 and WB families is applicable
2025-08-18 15:02:02,974 [INFO] Rule:225 - rule Change Default Value for USART for G4 family is applicable
2025-08-18 15:02:02,974 [INFO] Rule:225 - rule Change USART1CLockSelection refparam name for MP1 is applicable
2025-08-18 15:02:02,974 [INFO] Rule:225 - rule Change USART2CLockSelection refparam name for MP1 is applicable
2025-08-18 15:02:02,974 [INFO] Rule:225 - rule Change USART3CLockSelection refparam name for MP1 is applicable
2025-08-18 15:02:02,974 [INFO] Rule:225 - rule Change UART4CLockSelection refparam name for MP1 is applicable
2025-08-18 15:02:02,974 [INFO] Rule:225 - rule Change UART5CLockSelection refparam name for MP1 is applicable
2025-08-18 15:02:02,974 [INFO] Rule:225 - rule Change LPUART1CLockSelection refparam name for MP1 is applicable
2025-08-18 15:02:02,974 [INFO] Rule:225 - rule Change LPTIM1CLockSelection refparam name for MP1 is applicable
2025-08-18 15:02:02,974 [INFO] Rule:225 - rule Change LPTIM2CLockSelection refparam name for MP1 is applicable
2025-08-18 15:02:02,974 [INFO] Rule:225 - rule Change RCC_MCO1Source refparam name for MP1 is applicable
2025-08-18 15:02:02,975 [INFO] Rule:225 - rule Change LSCOSource1 refparam name for MP1 is applicable
2025-08-18 15:02:02,975 [INFO] Rule:225 - rule Change SMPSCLockSelection refparam name for MP1 is applicable
2025-08-18 15:02:02,975 [INFO] Rule:225 - rule Change LPTIM3CLockSelection refparam name for MP1 is applicable
2025-08-18 15:02:02,975 [INFO] Rule:225 - rule Change MPCBB* Default Template Mode to Parameters is applicable
2025-08-18 15:02:02,975 [INFO] Rule:225 - rule Change MPCWM* or MPCBB* Secure Mode to Parameters is applicable
2025-08-18 15:02:02,975 [INFO] Rule:225 - rule Change MPCWM* or MPCBB* No Secure Mode to Parameters is applicable
2025-08-18 15:02:02,975 [INFO] Rule:225 - rule Change TZSC IP Secure Mode to Parameters is applicable
2025-08-18 15:02:02,975 [INFO] Rule:225 - rule Change TZSC IP No Secure Mode to Parameters is applicable
2025-08-18 15:02:02,975 [INFO] Rule:225 - rule Change TZSC IP Privilege Mode to Parameters is applicable
2025-08-18 15:02:02,975 [INFO] Rule:225 - rule Change TZSC IP No Privilege Mode to Parameters is applicable
2025-08-18 15:02:02,975 [INFO] Rule:225 - rule Change TZIC IT Secure Mode to Parameters is applicable
2025-08-18 15:02:02,975 [INFO] Rule:225 - rule Change TZIC IT No Secure Mode to Parameters is applicable
2025-08-18 15:02:02,975 [INFO] Rule:225 - rule Add MPCBB1_NonSecureArea_Start_Address value with referenced to MPCBB1_NonSecureArea_Start value is applicable
2025-08-18 15:02:02,975 [INFO] Rule:225 - rule Add MPCBB2_NonSecureArea_Start_Address value with referenced to MPCBB2_NonSecureArea_Start value is applicable
2025-08-18 15:02:02,975 [INFO] Rule:225 - rule Add MPCWM1_NonSecureArea*_Start_Address value with referenced to MPCWM1_NonSecureArea*_Start value is applicable
2025-08-18 15:02:02,975 [INFO] Rule:225 - rule Add MPCWM2_NonSecureArea*_Start_Address value with referenced to MPCWM2_NonSecureArea*_Start value is applicable
2025-08-18 15:02:02,975 [INFO] Rule:225 - rule Add MPCWM3_NonSecureArea_Start_Address value with referenced to MPCWM3_NonSecureArea_Start value is applicable
2025-08-18 15:02:02,975 [INFO] Rule:225 - rule Change Default Value for PLL1UserDefinedConfig is applicable
2025-08-18 15:02:02,975 [INFO] Rule:225 - rule Change GPIO_PuPd Default Value for USART in async mode is applicable
2025-08-18 15:02:02,975 [INFO] Rule:225 - rule Change SMPSDivider Default Value is applicable
2025-08-18 15:02:02,975 [INFO] Rule:225 - rule OPAMP is applicable
2025-08-18 15:02:02,975 [INFO] Rule:225 - rule LPUART IPParameter rename Prescaler parameter to ClockPrescaler for STM32H7 is applicable
2025-08-18 15:02:02,975 [INFO] Rule:225 - rule LPUART IPParameter rename Prescaler parameter to ClockPrescaler for STM32H7 is applicable
2025-08-18 15:02:02,975 [INFO] Rule:225 - rule LPUART IPParameter rename Prescaler parameter to ClockPrescaler for STM32WB is applicable
2025-08-18 15:02:02,975 [INFO] Rule:225 - rule LPUART IPParameter rename Prescaler parameter to ClockPrescaler for STM32WB is applicable
2025-08-18 15:02:02,975 [INFO] Rule:225 - rule LPUART IPParameter rename Prescaler parameter to ClockPrescaler for STM32G4 is applicable
2025-08-18 15:02:02,975 [INFO] Rule:225 - rule LPUART IPParameter rename Prescaler parameter to ClockPrescaler for STM32G4 is applicable
2025-08-18 15:02:02,975 [INFO] Rule:225 - rule LPUART IPParameter rename Prescaler parameter to ClockPrescaler for STM32L5 is applicable
2025-08-18 15:02:02,975 [INFO] Rule:225 - rule LPUART IPParameter rename Prescaler parameter to ClockPrescaler for STM32L5 is applicable
2025-08-18 15:02:02,975 [INFO] Rule:225 - rule LPUART IPParameter rename Prescaler parameter to ClockPrescaler for STM32G4 is applicable
2025-08-18 15:02:02,975 [INFO] Rule:225 - rule LPUART IPParameter rename Prescaler parameter to ClockPrescaler for STM32G4 is applicable
2025-08-18 15:02:02,975 [INFO] Rule:225 - rule USB device lib V2.5.3 for L0 rename USBD_SUPPORT_USER_STRING parameter to USBD_SUPPORT_USER_STRING_DESC4 is applicable
2025-08-18 15:02:02,975 [INFO] Rule:225 - rule I2SCLockSelection clock entry align is applicable
2025-08-18 15:02:02,975 [INFO] Rule:225 - rule Assign TIMx context if used as SYS timebase is applicable
2025-08-18 15:02:02,975 [INFO] Rule:225 - rule Change GPIO_Pu Default Value for I2C is applicable
2025-08-18 15:02:02,975 [INFO] Rule:225 - rule Change GPIO_Pu Default Value for SMBus is applicable
2025-08-18 15:02:02,975 [INFO] Rule:225 - rule change FDCAN default value is applicable
2025-08-18 15:02:02,975 [INFO] Rule:225 - rule Change mode sai is applicable
2025-08-18 15:02:02,975 [INFO] Rule:225 - rule **Change sai mode is applicable
2025-08-18 15:02:02,985 [INFO] DbConfProperties:305 - Apply Compatibility (49/248 Rules)
2025-08-18 15:02:02,998 [INFO] ImportTextPane:193 - (OptionalMessage_ERROR) Unable to find key (Mcu.ThirdPartyNb) in loaded IOC file
2025-08-18 15:02:03,131 [INFO] RtosManager:489 - Registered RTOS mode: class=CMSIS, group=RTOS, mode=CMSIS_V1, owner=FREERTOS
2025-08-18 15:02:03,131 [INFO] RtosManager:489 - Registered RTOS mode: class=CMSIS, group=RTOS2, mode=CMSIS_V2, owner=FREERTOS
2025-08-18 15:02:03,131 [INFO] RtosManager:489 - Registered RTOS mode: class=RTOS, group=Core, mode=CMSIS_V1, owner=FREERTOS
2025-08-18 15:02:03,131 [INFO] RtosManager:489 - Registered RTOS mode: class=RTOS, group=Core, mode=CMSIS_V2, owner=FREERTOS
2025-08-18 15:02:03,131 [WARN] ModelIntegratedComponent:185 - Missing modes for component STMicroelectronics:FreeRTOS:0.0.1:STMicroelectronics:RTOS:FreeRTOS:Core:::10.2.0:
2025-08-18 15:02:03,134 [WARN] ModelIntegratedComponent:64 - No mode defined for component null
2025-08-18 15:02:03,134 [WARN] ModelIntegratedComponent:64 - No mode defined for component null
2025-08-18 15:02:03,134 [WARN] ModelIntegratedComponent:64 - No mode defined for component null
2025-08-18 15:02:03,134 [WARN] ModelIntegratedComponent:64 - No mode defined for component null
2025-08-18 15:02:03,134 [WARN] ModelIntegratedComponent:64 - No mode defined for component null
2025-08-18 15:02:03,134 [WARN] ModelIntegratedComponent:64 - No mode defined for component null
2025-08-18 15:02:03,134 [WARN] ModelIntegratedComponent:64 - No mode defined for component null
2025-08-18 15:02:03,134 [WARN] ModelIntegratedComponent:64 - No mode defined for component null
2025-08-18 15:02:03,134 [WARN] ModelIntegratedComponent:64 - No mode defined for component null
2025-08-18 15:02:03,135 [WARN] ModelIntegratedComponent:64 - No mode defined for component null
2025-08-18 15:02:03,135 [WARN] ModelIntegratedComponent:64 - No mode defined for component null
2025-08-18 15:02:03,135 [WARN] ModelIntegratedComponent:64 - No mode defined for component null
2025-08-18 15:02:03,135 [WARN] ModelIntegratedComponent:64 - No mode defined for component null
2025-08-18 15:02:03,135 [WARN] ModelIntegratedComponent:64 - No mode defined for component null
2025-08-18 15:02:03,135 [WARN] ModelIntegratedComponent:64 - No mode defined for component null
2025-08-18 15:02:03,135 [WARN] ModelIntegratedComponent:64 - No mode defined for component null
2025-08-18 15:02:03,135 [WARN] ModelIntegratedComponent:64 - No mode defined for component null
2025-08-18 15:02:03,135 [WARN] ModelIntegratedComponent:64 - No mode defined for component null
2025-08-18 15:02:03,135 [WARN] ModelIntegratedComponent:64 - No mode defined for component null
2025-08-18 15:02:03,135 [WARN] ModelIntegratedComponent:64 - No mode defined for component null
2025-08-18 15:02:03,135 [WARN] ModelIntegratedComponent:64 - No mode defined for component null
2025-08-18 15:02:03,135 [WARN] ModelIntegratedComponent:64 - No mode defined for component null
2025-08-18 15:02:03,135 [WARN] ModelIntegratedComponent:64 - No mode defined for component null
2025-08-18 15:02:03,135 [WARN] ModelIntegratedComponent:64 - No mode defined for component null
2025-08-18 15:02:03,135 [WARN] ModelIntegratedComponent:64 - No mode defined for component null
2025-08-18 15:02:03,135 [WARN] ModelIntegratedComponent:64 - No mode defined for component null
2025-08-18 15:02:03,135 [WARN] ModelIntegratedComponent:64 - No mode defined for component null
2025-08-18 15:02:03,135 [WARN] ModelIntegratedComponent:64 - No mode defined for component null
2025-08-18 15:02:03,136 [WARN] ModelIntegratedComponent:64 - No mode defined for component null
2025-08-18 15:02:03,136 [WARN] ModelIntegratedComponent:64 - No mode defined for component null
2025-08-18 15:02:03,136 [WARN] ModelIntegratedComponent:64 - No mode defined for component null
2025-08-18 15:02:03,136 [WARN] ModelIntegratedComponent:64 - No mode defined for component null
2025-08-18 15:02:03,136 [WARN] ModelIntegratedComponent:64 - No mode defined for component null
2025-08-18 15:02:03,479 [INFO] ThirdPartyModel:294 - Start build external matchings
2025-08-18 15:02:06,098 [INFO] ThirdPartyModel:310 - End build external matchings
2025-08-18 15:02:06,130 [INFO] ImportTextPane:193 - (OptionalMessage_ERROR) IP (RCC) : Invalid parameter (48MHZClocksFreq_Value)
2025-08-18 15:02:06,130 [INFO] ImportTextPane:193 - (OptionalMessage_ERROR) IP (RCC) : Invalid parameter (EthernetFreq_Value)
2025-08-18 15:02:06,131 [INFO] ImportTextPane:193 - (OptionalMessage_ERROR) IP (RCC) : Parameter (FLatency) has Id (AdvancedSettings) currently not set
2025-08-18 15:02:06,131 [INFO] ImportTextPane:193 - (OptionalMessage_ERROR) IP (RCC) : Invalid parameter (FamilyName)
2025-08-18 15:02:06,131 [INFO] ImportTextPane:193 - (OptionalMessage_ERROR) IP (RCC) : Invalid parameter (I2SClocksFreq_Value)
2025-08-18 15:02:06,131 [INFO] ImportTextPane:193 - (OptionalMessage_ERROR) IP (RCC) : Parameter (SDIOFreq_Value) has invalid value (168000000)
2025-08-18 15:02:06,131 [INFO] ImportTextPane:193 - (OptionalMessage_ERROR) IP (RCC) : Parameter (USBFreq_Value) has invalid value (168000000)
2025-08-18 15:02:06,132 [INFO] ImportTextPane:193 - (OptionalMessage_ERROR) IP (RCC) : Invalid parameter (VCOInputMFreq_Value)
2025-08-18 15:02:06,132 [INFO] ImportTextPane:193 - (OptionalMessage_ERROR) IP (RCC) : Invalid parameter (VcooutputI2S)
2025-08-18 15:02:06,286 [INFO] UtilMem:74 - End LoadConfig() Used Memory: 883253064 Bytes (1073741824)
2025-08-18 15:02:06,293 [WARN] ThirdParty:807 - waiting for thirdparty lock release [change project]
2025-08-18 15:02:06,293 [INFO] ThirdParty:809 - entering critical section [change project]
2025-08-18 15:02:06,293 [INFO] ThirdParty:999 - CMSIS Pack Vendor :STMicroelectronics X-CUBE-PM33A1 1.0.0
2025-08-18 15:02:06,293 [INFO] ThirdParty:999 - CMSIS Pack Vendor :STMicroelectronics X-CUBE-GNSS1 6.0.0
2025-08-18 15:02:06,293 [INFO] ThirdParty:999 - CMSIS Pack Vendor :STMicroelectronics USB_HOST 2.0.0
2025-08-18 15:02:06,293 [INFO] ThirdParty:999 - CMSIS Pack Vendor :STMicroelectronics FP-SNS-MOTENVWB1 1.4.0
2025-08-18 15:02:06,293 [INFO] ThirdParty:999 - CMSIS Pack Vendor :STMicroelectronics X-CUBE-AZRTOS-F4 1.1.0
2025-08-18 15:02:06,293 [INFO] ThirdParty:999 - CMSIS Pack Vendor :STMicroelectronics LIBJPEG 8.0.0
2025-08-18 15:02:06,293 [INFO] ThirdParty:999 - CMSIS Pack Vendor :STMicroelectronics FP-ATR-ASTRA1 2.0.2
2025-08-18 15:02:06,293 [INFO] ThirdParty:999 - CMSIS Pack Vendor :STMicroelectronics X-CUBE-SMBUS 2.1.0
2025-08-18 15:02:06,293 [INFO] ThirdParty:999 - CMSIS Pack Vendor :STMicroelectronics X-CUBE-ISPU 2.1.0
2025-08-18 15:02:06,293 [INFO] ThirdParty:999 - CMSIS Pack Vendor :STMicroelectronics X-CUBE-FREERTOS 1.2.0
2025-08-18 15:02:06,293 [INFO] ThirdParty:999 - CMSIS Pack Vendor :wolfSSL I-CUBE-wolfSSL 5.6.6
2025-08-18 15:02:06,293 [INFO] ThirdParty:999 - CMSIS Pack Vendor :STMicroelectronics X-CUBE-TOUCHGFX 4.23.0
2025-08-18 15:02:06,293 [INFO] ThirdParty:999 - CMSIS Pack Vendor :STMicroelectronics X-CUBE-NFC12 1.0.0
2025-08-18 15:02:06,294 [INFO] ThirdParty:999 - CMSIS Pack Vendor :STMicroelectronics X-CUBE-TOUCHGFX 4.23.2
2025-08-18 15:02:06,294 [INFO] ThirdParty:999 - CMSIS Pack Vendor :STMicroelectronics X-CUBE-AZRTOS-F7 1.1.0
2025-08-18 15:02:06,294 [INFO] ThirdParty:999 - CMSIS Pack Vendor :STMicroelectronics X-CUBE-AZRTOS-L5 2.0.0
2025-08-18 15:02:06,294 [INFO] ThirdParty:999 - CMSIS Pack Vendor :STMicroelectronics USB_DEVICE 2.0.0
2025-08-18 15:02:06,294 [INFO] ThirdParty:999 - CMSIS Pack Vendor :STMicroelectronics X-CUBE-NFC6 3.1.0
2025-08-18 15:02:06,294 [INFO] ThirdParty:999 - CMSIS Pack Vendor :ITTIA_DB I-CUBE-ITTIADB 8.8.0
2025-08-18 15:02:06,294 [INFO] ThirdParty:999 - CMSIS Pack Vendor :STMicroelectronics FP-SNS-MOTENV1 4.3.2
2025-08-18 15:02:06,294 [INFO] ThirdParty:999 - CMSIS Pack Vendor :STMicroelectronics X-CUBE-MEMS1 11.0.0
2025-08-18 15:02:06,294 [INFO] ThirdParty:999 - CMSIS Pack Vendor :STMicroelectronics FreeRTOS 0.0.1
2025-08-18 15:02:06,294 [INFO] ThirdParty:999 - CMSIS Pack Vendor :STMicroelectronics X-CUBE-BLEMGR 2.0.0
2025-08-18 15:02:06,294 [INFO] ThirdParty:999 - CMSIS Pack Vendor :STMicroelectronics FP-SNS-FLIGHT1 5.0.2
2025-08-18 15:02:06,294 [INFO] ThirdParty:999 - CMSIS Pack Vendor :STMicroelectronics X-CUBE-AI 9.0.0
2025-08-18 15:02:06,294 [INFO] ThirdParty:999 - CMSIS Pack Vendor :STMicroelectronics PDM2PCM 3.3.0
2025-08-18 15:02:06,294 [INFO] ThirdParty:999 - CMSIS Pack Vendor :STMicroelectronics X-CUBE-AZRTOS-H7 3.4.0
2025-08-18 15:02:06,294 [INFO] ThirdParty:999 - CMSIS Pack Vendor :STMicroelectronics X-CUBE-BLE1 7.0.0
2025-08-18 15:02:06,294 [INFO] ThirdParty:999 - CMSIS Pack Vendor :STMicroelectronics X-CUBE-NFC10 1.0.0
2025-08-18 15:02:06,294 [INFO] ThirdParty:999 - CMSIS Pack Vendor :STMicroelectronics X-CUBE-FREERTOS 1.3.1
2025-08-18 15:02:06,294 [INFO] ThirdParty:999 - CMSIS Pack Vendor :STMicroelectronics HAL Drivers 0.0.0
2025-08-18 15:02:06,294 [INFO] ThirdParty:999 - CMSIS Pack Vendor :emotas I-CUBE-CANOPEN 1.3.0
2025-08-18 15:02:06,294 [INFO] ThirdParty:999 - CMSIS Pack Vendor :STMicroelectronics X-CUBE-NFC7 1.0.1
2025-08-18 15:02:06,294 [INFO] ThirdParty:999 - CMSIS Pack Vendor :STMicroelectronics MBEDTLS 2.14.1
2025-08-18 15:02:06,294 [INFO] ThirdParty:999 - CMSIS Pack Vendor :wolfSSL I-CUBE-wolfTPM 3.2.0
2025-08-18 15:02:06,294 [INFO] ThirdParty:999 - CMSIS Pack Vendor :STMicroelectronics X-CUBE-NFC6 3.0.0
2025-08-18 15:02:06,294 [INFO] ThirdParty:999 - CMSIS Pack Vendor :STMicroelectronics X-CUBE-EEPRMA1 4.1.0
2025-08-18 15:02:06,294 [INFO] ThirdParty:999 - CMSIS Pack Vendor :STMicroelectronics X-CUBE-BLEMGR 3.1.0
2025-08-18 15:02:06,294 [INFO] ThirdParty:999 - CMSIS Pack Vendor :STMicroelectronics X-CUBE-AZRTOS-WL 2.0.0
2025-08-18 15:02:06,294 [INFO] ThirdParty:999 - CMSIS Pack Vendor :STMicroelectronics FP-SNS-MOTENV1 5.0.0
2025-08-18 15:02:06,294 [INFO] ThirdParty:999 - CMSIS Pack Vendor :STMicroelectronics USB_DEVICE 1.0.0
2025-08-18 15:02:06,294 [INFO] ThirdParty:999 - CMSIS Pack Vendor :STMicroelectronics X-CUBE-AI 8.1.0
2025-08-18 15:02:06,295 [INFO] ThirdParty:999 - CMSIS Pack Vendor :wolfSSL I-CUBE-wolfMQTT 1.19.0
2025-08-18 15:02:06,295 [INFO] ThirdParty:999 - CMSIS Pack Vendor :STMicroelectronics X-CUBE-AZRTOS-L4 2.0.0
2025-08-18 15:02:06,295 [INFO] ThirdParty:999 - CMSIS Pack Vendor :STMicroelectronics ThreadX 0.0.2
2025-08-18 15:02:06,295 [INFO] ThirdParty:999 - CMSIS Pack Vendor :WES I-CUBE-Cesium 1.3.0
2025-08-18 15:02:06,295 [INFO] ThirdParty:999 - CMSIS Pack Vendor :STMicroelectronics lwIP 2.1.2
2025-08-18 15:02:06,295 [INFO] ThirdParty:999 - CMSIS Pack Vendor :STMicroelectronics X-CUBE-SFXS2LP1 4.0.0
2025-08-18 15:02:06,295 [INFO] ThirdParty:999 - CMSIS Pack Vendor :STMicroelectronics X-CUBE-BLE2 3.3.0
2025-08-18 15:02:06,295 [INFO] ThirdParty:999 - CMSIS Pack Vendor :STMicroelectronics PDM2PCM 3.2.0
2025-08-18 15:02:06,295 [INFO] ThirdParty:999 - CMSIS Pack Vendor :STMicroelectronics X-CUBE-AZRTOS-H7 3.3.0
2025-08-18 15:02:06,295 [INFO] ThirdParty:999 - CMSIS Pack Vendor :STMicroelectronics X-CUBE-NFC9 1.0.0
2025-08-18 15:02:06,295 [INFO] ThirdParty:999 - CMSIS Pack Vendor :STMicroelectronics X-CUBE-BLE1 7.1.0
2025-08-18 15:02:06,295 [INFO] ThirdParty:999 - CMSIS Pack Vendor :STMicroelectronics USB_DEVICE 3.0.0
2025-08-18 15:02:06,295 [INFO] ThirdParty:999 - CMSIS Pack Vendor :STMicroelectronics X-CUBE-TCPP 4.1.0
2025-08-18 15:02:06,295 [INFO] ThirdParty:999 - CMSIS Pack Vendor :STMicroelectronics X-CUBE-EEPRMA1 5.2.0
2025-08-18 15:02:06,295 [INFO] ThirdParty:999 - CMSIS Pack Vendor :STMicroelectronics X-CUBE-AZRTOS-WB 2.0.0
2025-08-18 15:02:06,295 [INFO] ThirdParty:999 - CMSIS Pack Vendor :STMicroelectronics X-CUBE-GNSS1 7.0.1
2025-08-18 15:02:06,295 [INFO] ThirdParty:999 - CMSIS Pack Vendor :STMicroelectronics X-CUBE-TOUCHGFX 4.25.0
2025-08-18 15:02:06,295 [INFO] ThirdParty:999 - CMSIS Pack Vendor :STMicroelectronics X-CUBE-AI 10.1.0
2025-08-18 15:02:06,295 [INFO] ThirdParty:999 - CMSIS Pack Vendor :STMicroelectronics X-CUBE-ALGOBUILD 1.3.0
2025-08-18 15:02:06,295 [INFO] ThirdParty:999 - CMSIS Pack Vendor :STMicroelectronics X-CUBE-MEMS1 11.2.0
2025-08-18 15:02:06,295 [INFO] ThirdParty:999 - CMSIS Pack Vendor :STMicroelectronics X-CUBE-AZRTOS-G0 1.1.0
2025-08-18 15:02:06,295 [INFO] ThirdParty:999 - CMSIS Pack Vendor :STMicroelectronics X-CUBE-SAFEA1 1.2.2
2025-08-18 15:02:06,295 [INFO] ThirdParty:999 - CMSIS Pack Vendor :STMicroelectronics X-CUBE-NFC4 3.0.0
2025-08-18 15:02:06,295 [INFO] ThirdParty:999 - CMSIS Pack Vendor :STMicroelectronics X-CUBE-SUBG2 5.0.0
2025-08-18 15:02:06,295 [INFO] ThirdParty:999 - CMSIS Pack Vendor :STMicroelectronics X-CUBE-AZRTOS-H7RS 1.1.0
2025-08-18 15:02:06,295 [INFO] ThirdParty:999 - CMSIS Pack Vendor :STMicroelectronics STM32_WPAN 1.0.0
2025-08-18 15:02:06,295 [INFO] ThirdParty:999 - CMSIS Pack Vendor :STMicroelectronics lwIP 2.0.3
2025-08-18 15:02:06,295 [INFO] ThirdParty:999 - CMSIS Pack Vendor :STMicroelectronics USB_HOST 1.0.0
2025-08-18 15:02:06,295 [INFO] ThirdParty:999 - CMSIS Pack Vendor :STMicroelectronics X-CUBE-AZRTOS-G4 2.0.0
2025-08-18 15:02:06,296 [INFO] ThirdParty:999 - CMSIS Pack Vendor :STMicroelectronics X-CUBE-WB05N 2.0.0
2025-08-18 15:02:06,296 [INFO] ThirdParty:999 - CMSIS Pack Vendor :STMicroelectronics PDM2PCM 3.1.0
2025-08-18 15:02:06,296 [INFO] ThirdParty:999 - CMSIS Pack Vendor :Infineon AIROC-Wi-Fi-Bluetooth-STM32 1.5.1
2025-08-18 15:02:06,296 [INFO] ThirdParty:999 - CMSIS Pack Vendor :STMicroelectronics X-CUBE-BLEMGR 3.0.0
2025-08-18 15:02:06,296 [INFO] ThirdParty:999 - CMSIS Pack Vendor :STMicroelectronics X-CUBE-NFC7 2.0.0
2025-08-18 15:02:06,296 [INFO] ThirdParty:999 - CMSIS Pack Vendor :STMicroelectronics FP-SNS-MOTENVWB1 1.3.1
2025-08-18 15:02:06,296 [INFO] ThirdParty:999 - CMSIS Pack Vendor :STMicroelectronics FP-ATR-SIGFOX1 3.2.0
2025-08-18 15:02:06,296 [INFO] ThirdParty:999 - CMSIS Pack Vendor :STMicroelectronics X-CUBE-ISPU 2.0.0
2025-08-18 15:02:06,296 [INFO] ThirdParty:999 - CMSIS Pack Vendor :STMicroelectronics X-CUBE-EEPRMA1 5.1.0
2025-08-18 15:02:06,296 [INFO] ThirdParty:999 - CMSIS Pack Vendor :STMicroelectronics MBEDTLS 2.16.2
2025-08-18 15:02:06,296 [INFO] ThirdParty:999 - CMSIS Pack Vendor :STMicroelectronics X-CUBE-ALS 1.0.2
2025-08-18 15:02:06,296 [INFO] ThirdParty:999 - CMSIS Pack Vendor :STMicroelectronics X-CUBE-MEMS1 10.0.0
2025-08-18 15:02:06,296 [INFO] ThirdParty:999 - CMSIS Pack Vendor :STMicroelectronics X-CUBE-FREERTOS 1.1.0
2025-08-18 15:02:06,296 [INFO] ThirdParty:999 - CMSIS Pack Vendor :STMicroelectronics X-CUBE-TOUCHGFX 4.24.0
2025-08-18 15:02:06,296 [INFO] ThirdParty:999 - CMSIS Pack Vendor :portGmbH I-Cube-SoM-uGOAL 1.1.0
2025-08-18 15:02:06,296 [INFO] ThirdParty:999 - CMSIS Pack Vendor :STMicroelectronics X-CUBE-ALS 1.0.1
2025-08-18 15:02:06,296 [INFO] ThirdParty:999 - CMSIS Pack Vendor :STMicroelectronics X-CUBE-AI 10.2.0
2025-08-18 15:02:06,296 [INFO] ThirdParty:999 - CMSIS Pack Vendor :STMicroelectronics ThreadX 1.0.0
2025-08-18 15:02:06,296 [INFO] ThirdParty:999 - CMSIS Pack Vendor :SEGGER I-CUBE-embOS 1.3.1
2025-08-18 15:02:06,296 [INFO] ThirdParty:999 - CMSIS Pack Vendor :STMicroelectronics X-CUBE-ALGOBUILD 1.4.0
2025-08-18 15:02:06,296 [INFO] ThirdParty:999 - CMSIS Pack Vendor :STMicroelectronics X-CUBE-MEMS1 11.3.0
2025-08-18 15:02:06,296 [INFO] ThirdParty:999 - CMSIS Pack Vendor :STMicroelectronics X-CUBE-AZRTOS-H7RS 1.0.0
2025-08-18 15:02:06,296 [INFO] ThirdParty:999 - CMSIS Pack Vendor :STMicroelectronics FP-ATR-ASTRA1 2.0.0
2025-08-18 15:02:06,296 [INFO] ThirdParty:999 - CMSIS Pack Vendor :STMicroelectronics X-CUBE-TOF1 3.4.0
2025-08-18 15:02:06,296 [INFO] ThirdParty:999 - CMSIS Pack Vendor :STMicroelectronics X-CUBE-TOF1 3.4.1
2025-08-18 15:02:06,296 [INFO] ThirdParty:999 - CMSIS Pack Vendor :STMicroelectronics X-CUBE-AZRTOS-H7 3.2.0
2025-08-18 15:02:06,296 [INFO] ThirdParty:999 - CMSIS Pack Vendor :wolfSSL I-CUBE-wolfSSH 1.4.17
2025-08-18 15:02:06,297 [INFO] ThirdParty:815 - exiting critical section [change project]
2025-08-18 15:02:06,492 [INFO] PinOutPanel:1477 - setPackage(No Configuration,No Configuration)
2025-08-18 15:02:06,492 [INFO] PinOutPanel:1477 - setPackage(STM32F446RETx,LQFP64)
2025-08-18 15:02:06,706 [INFO] UtilMem:74 - Before build in PCC Used Memory: 883480824 Bytes (1073741824)
2025-08-18 15:02:06,838 [INFO] UtilMem:74 - After build in PCC Used Memory: 930666744 Bytes (1073741824)
2025-08-18 15:02:06,861 [INFO] IPUIPlugin:79 - create IPUIPlugin
2025-08-18 15:02:06,861 [INFO] IPUIPlugin:79 - create IPUIPlugin
2025-08-18 15:02:06,861 [INFO] IPUIPlugin:79 - create IPUIPlugin
2025-08-18 15:02:06,862 [INFO] IPUIPlugin:79 - create IPUIPlugin
2025-08-18 15:02:06,862 [INFO] IPUIPlugin:79 - create IPUIPlugin
2025-08-18 15:02:06,862 [INFO] IPUIPlugin:79 - create IPUIPlugin
2025-08-18 15:02:06,862 [INFO] IPUIPlugin:79 - create IPUIPlugin
2025-08-18 15:02:06,862 [INFO] IPUIPlugin:79 - create IPUIPlugin
2025-08-18 15:02:06,862 [INFO] IPUIPlugin:79 - create IPUIPlugin
2025-08-18 15:02:06,862 [INFO] IPUIPlugin:79 - create IPUIPlugin
2025-08-18 15:02:06,862 [INFO] IPUIPlugin:79 - create IPUIPlugin
2025-08-18 15:02:06,862 [INFO] IPUIPlugin:79 - create IPUIPlugin
2025-08-18 15:02:06,863 [INFO] IPUIPlugin:79 - create IPUIPlugin
2025-08-18 15:02:06,863 [INFO] IPUIPlugin:79 - create IPUIPlugin
2025-08-18 15:02:06,863 [INFO] IPUIPlugin:79 - create IPUIPlugin
2025-08-18 15:02:06,863 [INFO] IPUIPlugin:79 - create IPUIPlugin
2025-08-18 15:02:06,863 [INFO] IPUIPlugin:79 - create IPUIPlugin
2025-08-18 15:02:06,863 [INFO] IPUIPlugin:79 - create IPUIPlugin
2025-08-18 15:02:06,863 [INFO] IPUIPlugin:79 - create IPUIPlugin
2025-08-18 15:02:06,863 [INFO] IPUIPlugin:79 - create IPUIPlugin
2025-08-18 15:02:06,864 [INFO] IPUIPlugin:79 - create IPUIPlugin
2025-08-18 15:02:06,864 [INFO] IPUIPlugin:79 - create IPUIPlugin
2025-08-18 15:02:06,864 [INFO] IPUIPlugin:79 - create IPUIPlugin
2025-08-18 15:02:06,864 [INFO] IPUIPlugin:79 - create IPUIPlugin
2025-08-18 15:02:06,864 [INFO] IPUIPlugin:79 - create IPUIPlugin
2025-08-18 15:02:06,864 [INFO] IPUIPlugin:79 - create IPUIPlugin
2025-08-18 15:02:06,865 [INFO] IPUIPlugin:79 - create IPUIPlugin
2025-08-18 15:02:06,865 [INFO] IPUIPlugin:79 - create IPUIPlugin
2025-08-18 15:02:06,865 [INFO] IPUIPlugin:79 - create IPUIPlugin
2025-08-18 15:02:06,865 [INFO] IPUIPlugin:79 - create IPUIPlugin
2025-08-18 15:02:06,865 [INFO] IPUIPlugin:79 - create IPUIPlugin
2025-08-18 15:02:06,865 [INFO] IPUIPlugin:79 - create IPUIPlugin
2025-08-18 15:02:06,866 [INFO] IPUIPlugin:79 - create IPUIPlugin
2025-08-18 15:02:06,866 [INFO] IPUIPlugin:79 - create IPUIPlugin
2025-08-18 15:02:06,866 [INFO] IPUIPlugin:79 - create IPUIPlugin
2025-08-18 15:02:06,866 [INFO] IPUIPlugin:79 - create IPUIPlugin
2025-08-18 15:02:06,866 [INFO] IPUIPlugin:79 - create IPUIPlugin
2025-08-18 15:02:06,866 [INFO] IPUIPlugin:79 - create IPUIPlugin
2025-08-18 15:02:06,866 [INFO] IPUIPlugin:79 - create IPUIPlugin
2025-08-18 15:02:06,867 [INFO] IPUIPlugin:79 - create IPUIPlugin
2025-08-18 15:02:06,867 [INFO] IPUIPlugin:79 - create IPUIPlugin
2025-08-18 15:02:06,867 [INFO] IPUIPlugin:79 - create IPUIPlugin
2025-08-18 15:02:06,867 [INFO] IPUIPlugin:79 - create IPUIPlugin
2025-08-18 15:02:06,867 [INFO] IPUIPlugin:79 - create IPUIPlugin
2025-08-18 15:02:06,867 [INFO] IPUIPlugin:79 - create IPUIPlugin
2025-08-18 15:02:06,867 [INFO] IPUIPlugin:79 - create IPUIPlugin
2025-08-18 15:02:06,867 [INFO] IPUIPlugin:79 - create IPUIPlugin
2025-08-18 15:02:06,867 [INFO] IPUIPlugin:79 - create IPUIPlugin
2025-08-18 15:02:06,867 [INFO] IPUIPlugin:79 - create IPUIPlugin
2025-08-18 15:02:06,868 [INFO] IPUIPlugin:79 - create IPUIPlugin
2025-08-18 15:02:06,868 [INFO] IPUIPlugin:79 - create IPUIPlugin
2025-08-18 15:02:06,868 [INFO] IPUIPlugin:79 - create IPUIPlugin
2025-08-18 15:02:06,868 [INFO] IPUIPlugin:79 - create IPUIPlugin
2025-08-18 15:02:06,868 [INFO] IPUIPlugin:79 - create IPUIPlugin
2025-08-18 15:02:06,869 [INFO] IPUIPlugin:79 - create IPUIPlugin
2025-08-18 15:02:06,869 [INFO] IPUIPlugin:79 - create IPUIPlugin
2025-08-18 15:02:06,869 [INFO] IPUIPlugin:79 - create IPUIPlugin
2025-08-18 15:02:06,870 [INFO] IPUIPlugin:79 - create IPUIPlugin
2025-08-18 15:02:06,871 [INFO] IPUIPlugin:79 - create IPUIPlugin
2025-08-18 15:02:06,871 [INFO] IPUIPlugin:79 - create IPUIPlugin
2025-08-18 15:02:06,873 [INFO] ApiDbMcu:505 - Load IP Config File for PDM2PCM
2025-08-18 15:02:06,933 [INFO] CADModel:164 - CPN selected for project levelSTM32F446RET6
2025-08-18 15:02:06,933 [INFO] CADModel:113 - Register for checkConnection events
2025-08-18 15:02:06,970 [INFO] OpenFileManager:327 - Restore cursor
2025-08-18 15:02:07,467 [INFO] UtilMem:74 - End SaveConfig() Used Memory: 894039400 Bytes (1073741824)
2025-08-18 15:02:07,503 [INFO] UtilMem:74 - End SaveConfig() Used Memory: 913472104 Bytes (1073741824)
2025-08-18 15:02:07,706 [INFO] BlockDiagram:2759 - set Specific Code input for plugin: SYS
2025-08-18 15:02:07,706 [INFO] BlockDiagram:2759 - set Specific Code input for plugin: RCC
2025-08-18 15:02:07,707 [INFO] BlockDiagram:2759 - set Specific Code input for plugin: NVIC
2025-08-18 15:02:07,707 [INFO] BlockDiagram:2759 - set Specific Code input for plugin: USART
2025-08-18 15:02:07,707 [INFO] BlockDiagram:2759 - set Specific Code input for plugin: GPIO
2025-08-18 15:02:07,707 [INFO] CodeGenerator:692 - code generatio: config db path: /opt/st/stm32cubeide_1.11.0/plugins/com.st.stm32cube.common.mx_6.7.0.202211181646//db/
2025-08-18 15:02:08,008 [INFO] CodeEngine:247 - oldGeneratedFile, /home/boobathi/new_stm32_workspace/3-PIn-NTC/MXTmpFiles/license.tmp_save
2025-08-18 15:02:08,080 [INFO] CodeEngine:271 - Generated code: /home/boobathi/new_stm32_workspace/3-PIn-NTC/MXTmpFiles/license.tmp
2025-08-18 15:02:08,092 [INFO] CodeEngine:247 - oldGeneratedFile, /home/boobathi/new_stm32_workspace/3-PIn-NTC/MXTmpFiles/gpio.tmp_save
2025-08-18 15:02:08,142 [INFO] CodeEngine:271 - Generated code: /home/boobathi/new_stm32_workspace/3-PIn-NTC/MXTmpFiles/gpio.tmp
2025-08-18 15:02:08,162 [INFO] CodeEngine:247 - oldGeneratedFile, /home/boobathi/new_stm32_workspace/3-PIn-NTC/Core/Src/stm32f4xx_it.c_save
2025-08-18 15:02:08,238 [INFO] CodeEngine:271 - Generated code: /home/boobathi/new_stm32_workspace/3-PIn-NTC/Core/Src/stm32f4xx_it.c
2025-08-18 15:02:08,239 [INFO] CodeEngine:247 - oldGeneratedFile, /home/boobathi/new_stm32_workspace/3-PIn-NTC/Core/Inc/stm32f4xx_it.h_save
2025-08-18 15:02:08,287 [INFO] CodeEngine:271 - Generated code: /home/boobathi/new_stm32_workspace/3-PIn-NTC/Core/Inc/stm32f4xx_it.h
2025-08-18 15:02:08,289 [INFO] CodeEngine:247 - oldGeneratedFile, /home/boobathi/new_stm32_workspace/3-PIn-NTC/Core/Src/stm32f4xx_hal_msp.c_save
2025-08-18 15:02:08,363 [INFO] CodeEngine:271 - Generated code: /home/boobathi/new_stm32_workspace/3-PIn-NTC/Core/Src/stm32f4xx_hal_msp.c
2025-08-18 15:02:08,364 [INFO] CodeEngine:247 - oldGeneratedFile, /home/boobathi/new_stm32_workspace/3-PIn-NTC/MXTmpFiles/system.tmp_save
2025-08-18 15:02:08,410 [INFO] CodeEngine:271 - Generated code: /home/boobathi/new_stm32_workspace/3-PIn-NTC/MXTmpFiles/system.tmp
2025-08-18 15:02:08,412 [INFO] CodeEngine:303 - oldGeneratedFile, /home/boobathi/new_stm32_workspace/3-PIn-NTC/Core/Inc/stm32f4xx_hal_conf.h_save
2025-08-18 15:02:08,488 [INFO] CodeEngine:327 - Generated code: /home/boobathi/new_stm32_workspace/3-PIn-NTC/Core/Inc/stm32f4xx_hal_conf.h
2025-08-18 15:02:08,498 [WARN] IPConfigManager:2928 - Warning: the RefConfig PLL2P_FOR_MCO is not available in your config.xml file
2025-08-18 15:02:08,501 [INFO] CodeEngine:247 - oldGeneratedFile, /home/boobathi/new_stm32_workspace/3-PIn-NTC/Core/Inc/main.h_save
2025-08-18 15:02:08,551 [INFO] CodeEngine:271 - Generated code: /home/boobathi/new_stm32_workspace/3-PIn-NTC/Core/Inc/main.h
2025-08-18 15:02:08,552 [INFO] CodeEngine:247 - oldGeneratedFile, /home/boobathi/new_stm32_workspace/3-PIn-NTC/Core/Src/main.c_save
2025-08-18 15:02:08,641 [INFO] CodeEngine:271 - Generated code: /home/boobathi/new_stm32_workspace/3-PIn-NTC/Core/Src/main.c
2025-08-18 15:02:09,197 [INFO] ProjectBuilder:2919 - Time for Copy HAL[1] : 19mS.
2025-08-18 15:02:09,198 [INFO] ProjectBuilder:4183 - Project Generator version: 3.18.0-B7
2025-08-18 15:02:10,020 [INFO] ConfigFileManager:1396 - The Die is : DIE421
2025-08-18 15:02:10,022 [INFO] ApiDbMcu:505 - Load IP Config File for FATFS
2025-08-18 15:02:10,025 [INFO] ApiDbMcu:505 - Load IP Config File for FREERTOS
2025-08-18 15:02:10,026 [INFO] ApiDbMcu:505 - Load IP Config File for LIBJPEG
2025-08-18 15:02:10,029 [INFO] ApiDbMcu:505 - Load IP Config File for MBEDTLS
2025-08-18 15:02:10,035 [INFO] ApiDbMcu:505 - Load IP Config File for USB_DEVICE
2025-08-18 15:02:10,037 [INFO] ApiDbMcu:505 - Load IP Config File for USB_HOST
2025-08-18 15:02:14,292 [INFO] ProjectBuilder:4351 - Time for Generating toolchain IDE Files: 5094mS.
2025-08-18 15:02:14,293 [INFO] ProjectBuilder:2790 - Time for Copy CMSIS : 0mS.
2025-08-18 15:02:14,293 [INFO] ProjectBuilder:2790 - Time for Copy CMSIS : 0mS.
2025-08-18 15:02:15,008 [INFO] McuFinderGlobals:65 - Set McuFinderConnectedMode to true
2025-08-18 15:02:15,010 [INFO] ApiDb:447 - Save user favorites file /home/boobathi/.stm32cubeide/favorites.mcus.txt: 0 item(s)
2025-08-18 15:02:15,010 [INFO] ApiDb:451 - User favorites MCUs=[]
2025-08-18 15:02:15,011 [INFO] ApiDb:447 - Save user favorites file /home/boobathi/.stm32cubeide/favorites.boards.txt: 1 item(s)
2025-08-18 15:02:15,011 [INFO] ApiDb:451 - User favorites Boards=[NUCLEO-F446RE]
2025-08-18 15:04:14,857 [INFO] Gpio:272 - dependency for GPIO [RCC, SYS, USART2]
2025-08-18 15:04:25,770 [INFO] UtilMem:74 - End SaveConfig() Used Memory: 944403856 Bytes (1073741824)
2025-08-18 15:04:25,850 [INFO] UtilMem:74 - End SaveConfig() Used Memory: 792265968 Bytes (1073741824)
2025-08-18 15:04:26,346 [INFO] UtilMem:74 - End SaveConfig() Used Memory: 908164976 Bytes (1073741824)
2025-08-18 15:04:26,644 [INFO] BlockDiagram:2759 - set Specific Code input for plugin: SYS
2025-08-18 15:04:26,644 [INFO] BlockDiagram:2759 - set Specific Code input for plugin: RCC
2025-08-18 15:04:26,644 [INFO] BlockDiagram:2759 - set Specific Code input for plugin: NVIC
2025-08-18 15:04:26,644 [INFO] BlockDiagram:2759 - set Specific Code input for plugin: USART
2025-08-18 15:04:26,645 [INFO] BlockDiagram:2759 - set Specific Code input for plugin: GPIO
2025-08-18 15:04:26,645 [INFO] CodeGenerator:692 - code generatio: config db path: /opt/st/stm32cubeide_1.11.0/plugins/com.st.stm32cube.common.mx_6.7.0.202211181646//db/
2025-08-18 15:04:26,800 [INFO] CodeEngine:247 - oldGeneratedFile, /home/boobathi/new_stm32_workspace/3-PIn-NTC/MXTmpFiles/license.tmp_save
2025-08-18 15:04:26,945 [INFO] CodeEngine:271 - Generated code: /home/boobathi/new_stm32_workspace/3-PIn-NTC/MXTmpFiles/license.tmp
2025-08-18 15:04:26,951 [INFO] CodeEngine:247 - oldGeneratedFile, /home/boobathi/new_stm32_workspace/3-PIn-NTC/MXTmpFiles/gpio.tmp_save
2025-08-18 15:04:27,014 [INFO] CodeEngine:271 - Generated code: /home/boobathi/new_stm32_workspace/3-PIn-NTC/MXTmpFiles/gpio.tmp
2025-08-18 15:04:27,041 [INFO] CodeEngine:247 - oldGeneratedFile, /home/boobathi/new_stm32_workspace/3-PIn-NTC/Core/Src/stm32f4xx_it.c_save
2025-08-18 15:04:27,225 [INFO] CodeEngine:271 - Generated code: /home/boobathi/new_stm32_workspace/3-PIn-NTC/Core/Src/stm32f4xx_it.c
2025-08-18 15:04:27,226 [INFO] CodeEngine:247 - oldGeneratedFile, /home/boobathi/new_stm32_workspace/3-PIn-NTC/Core/Inc/stm32f4xx_it.h_save
2025-08-18 15:04:27,278 [INFO] CodeEngine:271 - Generated code: /home/boobathi/new_stm32_workspace/3-PIn-NTC/Core/Inc/stm32f4xx_it.h
2025-08-18 15:04:27,280 [INFO] CodeEngine:247 - oldGeneratedFile, /home/boobathi/new_stm32_workspace/3-PIn-NTC/Core/Src/stm32f4xx_hal_msp.c_save
2025-08-18 15:04:27,388 [INFO] CodeEngine:271 - Generated code: /home/boobathi/new_stm32_workspace/3-PIn-NTC/Core/Src/stm32f4xx_hal_msp.c
2025-08-18 15:04:27,389 [INFO] CodeEngine:247 - oldGeneratedFile, /home/boobathi/new_stm32_workspace/3-PIn-NTC/MXTmpFiles/system.tmp_save
2025-08-18 15:04:27,446 [INFO] CodeEngine:271 - Generated code: /home/boobathi/new_stm32_workspace/3-PIn-NTC/MXTmpFiles/system.tmp
2025-08-18 15:04:27,448 [INFO] CodeEngine:303 - oldGeneratedFile, /home/boobathi/new_stm32_workspace/3-PIn-NTC/Core/Inc/stm32f4xx_hal_conf.h_save
2025-08-18 15:04:27,514 [INFO] CodeEngine:327 - Generated code: /home/boobathi/new_stm32_workspace/3-PIn-NTC/Core/Inc/stm32f4xx_hal_conf.h
2025-08-18 15:04:27,526 [WARN] IPConfigManager:2928 - Warning: the RefConfig PLL2P_FOR_MCO is not available in your config.xml file
2025-08-18 15:04:27,530 [INFO] CodeEngine:247 - oldGeneratedFile, /home/boobathi/new_stm32_workspace/3-PIn-NTC/Core/Inc/main.h_save
2025-08-18 15:04:27,601 [INFO] CodeEngine:271 - Generated code: /home/boobathi/new_stm32_workspace/3-PIn-NTC/Core/Inc/main.h
2025-08-18 15:04:27,602 [INFO] CodeEngine:247 - oldGeneratedFile, /home/boobathi/new_stm32_workspace/3-PIn-NTC/Core/Src/main.c_save
2025-08-18 15:04:27,695 [INFO] CodeEngine:271 - Generated code: /home/boobathi/new_stm32_workspace/3-PIn-NTC/Core/Src/main.c
2025-08-18 15:04:28,383 [INFO] ProjectBuilder:2919 - Time for Copy HAL[1] : 20mS.
2025-08-18 15:04:28,384 [INFO] ProjectBuilder:4183 - Project Generator version: 3.18.0-B7
2025-08-18 15:04:28,697 [INFO] ConfigFileManager:1396 - The Die is : DIE421
2025-08-18 15:04:30,445 [INFO] ProjectBuilder:4351 - Time for Generating toolchain IDE Files: 2061mS.
2025-08-18 15:04:30,446 [INFO] ProjectBuilder:2790 - Time for Copy CMSIS : 0mS.
2025-08-18 15:04:30,446 [INFO] ProjectBuilder:2790 - Time for Copy CMSIS : 0mS.
2025-08-18 15:05:57,205 [INFO] Gpio:272 - dependency for GPIO [RCC, SYS, USART2]
2025-08-18 15:05:57,234 [INFO] NvicIntPanel:100 - NVIC parent = com.st.microxplorer.plugins.ip.nvic.MultiNvicIntPanel[,0,0,0x0,invalid,layout=javax.swing.BoxLayout,alignmentX=0.0,alignmentY=0.0,border=,flags=9,maximumSize=,minimumSize=,preferredSize=]
2025-08-18 15:06:00,821 [INFO] Gpio:272 - dependency for GPIO [RCC, SYS, USART2]
2025-08-18 15:06:02,762 [INFO] ADCParametersView:113 -                Rank 1 : false
2025-08-18 15:06:02,784 [INFO] ADCParametersView:113 -                Rank 1 : false
2025-08-18 15:06:02,784 [INFO] ADCParametersView:113 -                Rank 1 : false
2025-08-18 15:06:02,784 [INFO] ADCParametersView:113 -                Rank 1 : false
2025-08-18 15:06:02,784 [INFO] ADCParametersView:113 -                Rank 1 : false
2025-08-18 15:06:02,784 [INFO] ADCParametersView:113 -                Rank 1 : false
2025-08-18 15:06:02,784 [INFO] ADCParametersView:113 -                Rank 1 : false
2025-08-18 15:06:02,785 [INFO] ADCParametersView:113 -                Rank 1 : false
2025-08-18 15:06:02,785 [INFO] ADCParametersView:113 -                Rank 1 : false
2025-08-18 15:06:02,785 [INFO] ADCParametersView:113 -                Rank 1 : false
2025-08-18 15:06:02,785 [INFO] ADCParametersView:113 -                Rank 1 : false
2025-08-18 15:06:02,785 [INFO] ADCParametersView:113 -                Rank 1 : false
2025-08-18 15:06:02,785 [INFO] ADCParametersView:113 -                Rank 1 : false
2025-08-18 15:06:02,785 [INFO] ADCParametersView:113 -                Rank 1 : false
2025-08-18 15:06:02,785 [INFO] ADCParametersView:113 -                Rank 1 : false
2025-08-18 15:06:02,795 [INFO] ADCParametersView:113 -                Rank 1 : false
2025-08-18 15:06:02,912 [INFO] NvicIntPanel:100 - NVIC parent = com.st.microxplorer.plugins.ip.nvic.MultiNvicIntPanel[,0,0,0x0,invalid,layout=javax.swing.BoxLayout,alignmentX=0.0,alignmentY=0.0,border=,flags=9,maximumSize=,minimumSize=,preferredSize=]
2025-08-18 15:06:03,030 [INFO] NvicIntPanel:100 - NVIC parent = com.st.microxplorer.plugins.ip.nvic.MultiNvicIntPanel[,0,0,0x0,invalid,layout=javax.swing.BoxLayout,alignmentX=0.0,alignmentY=0.0,border=,flags=9,maximumSize=,minimumSize=,preferredSize=]
2025-08-18 15:06:03,148 [INFO] NvicIntPanel:100 - NVIC parent = com.st.microxplorer.plugins.ip.nvic.MultiNvicIntPanel[,0,0,0x0,invalid,layout=javax.swing.BoxLayout,alignmentX=0.0,alignmentY=0.0,border=,flags=9,maximumSize=,minimumSize=,preferredSize=]
2025-08-18 15:06:03,332 [INFO] ADCParametersView:113 -                Rank 1 : false
2025-08-18 15:06:03,332 [INFO] ADCParametersView:113 -                Rank 1 : false
2025-08-18 15:06:03,332 [INFO] ADCParametersView:113 -                Rank 1 : false
2025-08-18 15:06:03,333 [INFO] ADCParametersView:113 -                Rank 1 : false
2025-08-18 15:06:03,333 [INFO] ADCParametersView:113 -                Rank 1 : false
2025-08-18 15:06:03,333 [INFO] ADCParametersView:113 -                Rank 1 : false
2025-08-18 15:06:03,333 [INFO] ADCParametersView:113 -                Rank 1 : false
2025-08-18 15:06:03,333 [INFO] ADCParametersView:113 -                Rank 1 : false
2025-08-18 15:06:03,333 [INFO] ADCParametersView:113 -                Rank 1 : false
2025-08-18 15:06:03,333 [INFO] ADCParametersView:113 -                Rank 1 : false
2025-08-18 15:06:03,333 [INFO] ADCParametersView:113 -                Rank 1 : false
2025-08-18 15:06:03,333 [INFO] ADCParametersView:113 -                Rank 1 : false
2025-08-18 15:06:03,333 [INFO] ADCParametersView:113 -                Rank 1 : false
2025-08-18 15:06:03,333 [INFO] ADCParametersView:113 -                Rank 1 : false
2025-08-18 15:06:03,370 [INFO] ADCParametersView:113 -                Rank 1 : false
2025-08-18 15:06:03,415 [INFO] ADCParametersView:113 -                Rank 1 : false
2025-08-18 15:06:03,415 [INFO] ADCParametersView:113 -                Rank 1 : false
2025-08-18 15:06:03,415 [INFO] ADCParametersView:113 -                Rank 1 : false
2025-08-18 15:06:03,415 [INFO] ADCParametersView:113 -                Rank 1 : false
2025-08-18 15:06:03,415 [INFO] ADCParametersView:113 -                Rank 1 : false
2025-08-18 15:06:03,415 [INFO] ADCParametersView:113 -                Rank 1 : false
2025-08-18 15:06:03,415 [INFO] ADCParametersView:113 -                Rank 1 : false
2025-08-18 15:06:03,415 [INFO] ADCParametersView:113 -                Rank 1 : false
2025-08-18 15:06:03,416 [INFO] ADCParametersView:113 -                Rank 1 : false
2025-08-18 15:06:03,416 [INFO] ADCParametersView:113 -                Rank 1 : false
2025-08-18 15:06:03,416 [INFO] ADCParametersView:113 -                Rank 1 : false
2025-08-18 15:06:03,416 [INFO] ADCParametersView:113 -                Rank 1 : false
2025-08-18 15:06:03,416 [INFO] ADCParametersView:113 -                Rank 1 : false
2025-08-18 15:06:03,416 [INFO] ADCParametersView:113 -                Rank 1 : false
2025-08-18 15:06:03,453 [INFO] ADCParametersView:113 -                Rank 1 : false
2025-08-18 15:06:12,796 [INFO] ADCParametersView:113 -                Rank 1 : false
2025-08-18 15:06:12,799 [INFO] ADCParametersView:113 -                Rank 1 : false
2025-08-18 15:06:12,800 [INFO] ADCParametersView:113 -                Rank 1 : false
2025-08-18 15:06:12,800 [INFO] ADCParametersView:113 -                Rank 1 : false
2025-08-18 15:06:12,800 [INFO] ADCParametersView:113 -                Rank 1 : false
2025-08-18 15:06:12,800 [INFO] ADCParametersView:113 -                Rank 1 : false
2025-08-18 15:06:12,800 [INFO] ADCParametersView:113 -                Rank 1 : false
2025-08-18 15:06:12,800 [INFO] ADCParametersView:113 -                Rank 1 : false
2025-08-18 15:06:12,801 [INFO] ADCParametersView:113 -                Rank 1 : false
2025-08-18 15:06:12,801 [INFO] ADCParametersView:113 -                Rank 1 : false
2025-08-18 15:06:12,801 [INFO] ADCParametersView:113 -                Rank 1 : false
2025-08-18 15:06:12,801 [INFO] ADCParametersView:113 -                Rank 1 : false
2025-08-18 15:06:12,801 [INFO] ADCParametersView:113 -                Rank 1 : false
2025-08-18 15:06:12,801 [INFO] ADCParametersView:113 -                Rank 1 : false
2025-08-18 15:06:12,812 [INFO] ADCParametersView:113 -                Rank 1 : false
2025-08-18 15:06:12,828 [INFO] ADCParametersView:113 -                Rank 1 : false
2025-08-18 15:06:12,829 [INFO] ADCParametersView:113 -                Rank 1 : false
2025-08-18 15:06:12,829 [INFO] ADCParametersView:113 -                Rank 1 : false
2025-08-18 15:06:12,829 [INFO] ADCParametersView:113 -                Rank 1 : false
2025-08-18 15:06:12,829 [INFO] ADCParametersView:113 -                Rank 1 : false
2025-08-18 15:06:12,829 [INFO] ADCParametersView:113 -                Rank 1 : false
2025-08-18 15:06:12,829 [INFO] ADCParametersView:113 -                Rank 1 : false
2025-08-18 15:06:12,829 [INFO] ADCParametersView:113 -                Rank 1 : false
2025-08-18 15:06:12,829 [INFO] ADCParametersView:113 -                Rank 1 : false
2025-08-18 15:06:12,829 [INFO] ADCParametersView:113 -                Rank 1 : false
2025-08-18 15:06:12,830 [INFO] ADCParametersView:113 -                Rank 1 : false
2025-08-18 15:06:12,830 [INFO] ADCParametersView:113 -                Rank 1 : false
2025-08-18 15:06:12,830 [INFO] ADCParametersView:113 -                Rank 1 : false
2025-08-18 15:06:12,830 [INFO] ADCParametersView:113 -                Rank 1 : false
2025-08-18 15:06:12,839 [INFO] ADCParametersView:113 -                Rank 1 : false
2025-08-18 15:06:12,889 [INFO] ADCParametersView:113 -                Rank 1 : false
2025-08-18 15:06:12,890 [INFO] ADCParametersView:113 -                Rank 1 : false
2025-08-18 15:06:12,890 [INFO] ADCParametersView:113 -                Rank 1 : false
2025-08-18 15:06:12,890 [INFO] ADCParametersView:113 -                Rank 1 : false
2025-08-18 15:06:12,890 [INFO] ADCParametersView:113 -                Rank 1 : false
2025-08-18 15:06:12,890 [INFO] ADCParametersView:113 -                Rank 1 : false
2025-08-18 15:06:12,890 [INFO] ADCParametersView:113 -                Rank 1 : false
2025-08-18 15:06:12,890 [INFO] ADCParametersView:113 -                Rank 1 : false
2025-08-18 15:06:12,890 [INFO] ADCParametersView:113 -                Rank 1 : false
2025-08-18 15:06:12,890 [INFO] ADCParametersView:113 -                Rank 1 : false
2025-08-18 15:06:12,890 [INFO] ADCParametersView:113 -                Rank 1 : false
2025-08-18 15:06:12,890 [INFO] ADCParametersView:113 -                Rank 1 : false
2025-08-18 15:06:12,890 [INFO] ADCParametersView:113 -                Rank 1 : false
2025-08-18 15:06:12,890 [INFO] ADCParametersView:113 -                Rank 1 : false
2025-08-18 15:06:12,937 [INFO] ADCParametersView:113 -                Rank 1 : false
2025-08-18 15:06:41,271 [INFO] UtilMem:74 - End SaveConfig() Used Memory: 842999608 Bytes (1073741824)
2025-08-18 15:06:41,362 [INFO] UtilMem:74 - End SaveConfig() Used Memory: 864147216 Bytes (1073741824)
2025-08-18 15:06:41,690 [INFO] UtilMem:74 - End SaveConfig() Used Memory: 909582136 Bytes (1073741824)
2025-08-18 15:06:41,914 [INFO] BlockDiagram:2759 - set Specific Code input for plugin: SYS
2025-08-18 15:06:41,914 [INFO] BlockDiagram:2759 - set Specific Code input for plugin: ADC
2025-08-18 15:06:41,914 [INFO] BlockDiagram:2759 - set Specific Code input for plugin: RCC
2025-08-18 15:06:41,914 [INFO] BlockDiagram:2759 - set Specific Code input for plugin: NVIC
2025-08-18 15:06:41,914 [INFO] BlockDiagram:2759 - set Specific Code input for plugin: USART
2025-08-18 15:06:41,914 [INFO] BlockDiagram:2759 - set Specific Code input for plugin: GPIO
2025-08-18 15:06:41,914 [INFO] CodeGenerator:692 - code generatio: config db path: /opt/st/stm32cubeide_1.11.0/plugins/com.st.stm32cube.common.mx_6.7.0.202211181646//db/
2025-08-18 15:06:42,129 [INFO] CodeEngine:247 - oldGeneratedFile, /home/boobathi/new_stm32_workspace/3-PIn-NTC/MXTmpFiles/license.tmp_save
2025-08-18 15:06:42,224 [INFO] CodeEngine:271 - Generated code: /home/boobathi/new_stm32_workspace/3-PIn-NTC/MXTmpFiles/license.tmp
2025-08-18 15:06:42,231 [INFO] CodeEngine:247 - oldGeneratedFile, /home/boobathi/new_stm32_workspace/3-PIn-NTC/MXTmpFiles/gpio.tmp_save
2025-08-18 15:06:42,300 [INFO] CodeEngine:271 - Generated code: /home/boobathi/new_stm32_workspace/3-PIn-NTC/MXTmpFiles/gpio.tmp
2025-08-18 15:06:42,368 [INFO] CodeEngine:247 - oldGeneratedFile, /home/boobathi/new_stm32_workspace/3-PIn-NTC/Core/Src/stm32f4xx_it.c_save
2025-08-18 15:06:42,532 [INFO] CodeEngine:271 - Generated code: /home/boobathi/new_stm32_workspace/3-PIn-NTC/Core/Src/stm32f4xx_it.c
2025-08-18 15:06:42,533 [INFO] CodeEngine:247 - oldGeneratedFile, /home/boobathi/new_stm32_workspace/3-PIn-NTC/Core/Inc/stm32f4xx_it.h_save
2025-08-18 15:06:42,612 [INFO] CodeEngine:271 - Generated code: /home/boobathi/new_stm32_workspace/3-PIn-NTC/Core/Inc/stm32f4xx_it.h
2025-08-18 15:06:42,614 [INFO] CodeEngine:247 - oldGeneratedFile, /home/boobathi/new_stm32_workspace/3-PIn-NTC/Core/Src/stm32f4xx_hal_msp.c_save
2025-08-18 15:06:42,710 [INFO] CodeEngine:271 - Generated code: /home/boobathi/new_stm32_workspace/3-PIn-NTC/Core/Src/stm32f4xx_hal_msp.c
2025-08-18 15:06:42,711 [INFO] CodeEngine:247 - oldGeneratedFile, /home/boobathi/new_stm32_workspace/3-PIn-NTC/MXTmpFiles/system.tmp_save
2025-08-18 15:06:42,760 [INFO] CodeEngine:271 - Generated code: /home/boobathi/new_stm32_workspace/3-PIn-NTC/MXTmpFiles/system.tmp
2025-08-18 15:06:42,761 [INFO] CodeEngine:303 - oldGeneratedFile, /home/boobathi/new_stm32_workspace/3-PIn-NTC/Core/Inc/stm32f4xx_hal_conf.h_save
2025-08-18 15:06:42,823 [INFO] CodeEngine:327 - Generated code: /home/boobathi/new_stm32_workspace/3-PIn-NTC/Core/Inc/stm32f4xx_hal_conf.h
2025-08-18 15:06:42,837 [WARN] IPConfigManager:2928 - Warning: the RefConfig PLL2P_FOR_MCO is not available in your config.xml file
2025-08-18 15:06:42,841 [INFO] CodeEngine:247 - oldGeneratedFile, /home/boobathi/new_stm32_workspace/3-PIn-NTC/Core/Inc/main.h_save
2025-08-18 15:06:42,919 [INFO] CodeEngine:271 - Generated code: /home/boobathi/new_stm32_workspace/3-PIn-NTC/Core/Inc/main.h
2025-08-18 15:06:42,920 [INFO] CodeEngine:247 - oldGeneratedFile, /home/boobathi/new_stm32_workspace/3-PIn-NTC/Core/Src/main.c_save
2025-08-18 15:06:43,013 [INFO] CodeEngine:271 - Generated code: /home/boobathi/new_stm32_workspace/3-PIn-NTC/Core/Src/main.c
2025-08-18 15:06:43,548 [INFO] ProjectBuilder:2919 - Time for Copy HAL[1] : 22mS.
2025-08-18 15:06:43,549 [INFO] ProjectBuilder:4183 - Project Generator version: 3.18.0-B7
2025-08-18 15:06:43,924 [INFO] ConfigFileManager:1396 - The Die is : DIE421
2025-08-18 15:06:45,512 [INFO] ProjectBuilder:4351 - Time for Generating toolchain IDE Files: 1963mS.
2025-08-18 15:06:45,513 [INFO] ProjectBuilder:2790 - Time for Copy CMSIS : 0mS.
2025-08-18 15:06:45,514 [INFO] ProjectBuilder:2790 - Time for Copy CMSIS : 0mS.
2025-08-18 15:09:37,853 [INFO] LogOutputStream:76 - [STDOUT_REDIRECT] StartTraceHandler.execute(), success : Collect=true
2025-08-18 16:08:48,799 [INFO] Activator:179 - 


2025-08-18 16:08:48,801 [INFO] Activator:180 - !SESSION log4j initialized
2025-08-18 16:09:22,996 [ERROR] LogOutputStream:74 - [STDERR_REDIRECT] SLF4J: Failed to load class "org.slf4j.impl.StaticLoggerBinder".
2025-08-18 16:09:22,997 [ERROR] LogOutputStream:74 - [STDERR_REDIRECT] SLF4J: Defaulting to no-operation (NOP) logger implementation
2025-08-18 16:09:22,997 [ERROR] LogOutputStream:74 - [STDERR_REDIRECT] SLF4J: See http://www.slf4j.org/codes.html#StaticLoggerBinder for further details.
2025-08-18 16:24:56,451 [INFO] McuFinderGlobals:52 - Set McuFinder mode to 2 (CubeIDE integrated)
2025-08-18 16:24:56,536 [INFO] ApplicationProperties:181 - Using Application install path: /opt/st/stm32cubeide_1.11.0/plugins/com.st.stm32cube.common.mx_6.7.0.202211181646
2025-08-18 16:24:56,553 [INFO] DbMcusXml:77 - Set database path to: /opt/st/stm32cubeide_1.11.0/plugins/com.st.stm32cube.common.mx_6.7.0.202211181646//db//mcu/
2025-08-18 16:24:56,553 [INFO] ApiDb:273 - Set plugin database path to: /opt/st/stm32cubeide_1.11.0/plugins/com.st.stm32cube.common.mx_6.7.0.202211181646//db//plugins/boardmanager/
2025-08-18 16:24:56,555 [WARN] ApiDb:258 - Overriding images path with different value:  => /opt/st/stm32cubeide_1.11.0/plugins/com.st.stm32cube.common.mx_6.7.0.202211181646//db//plugins/mcufinder/images/
2025-08-18 16:24:56,582 [INFO] ApiDb:249 - Set database path to: /home/boobathi/.stmcufinder/plugins/mcufinder//mcu/
2025-08-18 16:24:56,583 [INFO] DbMcusAds:124 - Set database path to: /home/boobathi/.stmcufinder/plugins/mcufinder//mcu/
2025-08-18 16:24:56,592 [INFO] CrossReferenceDbSqlite:202 - Set database path to: /home/boobathi/.stmcufinder/plugins/mcufinder//mcu/cs/
2025-08-18 16:24:56,679 [INFO] RulesReader:61 - Compatibility file has been processed (283 Rules)
2025-08-18 16:24:56,734 [INFO] DbMcusXml:77 - Set database path to: /opt/st/stm32cubeide_1.11.0/plugins/com.st.stm32cube.common.mx_6.7.0.202211181646//db//mcu/
2025-08-18 16:24:56,734 [INFO] ApiDb:273 - Set plugin database path to: /opt/st/stm32cubeide_1.11.0/plugins/com.st.stm32cube.common.mx_6.7.0.202211181646//db//plugins/boardmanager/
2025-08-18 16:24:56,734 [INFO] ApiDb:260 - Set plugin images path to: /opt/st/stm32cubeide_1.11.0/plugins/com.st.stm32cube.common.mx_6.7.0.202211181646//db//plugins/mcufinder/images/
2025-08-18 16:24:56,735 [WARN] DbFile:40 - Overriding database path with different value: /home/boobathi/.stmcufinder/plugins/mcufinder/ => /home/boobathi/.stmcufinder/plugins/mcufinder
2025-08-18 16:24:56,735 [INFO] ApiDb:249 - Set database path to: /home/boobathi/.stmcufinder/plugins/mcufinder//mcu/
2025-08-18 16:24:56,735 [WARN] DbFile:40 - Overriding database path with different value: /home/boobathi/.stmcufinder/plugins/mcufinder/ => /home/boobathi/.stmcufinder/plugins/mcufinder
2025-08-18 16:24:56,735 [INFO] DbMcusAds:124 - Set database path to: /home/boobathi/.stmcufinder/plugins/mcufinder//mcu/
2025-08-18 16:24:56,736 [WARN] DbFile:40 - Overriding database path with different value: /home/boobathi/.stmcufinder/plugins/mcufinder/ => /home/boobathi/.stmcufinder/plugins/mcufinder
2025-08-18 16:24:56,736 [WARN] DbFile:40 - Overriding database path with different value: /home/boobathi/.stmcufinder/plugins/mcufinder/ => /home/boobathi/.stmcufinder/plugins/mcufinder
2025-08-18 16:24:56,736 [INFO] CrossReferenceDbSqlite:202 - Set database path to: /home/boobathi/.stmcufinder/plugins/mcufinder//mcu/cs/
2025-08-18 16:24:56,796 [INFO] MainPanel:252 - HeapMemory: 674234368
2025-08-18 16:24:56,892 [INFO] DbMcusXml:77 - Set database path to: /opt/st/stm32cubeide_1.11.0/plugins/com.st.stm32cube.common.mx_6.7.0.202211181646//db//mcu/
2025-08-18 16:24:56,893 [INFO] ApiDb:273 - Set plugin database path to: /opt/st/stm32cubeide_1.11.0/plugins/com.st.stm32cube.common.mx_6.7.0.202211181646//db//plugins/boardmanager/
2025-08-18 16:24:56,893 [INFO] ApiDb:260 - Set plugin images path to: /opt/st/stm32cubeide_1.11.0/plugins/com.st.stm32cube.common.mx_6.7.0.202211181646//db//plugins/mcufinder/images/
2025-08-18 16:24:56,893 [WARN] DbFile:40 - Overriding database path with different value: /home/boobathi/.stmcufinder/plugins/mcufinder/ => /home/boobathi/.stmcufinder/plugins/mcufinder
2025-08-18 16:24:56,893 [INFO] ApiDb:249 - Set database path to: /home/boobathi/.stmcufinder/plugins/mcufinder//mcu/
2025-08-18 16:24:56,893 [WARN] DbFile:40 - Overriding database path with different value: /home/boobathi/.stmcufinder/plugins/mcufinder/ => /home/boobathi/.stmcufinder/plugins/mcufinder
2025-08-18 16:24:56,894 [INFO] DbMcusAds:124 - Set database path to: /home/boobathi/.stmcufinder/plugins/mcufinder//mcu/
2025-08-18 16:24:56,894 [WARN] DbFile:40 - Overriding database path with different value: /home/boobathi/.stmcufinder/plugins/mcufinder/ => /home/boobathi/.stmcufinder/plugins/mcufinder
2025-08-18 16:24:56,894 [WARN] DbFile:40 - Overriding database path with different value: /home/boobathi/.stmcufinder/plugins/mcufinder/ => /home/boobathi/.stmcufinder/plugins/mcufinder
2025-08-18 16:24:56,894 [INFO] CrossReferenceDbSqlite:202 - Set database path to: /home/boobathi/.stmcufinder/plugins/mcufinder//mcu/cs/
2025-08-18 16:24:56,913 [INFO] ApplicationProperties:181 - Using Application install path: /opt/st/stm32cubeide_1.11.0/plugins/com.st.stm32cube.common.mx_6.7.0.202211181646
2025-08-18 16:24:56,915 [INFO] PluginManage:193 - Search for loadable plugins [exclusion list=, ]
2025-08-18 16:24:56,918 [INFO] PluginManage:307 - Check plugin analytics
2025-08-18 16:24:57,058 [INFO] AnalyticsPlugin:262 - Accepted Software Licenses: 
2025-08-18 16:24:57,058 [INFO] AnalyticsPlugin:264 - Accepted CMSIS Pack Licenses: 
2025-08-18 16:24:57,059 [INFO] AnalyticsPlugin:266 - Accepted Firmware Licenses: FW.F4.1.27.0
2025-08-18 16:24:57,064 [INFO] PluginManage:356 - Loaded plugin analytics (category:tool,tabindex:-1)
2025-08-18 16:24:57,065 [INFO] PluginManage:307 - Check plugin cadmodel
2025-08-18 16:24:57,104 [INFO] CADModel:104 - Init CAD model plugin
2025-08-18 16:24:57,104 [INFO] PluginManage:356 - Loaded plugin cadmodel (category:power,tabindex:5)
2025-08-18 16:24:57,105 [INFO] PluginManage:307 - Check plugin clock
2025-08-18 16:24:57,118 [INFO] PluginManage:356 - Loaded plugin clock (category:base,tabindex:2)
2025-08-18 16:24:57,119 [INFO] PluginManage:307 - Check plugin ddr
2025-08-18 16:24:57,122 [INFO] PluginManage:356 - Loaded plugin ddr (category:tool,tabindex:6)
2025-08-18 16:24:57,122 [INFO] PluginManage:307 - Check plugin filemanager
2025-08-18 16:24:57,304 [INFO] PluginManage:356 - Loaded plugin filemanager (category:base,tabindex:10)
2025-08-18 16:24:57,304 [INFO] PluginManage:307 - Check plugin ipmanager
2025-08-18 16:24:57,314 [INFO] PluginManage:356 - Loaded plugin ipmanager (category:base,tabindex:5)
2025-08-18 16:24:57,315 [INFO] PluginManage:307 - Check plugin lpbam
2025-08-18 16:24:57,332 [INFO] PluginManage:356 - Loaded plugin lpbam (category:base,tabindex:0)
2025-08-18 16:24:57,332 [INFO] PluginManage:307 - Check plugin pinoutandconfiguration
2025-08-18 16:24:57,341 [INFO] PluginManage:356 - Loaded plugin pinoutandconfiguration (category:base,tabindex:1)
2025-08-18 16:24:57,341 [INFO] PluginManage:307 - Check plugin pinoutconfig
2025-08-18 16:24:57,370 [INFO] PluginManage:356 - Loaded plugin pinoutconfig (category:base,tabindex:0)
2025-08-18 16:24:57,371 [INFO] PluginManage:307 - Check plugin power
2025-08-18 16:24:57,382 [INFO] PluginManage:356 - Loaded plugin power (category:power,tabindex:4)
2025-08-18 16:24:57,382 [INFO] PluginManage:307 - Check plugin projectmanager
2025-08-18 16:24:57,401 [INFO] PluginManage:356 - Loaded plugin projectmanager (category:projectmanager,tabindex:3)
2025-08-18 16:24:57,402 [INFO] PluginManage:307 - Check plugin thirdparty
2025-08-18 16:24:57,517 [WARN] IntegrityCheckThread:82 - waiting for thirdparty lock release [integrity check]
2025-08-18 16:24:57,517 [INFO] PluginManage:356 - Loaded plugin thirdparty (category:base,tabindex:-1)
2025-08-18 16:24:57,518 [INFO] IntegrityCheckThread:84 - entering critical section [integrity check]
2025-08-18 16:24:57,518 [INFO] PluginManage:307 - Check plugin tools
2025-08-18 16:24:57,519 [INFO] ThirdPartyUpdaterWithRetryManager:70 - Updater plugin not ready yet. [1/15]
2025-08-18 16:24:57,520 [INFO] PluginManage:356 - Loaded plugin tools (category:base,tabindex:7)
2025-08-18 16:24:57,520 [INFO] PluginManage:307 - Check plugin tutovideos
2025-08-18 16:24:57,716 [INFO] PluginManage:356 - Loaded plugin tutovideos (category:base,tabindex:-1)
2025-08-18 16:24:57,717 [INFO] PluginManage:307 - Check plugin updater
2025-08-18 16:24:57,732 [INFO] PluginManage:356 - Loaded plugin updater (category:base,tabindex:12)
2025-08-18 16:24:57,733 [INFO] PluginManage:280 - PluginManage : Loaded plugins [15]
2025-08-18 16:24:57,984 [INFO] PinOutPanel:1477 - setPackage(No Configuration,No Configuration)
2025-08-18 16:24:58,050 [INFO] CADModel:164 - CPN selected for project level
2025-08-18 16:24:58,051 [INFO] CADModel:113 - Register for checkConnection events
2025-08-18 16:24:58,062 [INFO] IPUIPlugin:79 - create IPUIPlugin
2025-08-18 16:24:58,063 [INFO] PluginManager:219 - loadIPPluginJar : add ltdc
2025-08-18 16:24:58,066 [INFO] IPUIPlugin:79 - create IPUIPlugin
2025-08-18 16:24:58,066 [INFO] PluginManager:219 - loadIPPluginJar : add dfsdm
2025-08-18 16:24:58,074 [INFO] IPUIPlugin:79 - create IPUIPlugin
2025-08-18 16:24:58,075 [INFO] PluginManager:219 - loadIPPluginJar : add mdma
2025-08-18 16:24:58,077 [INFO] IPUIPlugin:79 - create IPUIPlugin
2025-08-18 16:24:58,078 [INFO] PluginManager:219 - loadIPPluginJar : add tsc
2025-08-18 16:24:58,085 [INFO] IPUIPlugin:79 - create IPUIPlugin
2025-08-18 16:24:58,085 [INFO] PluginManager:219 - loadIPPluginJar : add ipddr
2025-08-18 16:24:58,090 [INFO] IPUIPlugin:79 - create IPUIPlugin
2025-08-18 16:24:58,090 [INFO] PluginManager:219 - loadIPPluginJar : add opamp
2025-08-18 16:24:58,093 [INFO] IPUIPlugin:79 - create IPUIPlugin
2025-08-18 16:24:58,093 [INFO] PluginManager:219 - loadIPPluginJar : add can
2025-08-18 16:24:58,096 [INFO] IPUIPlugin:79 - create IPUIPlugin
2025-08-18 16:24:58,096 [INFO] PluginManager:219 - loadIPPluginJar : add dma3
2025-08-18 16:24:58,099 [INFO] IPUIPlugin:79 - create IPUIPlugin
2025-08-18 16:24:58,099 [INFO] PluginManager:219 - loadIPPluginJar : add gtzc
2025-08-18 16:24:58,101 [INFO] IPUIPlugin:79 - create IPUIPlugin
2025-08-18 16:24:58,101 [INFO] PluginManager:219 - loadIPPluginJar : add tim
2025-08-18 16:24:58,108 [INFO] IPUIPlugin:79 - create IPUIPlugin
2025-08-18 16:24:58,109 [INFO] PluginManager:219 - loadIPPluginJar : add freertos
2025-08-18 16:24:58,114 [INFO] IPUIPlugin:79 - create IPUIPlugin
2025-08-18 16:24:58,114 [INFO] PluginManager:219 - loadIPPluginJar : add fmc
2025-08-18 16:24:58,117 [INFO] IPUIPlugin:79 - create IPUIPlugin
2025-08-18 16:24:58,117 [INFO] PluginManager:219 - loadIPPluginJar : add tracer_emb
2025-08-18 16:24:58,122 [INFO] IPUIPlugin:79 - create IPUIPlugin
2025-08-18 16:24:58,123 [INFO] PluginManager:219 - loadIPPluginJar : add nvic
2025-08-18 16:24:58,125 [INFO] IPUIPlugin:79 - create IPUIPlugin
2025-08-18 16:24:58,125 [INFO] PluginManager:219 - loadIPPluginJar : add ts
2025-08-18 16:24:58,131 [INFO] IPUIPlugin:79 - create IPUIPlugin
2025-08-18 16:24:58,131 [INFO] PluginManager:219 - loadIPPluginJar : add gpio
2025-08-18 16:24:58,138 [INFO] IPUIPlugin:79 - create IPUIPlugin
2025-08-18 16:24:58,139 [INFO] PluginManager:219 - loadIPPluginJar : add dma
2025-08-18 16:24:58,147 [INFO] IPUIPlugin:79 - create IPUIPlugin
2025-08-18 16:24:58,150 [INFO] PluginManager:219 - loadIPPluginJar : add plateformsettings
2025-08-18 16:24:58,154 [INFO] IPUIPlugin:79 - create IPUIPlugin
2025-08-18 16:24:58,154 [INFO] PluginManager:219 - loadIPPluginJar : add sai
2025-08-18 16:24:58,156 [INFO] IPUIPlugin:79 - create IPUIPlugin
2025-08-18 16:24:58,156 [INFO] PluginManager:219 - loadIPPluginJar : add comp
2025-08-18 16:24:58,159 [INFO] IPUIPlugin:79 - create IPUIPlugin
2025-08-18 16:24:58,159 [INFO] PluginManager:219 - loadIPPluginJar : add gfxmmu
2025-08-18 16:24:58,161 [INFO] IPUIPlugin:79 - create IPUIPlugin
2025-08-18 16:24:58,161 [INFO] PluginManager:219 - loadIPPluginJar : add quadspi
2025-08-18 16:24:58,167 [INFO] IPUIPlugin:79 - create IPUIPlugin
2025-08-18 16:24:58,167 [INFO] PluginManager:219 - loadIPPluginJar : add gic
2025-08-18 16:24:58,170 [INFO] IPUIPlugin:79 - create IPUIPlugin
2025-08-18 16:24:58,171 [INFO] PluginManager:219 - loadIPPluginJar : add usart
2025-08-18 16:24:58,174 [INFO] IPUIPlugin:79 - create IPUIPlugin
2025-08-18 16:24:58,174 [INFO] PluginManager:219 - loadIPPluginJar : add aes
2025-08-18 16:24:58,180 [INFO] IPUIPlugin:79 - create IPUIPlugin
2025-08-18 16:24:58,180 [INFO] PluginManager:219 - loadIPPluginJar : add stm32_wpan
2025-08-18 16:24:58,182 [INFO] IPUIPlugin:79 - create IPUIPlugin
2025-08-18 16:24:58,183 [INFO] PluginManager:219 - loadIPPluginJar : add hash
2025-08-18 16:24:58,186 [INFO] IPUIPlugin:79 - create IPUIPlugin
2025-08-18 16:24:58,187 [INFO] PluginManager:219 - loadIPPluginJar : add openamp
2025-08-18 16:24:58,188 [INFO] IPUIPlugin:79 - create IPUIPlugin
2025-08-18 16:24:58,189 [INFO] PluginManager:219 - loadIPPluginJar : add fatfs
2025-08-18 16:24:58,193 [INFO] IPUIPlugin:79 - create IPUIPlugin
2025-08-18 16:24:58,193 [INFO] PluginManager:219 - loadIPPluginJar : add resmgrutility
2025-08-18 16:24:58,195 [INFO] IPUIPlugin:79 - create IPUIPlugin
2025-08-18 16:24:58,195 [INFO] PluginManager:219 - loadIPPluginJar : add ucpd
2025-08-18 16:24:58,198 [INFO] IPUIPlugin:79 - create IPUIPlugin
2025-08-18 16:24:58,199 [INFO] PluginManager:219 - loadIPPluginJar : add i2s
2025-08-18 16:24:58,202 [INFO] IPUIPlugin:79 - create IPUIPlugin
2025-08-18 16:24:58,202 [INFO] PluginManager:219 - loadIPPluginJar : add usbx
2025-08-18 16:24:58,209 [INFO] IPUIPlugin:79 - create IPUIPlugin
2025-08-18 16:24:58,210 [INFO] PluginManager:219 - loadIPPluginJar : add adc
2025-08-18 16:24:58,213 [INFO] IPUIPlugin:79 - create IPUIPlugin
2025-08-18 16:24:58,214 [INFO] PluginManager:219 - loadIPPluginJar : add touchsensing
2025-08-18 16:24:58,222 [INFO] IPUIPlugin:79 - create IPUIPlugin
2025-08-18 16:24:58,223 [INFO] PluginManager:219 - loadIPPluginJar : add linkedlist
2025-08-18 16:24:58,224 [INFO] IPUIPlugin:79 - create IPUIPlugin
2025-08-18 16:24:58,224 [INFO] PluginManager:219 - loadIPPluginJar : add genericplugin
2025-08-18 16:24:58,227 [INFO] IPUIPlugin:79 - create IPUIPlugin
2025-08-18 16:24:58,227 [INFO] PluginManager:219 - loadIPPluginJar : add cryp
2025-08-18 16:24:58,230 [INFO] IPUIPlugin:79 - create IPUIPlugin
2025-08-18 16:24:58,230 [INFO] PluginManager:219 - loadIPPluginJar : add spi
2025-08-18 16:24:58,233 [INFO] IPUIPlugin:79 - create IPUIPlugin
2025-08-18 16:24:58,234 [INFO] PluginManager:219 - loadIPPluginJar : add pdm2pcm
2025-08-18 16:24:58,237 [INFO] IPUIPlugin:79 - create IPUIPlugin
2025-08-18 16:24:58,237 [INFO] PluginManager:219 - loadIPPluginJar : add i2c
2025-08-18 16:24:58,240 [INFO] IPUIPlugin:79 - create IPUIPlugin
2025-08-18 16:24:58,240 [INFO] PluginManager:219 - loadIPPluginJar : add lorawan
2025-08-18 16:24:58,357 [INFO] CADModel:164 - CPN selected for project level
2025-08-18 16:24:58,358 [INFO] CADModel:113 - Register for checkConnection events
2025-08-18 16:24:58,358 [FATAL] Updater:308 - Updater called before beeing initialized
2025-08-18 16:24:58,358 [ERROR] CADModel:124 - Updater not yet initialized, retry later 
2025-08-18 16:24:58,494 [INFO] CADModel:164 - CPN selected for project level
2025-08-18 16:24:58,495 [INFO] CADModel:113 - Register for checkConnection events
2025-08-18 16:24:58,495 [FATAL] Updater:308 - Updater called before beeing initialized
2025-08-18 16:24:58,495 [ERROR] CADModel:124 - Updater not yet initialized, retry later 
2025-08-18 16:24:58,498 [FATAL] Updater:308 - Updater called before beeing initialized
2025-08-18 16:24:58,620 [FATAL] Updater:308 - Updater called before beeing initialized
2025-08-18 16:24:58,630 [INFO] DbMcusAds:52 - JSON generation date=Tue Jul 08 13:44:23 IST 2025 (1751962463593)
2025-08-18 16:24:58,630 [FATAL] Updater:308 - Updater called before beeing initialized
2025-08-18 16:24:58,686 [WARN] DetailPanel:344 - Failed to get advertising image, set to default
2025-08-18 16:24:58,798 [FATAL] Updater:308 - Updater called before beeing initialized
2025-08-18 16:24:58,799 [FATAL] Updater:308 - Updater called before beeing initialized
2025-08-18 16:24:58,799 [FATAL] Updater:308 - Updater called before beeing initialized
2025-08-18 16:24:58,799 [WARN] DetailPanel:344 - Failed to get advertising image, set to default
2025-08-18 16:24:58,800 [FATAL] Updater:308 - Updater called before beeing initialized
2025-08-18 16:24:58,834 [ERROR] Updater:1120 - MainUpdater not yet initialized. External WinMGr cannot be set.
2025-08-18 16:24:58,836 [INFO] Updater:1056 - Updater Version found : 6.7.0
2025-08-18 16:24:58,852 [INFO] ApplicationProperties:181 - Using Application install path: /opt/st/stm32cubeide_1.11.0/plugins/com.st.stm32cube.common.mx_6.7.0.202211181646
2025-08-18 16:24:59,296 [INFO] MainUpdater:2800 - connection check result : 10
2025-08-18 16:24:59,298 [INFO] MainUpdater:282 - Updater Check For Update Now.
2025-08-18 16:24:59,298 [INFO] MicroXplorer:481 - Change Database Version : DB.6.0.70
2025-08-18 16:24:59,516 [INFO] MainUpdater:2800 - connection check result : 10
2025-08-18 16:24:59,518 [INFO] CheckServerUpdateThread:119 - End of CheckServer Thread
2025-08-18 16:24:59,523 [INFO] MainUpdater:2800 - connection check result : 10
2025-08-18 16:24:59,578 [INFO] MicroXplorer:451 - Change Database Path : 
2025-08-18 16:24:59,578 [INFO] MicroXplorer:481 - Change Database Version : DB.6.0.70
2025-08-18 16:24:59,580 [WARN] ThirdParty:845 - waiting for thirdparty lock release [close project]
2025-08-18 16:25:00,657 [WARN] PackLoader:242 - Cannot read IP mode file for STMicroelectronics.FP-SNS-MOTENVWB1.1.4.0
2025-08-18 16:25:00,662 [WARN] PackLoader:242 - Cannot read IP mode file for STMicroelectronics.FP-ATR-ASTRA1.2.0.2
2025-08-18 16:25:00,667 [WARN] PackLoader:242 - Cannot read IP mode file for STMicroelectronics.X-CUBE-SMBUS.2.1.0
2025-08-18 16:25:00,669 [ERROR] Engine:467 - /home/boobathi/.stm32cubemx/thirdparties/pdsc/STMicroelectronics.X-CUBE-ST60.1.0.0.pdsc: PDSC version is not supported
2025-08-18 16:25:00,671 [WARN] PackLoader:242 - Cannot read IP mode file for STMicroelectronics.X-CUBE-TOUCHGFX.4.23.0
2025-08-18 16:25:00,673 [WARN] PackLoader:242 - Cannot read IP mode file for STMicroelectronics.X-CUBE-TOUCHGFX.4.23.2
2025-08-18 16:25:00,692 [WARN] PackLoader:242 - Cannot read IP mode file for STMicroelectronics.X-CUBE-AZRTOS-F7.1.1.0
2025-08-18 16:25:00,698 [WARN] PackLoader:242 - Cannot read IP mode file for STMicroelectronics.FP-SNS-MOTENV1.4.3.2
2025-08-18 16:25:00,787 [WARN] PackLoader:242 - Cannot read IP mode file for STMicroelectronics.X-CUBE-MEMS1.11.0.0
2025-08-18 16:25:01,070 [WARN] PackLoader:242 - Cannot read IP mode file for STMicroelectronics.FP-SNS-FLIGHT1.5.0.2
2025-08-18 16:25:01,104 [WARN] PackLoader:242 - Cannot read IP mode file for STMicroelectronics.X-CUBE-AZRTOS-H7.3.4.0
2025-08-18 16:25:01,131 [WARN] PackLoader:242 - Cannot read IP mode file for STMicroelectronics.X-CUBE-BLE1.7.0.0
2025-08-18 16:25:01,142 [WARN] PackLoader:242 - Cannot read IP mode file for STMicroelectronics.X-CUBE-NFC10.1.0.0
2025-08-18 16:25:01,148 [ERROR] Engine:467 - /home/boobathi/.stm32cubemx/thirdparties/pdsc/STMicroelectronics.X-CUBE-BLEMGR.4.0.0.pdsc: PDSC version is not supported
2025-08-18 16:25:01,152 [WARN] PackLoader:242 - Cannot read IP mode file for emotas.I-CUBE-CANOPEN.1.3.0
2025-08-18 16:25:01,154 [ERROR] Engine:467 - /home/boobathi/.stm32cubemx/thirdparties/pdsc/quantropi.X-CUBE-qispace-sdk-base.2.0.0.pdsc: PDSC version is not supported
2025-08-18 16:25:01,179 [WARN] PackLoader:242 - Cannot read IP mode file for STMicroelectronics.X-CUBE-BLEMGR.3.1.0
2025-08-18 16:25:01,186 [ERROR] Engine:467 - /home/boobathi/.stm32cubemx/thirdparties/pdsc/STMicroelectronics.FP-SNS-STBOX1.2.1.0.pdsc: PDSC version is not supported
2025-08-18 16:25:01,187 [ERROR] Engine:467 - /home/boobathi/.stm32cubemx/thirdparties/pdsc/STMicroelectronics.FP-SNS-FLIGHT1.5.1.0.pdsc: PDSC version is not supported
2025-08-18 16:25:01,199 [INFO] LogOutputStream:76 - [STDOUT_REDIRECT] 1 : Invalid condition id : UX_CORESTACK_Condition cause : null
2025-08-18 16:25:01,199 [INFO] LogOutputStream:76 - [STDOUT_REDIRECT] 1 : Invalid condition id : UX_CORESTACK_Condition cause : null
2025-08-18 16:25:01,200 [INFO] LogOutputStream:76 - [STDOUT_REDIRECT] 1 : Invalid condition id : UX_CORESTACK_Condition cause : null
2025-08-18 16:25:01,200 [INFO] LogOutputStream:76 - [STDOUT_REDIRECT] 1 : Invalid condition id : UX_CORESTACK_Condition cause : null
2025-08-18 16:25:01,201 [INFO] LogOutputStream:76 - [STDOUT_REDIRECT] 1 : Invalid condition id : UX_CORESTACK_Condition cause : null
2025-08-18 16:25:01,205 [WARN] PackLoader:242 - Cannot read IP mode file for STMicroelectronics.X-CUBE-AZRTOS-WL.2.0.0
2025-08-18 16:25:01,209 [WARN] PackLoader:242 - Cannot read IP mode file for STMicroelectronics.FP-SNS-MOTENV1.5.0.0
2025-08-18 16:25:01,213 [WARN] PackLoader:242 - Cannot read IP mode file for wolfSSL.I-CUBE-wolfMQTT.1.19.0
2025-08-18 16:25:01,219 [WARN] PackLoader:242 - Cannot read IP mode file for WES.I-CUBE-Cesium.1.3.0
2025-08-18 16:25:01,224 [WARN] PackLoader:242 - Cannot read IP mode file for STMicroelectronics.X-CUBE-BLE2.3.3.0
2025-08-18 16:25:01,232 [WARN] PackLoader:242 - Cannot read IP mode file for STMicroelectronics.X-CUBE-NFC9.1.0.0
2025-08-18 16:25:01,239 [WARN] PackLoader:242 - Cannot read IP mode file for STMicroelectronics.X-CUBE-BLE1.7.1.0
2025-08-18 16:25:01,245 [WARN] PackLoader:242 - Cannot read IP mode file for STMicroelectronics.X-CUBE-TCPP.4.1.0
2025-08-18 16:25:01,254 [WARN] PackLoader:242 - Cannot read IP mode file for STMicroelectronics.X-CUBE-EEPRMA1.5.2.0
2025-08-18 16:25:01,272 [WARN] PackLoader:242 - Cannot read IP mode file for STMicroelectronics.X-CUBE-AI.10.1.0
2025-08-18 16:25:01,281 [WARN] PackLoader:242 - Cannot read IP mode file for STMicroelectronics.X-CUBE-ALGOBUILD.1.3.0
2025-08-18 16:25:01,395 [WARN] PackLoader:242 - Cannot read IP mode file for STMicroelectronics.X-CUBE-MEMS1.11.2.0
2025-08-18 16:25:01,695 [WARN] PackLoader:242 - Cannot read IP mode file for STMicroelectronics.X-CUBE-AZRTOS-G0.1.1.0
2025-08-18 16:25:01,704 [WARN] PackLoader:242 - Cannot read IP mode file for STMicroelectronics.X-CUBE-SAFEA1.1.2.2
2025-08-18 16:25:01,710 [WARN] PackLoader:242 - Cannot read IP mode file for STMicroelectronics.X-CUBE-NFC4.3.0.0
2025-08-18 16:25:01,714 [ERROR] Engine:467 - /home/boobathi/.stm32cubemx/thirdparties/pdsc/EmbeddedOffice.I-CUBE-FS-RTOS.1.0.1.pdsc: PDSC version is not supported
2025-08-18 16:25:01,718 [WARN] PackLoader:242 - Cannot read IP mode file for STMicroelectronics.X-CUBE-WB05N.2.0.0
2025-08-18 16:25:01,729 [WARN] PackLoader:242 - Cannot read IP mode file for STMicroelectronics.X-CUBE-BLEMGR.3.0.0
2025-08-18 16:25:01,750 [ERROR] Engine:467 - /home/boobathi/.stm32cubemx/thirdparties/pdsc/STMicroelectronics.X-CUBE-TCPP.4.2.0.pdsc: PDSC version is not supported
2025-08-18 16:25:01,751 [ERROR] Engine:467 - /home/boobathi/.stm32cubemx/thirdparties/pdsc/RealThread.X-CUBE-RT-Thread_Nano.4.1.1.pdsc: PDSC version is not supported
2025-08-18 16:25:01,754 [WARN] PackLoader:242 - Cannot read IP mode file for STMicroelectronics.FP-ATR-SIGFOX1.3.2.0
2025-08-18 16:25:01,759 [WARN] PackLoader:242 - Cannot read IP mode file for STMicroelectronics.X-CUBE-EEPRMA1.5.1.0
2025-08-18 16:25:01,764 [ERROR] Engine:467 - /home/boobathi/.stm32cubemx/thirdparties/pdsc/STMicroelectronics.X-CUBE-ST67W61.1.0.0.pdsc: PDSC version is not supported
2025-08-18 16:25:01,766 [WARN] PackLoader:242 - Cannot read IP mode file for STMicroelectronics.X-CUBE-AI.10.2.0
2025-08-18 16:25:01,809 [WARN] PackLoader:242 - Cannot read IP mode file for SEGGER.I-CUBE-embOS.1.3.1
2025-08-18 16:25:01,879 [WARN] PackLoader:242 - Cannot read IP mode file for STMicroelectronics.X-CUBE-ALGOBUILD.1.4.0
2025-08-18 16:25:01,962 [WARN] PackLoader:242 - Cannot read IP mode file for STMicroelectronics.X-CUBE-MEMS1.11.3.0
2025-08-18 16:25:02,232 [WARN] PackLoader:242 - Cannot read IP mode file for STMicroelectronics.X-CUBE-PM33A1.1.0.0
2025-08-18 16:25:02,237 [WARN] PackLoader:242 - Cannot read IP mode file for STMicroelectronics.X-CUBE-GNSS1.6.0.0
2025-08-18 16:25:02,256 [WARN] PackLoader:242 - Cannot read IP mode file for STMicroelectronics.X-CUBE-AZRTOS-F4.1.1.0
2025-08-18 16:25:02,262 [ERROR] Engine:467 - /home/boobathi/.stm32cubemx/thirdparties/pdsc/Avnet-IotConnect.X-CUBE-IoTC-DA16k-PMOD.1.0.0.pdsc: PDSC version is not supported
2025-08-18 16:25:02,268 [WARN] PackLoader:242 - Cannot read IP mode file for STMicroelectronics.X-CUBE-ISPU.2.1.0
2025-08-18 16:25:02,273 [WARN] PackLoader:242 - Cannot read IP mode file for STMicroelectronics.X-CUBE-FREERTOS.1.2.0
2025-08-18 16:25:02,279 [WARN] PackLoader:242 - Cannot read IP mode file for wolfSSL.I-CUBE-wolfSSL.5.6.6
2025-08-18 16:25:02,287 [WARN] PackLoader:242 - Cannot read IP mode file for STMicroelectronics.X-CUBE-NFC12.1.0.0
2025-08-18 16:25:02,309 [WARN] PackLoader:242 - Cannot read IP mode file for STMicroelectronics.X-CUBE-AZRTOS-L5.2.0.0
2025-08-18 16:25:02,321 [WARN] PackLoader:242 - Cannot read IP mode file for STMicroelectronics.X-CUBE-NFC6.3.1.0
2025-08-18 16:25:02,326 [WARN] PackLoader:242 - Cannot read IP mode file for ITTIA_DB.I-CUBE-ITTIADB.8.8.0
2025-08-18 16:25:02,364 [WARN] PackLoader:242 - Cannot read IP mode file for STMicroelectronics.X-CUBE-BLEMGR.2.0.0
2025-08-18 16:25:02,374 [ERROR] Engine:467 - /home/boobathi/.stm32cubemx/thirdparties/pdsc/STMicroelectronics.X-CUBE-DPower.1.2.0.pdsc: PDSC version is not supported
2025-08-18 16:25:02,378 [WARN] PackLoader:242 - Cannot read IP mode file for STMicroelectronics.X-CUBE-AI.9.0.0
2025-08-18 16:25:02,389 [WARN] PackLoader:242 - Cannot read IP mode file for STMicroelectronics.X-CUBE-FREERTOS.1.3.1
2025-08-18 16:25:02,401 [WARN] PackLoader:242 - Cannot read IP mode file for STMicroelectronics.X-CUBE-NFC7.1.0.1
2025-08-18 16:25:02,406 [WARN] PackLoader:242 - Cannot read IP mode file for wolfSSL.I-CUBE-wolfTPM.3.2.0
2025-08-18 16:25:02,422 [WARN] PackLoader:242 - Cannot read IP mode file for STMicroelectronics.X-CUBE-NFC6.3.0.0
2025-08-18 16:25:02,430 [WARN] PackLoader:242 - Cannot read IP mode file for STMicroelectronics.X-CUBE-EEPRMA1.4.1.0
2025-08-18 16:25:02,435 [ERROR] Engine:467 - /home/boobathi/.stm32cubemx/thirdparties/pdsc/STMicroelectronics.FP-SNS-STAIOTCFT.1.0.0.pdsc: PDSC version is not supported
2025-08-18 16:25:02,439 [ERROR] Engine:467 - /home/boobathi/.stm32cubemx/thirdparties/pdsc/STMicroelectronics.X-CUBE-DPower.1.3.0.pdsc: PDSC version is not supported
2025-08-18 16:25:02,441 [WARN] PackLoader:242 - Cannot read IP mode file for STMicroelectronics.X-CUBE-AI.8.1.0
2025-08-18 16:25:02,464 [WARN] ConditionMgr:437 - getConditionDescription Invalid condition id : LAN8742 Phy interface Condition cause : null
2025-08-18 16:25:02,466 [WARN] PackLoader:242 - Cannot read IP mode file for STMicroelectronics.X-CUBE-AZRTOS-L4.2.0.0
2025-08-18 16:25:02,468 [WARN] ConditionMgr:1038 - genDependencies : Invalid condition id : LAN8742 Phy interface Condition cause : null
2025-08-18 16:25:02,468 [WARN] ConditionMgr:1038 - genDependencies : Invalid condition id : LAN8742 Phy interface Condition cause : null
2025-08-18 16:25:02,472 [WARN] ConditionMgr:1038 - genDependencies : Invalid condition id : LAN8742 Phy interface Condition cause : null
2025-08-18 16:25:02,480 [WARN] PackLoader:242 - Cannot read IP mode file for STMicroelectronics.X-CUBE-SFXS2LP1.4.0.0
2025-08-18 16:25:02,528 [WARN] PackLoader:242 - Cannot read IP mode file for STMicroelectronics.X-CUBE-AZRTOS-H7.3.3.0
2025-08-18 16:25:02,536 [ERROR] Engine:467 - /home/boobathi/.stm32cubemx/thirdparties/pdsc/STMicroelectronics.X-CUBE-BLEMGR.4.1.0.pdsc: PDSC version is not supported
2025-08-18 16:25:02,543 [WARN] ConditionMgr:437 - getConditionDescription Invalid condition id : UX DEVICE CLASS RTOS Condition cause : null
2025-08-18 16:25:02,543 [WARN] ConditionMgr:437 - getConditionDescription Invalid condition id : UX DEVICE CLASS RTOS Condition cause : null
2025-08-18 16:25:02,545 [WARN] PackLoader:242 - Cannot read IP mode file for STMicroelectronics.X-CUBE-AZRTOS-WB.2.0.0
2025-08-18 16:25:02,546 [WARN] ConditionMgr:1038 - genDependencies : Invalid condition id : UX DEVICE CLASS RTOS Condition cause : null
2025-08-18 16:25:02,546 [WARN] ConditionMgr:1038 - genDependencies : Invalid condition id : UX DEVICE CLASS RTOS Condition cause : null
2025-08-18 16:25:02,546 [WARN] ConditionMgr:1038 - genDependencies : Invalid condition id : UX DEVICE CLASS RTOS Condition cause : null
2025-08-18 16:25:02,546 [WARN] ConditionMgr:1038 - genDependencies : Invalid condition id : UX DEVICE CLASS RTOS Condition cause : null
2025-08-18 16:25:02,546 [WARN] ConditionMgr:1038 - genDependencies : Invalid condition id : UX DEVICE CLASS RTOS Condition cause : null
2025-08-18 16:25:02,550 [WARN] PackLoader:242 - Cannot read IP mode file for STMicroelectronics.X-CUBE-GNSS1.7.0.1
2025-08-18 16:25:02,553 [WARN] PackLoader:242 - Cannot read IP mode file for STMicroelectronics.X-CUBE-TOUCHGFX.4.25.0
2025-08-18 16:25:02,555 [ERROR] Engine:467 - /home/boobathi/.stm32cubemx/thirdparties/pdsc/STMicroelectronics.FP-SNS-STBOX1.2.0.0.pdsc: PDSC version is not supported
2025-08-18 16:25:02,562 [WARN] PackLoader:242 - Cannot read IP mode file for STMicroelectronics.X-CUBE-SUBG2.5.0.0
2025-08-18 16:25:02,581 [WARN] PackLoader:242 - Cannot read IP mode file for STMicroelectronics.X-CUBE-AZRTOS-H7RS.1.1.0
2025-08-18 16:25:02,609 [WARN] PackLoader:242 - Cannot read IP mode file for STMicroelectronics.X-CUBE-AZRTOS-G4.2.0.0
2025-08-18 16:25:02,629 [WARN] PackLoader:242 - Cannot read IP mode file for Infineon.AIROC-Wi-Fi-Bluetooth-STM32.1.5.1
2025-08-18 16:25:02,642 [WARN] PackLoader:242 - Cannot read IP mode file for STMicroelectronics.X-CUBE-NFC7.2.0.0
2025-08-18 16:25:02,647 [WARN] PackLoader:242 - Cannot read IP mode file for STMicroelectronics.FP-SNS-MOTENVWB1.1.3.1
2025-08-18 16:25:02,652 [WARN] PackLoader:242 - Cannot read IP mode file for STMicroelectronics.X-CUBE-ISPU.2.0.0
2025-08-18 16:25:02,661 [ERROR] Engine:467 - /home/boobathi/.stm32cubemx/thirdparties/pdsc/STMicroelectronics.X-CUBE-IPS.3.1.0.pdsc: PDSC version is not supported
2025-08-18 16:25:02,665 [WARN] PackLoader:242 - Cannot read IP mode file for STMicroelectronics.X-CUBE-ALS.1.0.2
2025-08-18 16:25:02,726 [WARN] PackLoader:242 - Cannot read IP mode file for STMicroelectronics.X-CUBE-MEMS1.10.0.0
2025-08-18 16:25:02,959 [WARN] PackLoader:242 - Cannot read IP mode file for STMicroelectronics.X-CUBE-FREERTOS.1.1.0
2025-08-18 16:25:02,962 [WARN] PackLoader:242 - Cannot read IP mode file for STMicroelectronics.X-CUBE-TOUCHGFX.4.24.0
2025-08-18 16:25:02,966 [WARN] PackLoader:242 - Cannot read IP mode file for portGmbH.I-Cube-SoM-uGOAL.1.1.0
2025-08-18 16:25:02,970 [WARN] PackLoader:242 - Cannot read IP mode file for STMicroelectronics.X-CUBE-ALS.1.0.1
2025-08-18 16:25:02,992 [WARN] PackLoader:242 - Cannot read IP mode file for STMicroelectronics.X-CUBE-AZRTOS-H7RS.1.0.0
2025-08-18 16:25:03,000 [WARN] PackLoader:242 - Cannot read IP mode file for STMicroelectronics.FP-ATR-ASTRA1.2.0.0
2025-08-18 16:25:03,017 [ERROR] Engine:467 - /home/boobathi/.stm32cubemx/thirdparties/pdsc/STMicroelectronics.X-CUBE-TOF1.3.4.2.pdsc: PDSC version is not supported
2025-08-18 16:25:03,025 [ERROR] Engine:467 - /home/boobathi/.stm32cubemx/thirdparties/pdsc/STMicroelectronics.X-CUBE-TOF1.3.4.3.pdsc: PDSC version is not supported
2025-08-18 16:25:03,055 [WARN] PackLoader:242 - Cannot read IP mode file for STMicroelectronics.X-CUBE-TOF1.3.4.0
2025-08-18 16:25:03,071 [WARN] PackLoader:242 - Cannot read IP mode file for STMicroelectronics.X-CUBE-TOF1.3.4.1
2025-08-18 16:25:03,095 [WARN] PackLoader:242 - Cannot read IP mode file for STMicroelectronics.X-CUBE-AZRTOS-H7.3.2.0
2025-08-18 16:25:03,100 [WARN] PackLoader:242 - Cannot read IP mode file for wolfSSL.I-CUBE-wolfSSH.1.4.17
2025-08-18 16:25:03,100 [INFO] ThirdParty:947 - Integrity check success = true
2025-08-18 16:25:03,100 [INFO] IntegrityCheckThread:98 - exiting critical section [integrity check]
2025-08-18 16:25:03,100 [INFO] ThirdParty:847 - entering critical section [close project]
2025-08-18 16:25:03,101 [INFO] IntegrityCheckThread:101 - End integrity checks thread
2025-08-18 16:25:03,102 [INFO] ThirdParty:857 - exiting critical section [close project]
2025-08-18 16:25:03,106 [INFO] PinOutPanel:1477 - setPackage(No Configuration,No Configuration)
2025-08-18 16:25:03,112 [INFO] UtilMem:74 - Begin LoadConfig() Used Memory: 729358080 Bytes (792723456)
2025-08-18 16:25:03,114 [INFO] MicroXplorer:451 - Change Database Path : 
2025-08-18 16:25:03,114 [INFO] MicroXplorer:481 - Change Database Version : DB.6.0.70
2025-08-18 16:25:03,114 [INFO] OpenFileManager:307 - Change cursor
2025-08-18 16:25:03,181 [INFO] Mcu:1925 - Initializing MCU STM32F446R(C-E)Tx STM32F446RETx STM32F446RET6
2025-08-18 16:25:05,241 [INFO] Context:654 - Trying to add GPIOservice into a context  which must be forbidden
2025-08-18 16:25:06,171 [INFO] RtosManager:489 - Registered RTOS mode: class=CMSIS, group=RTOS, mode=CMSIS_V1, owner=FREERTOS
2025-08-18 16:25:06,171 [INFO] RtosManager:489 - Registered RTOS mode: class=CMSIS, group=RTOS2, mode=CMSIS_V2, owner=FREERTOS
2025-08-18 16:25:06,171 [INFO] RtosManager:489 - Registered RTOS mode: class=RTOS, group=Core, mode=CMSIS_V1, owner=FREERTOS
2025-08-18 16:25:06,171 [INFO] RtosManager:489 - Registered RTOS mode: class=RTOS, group=Core, mode=CMSIS_V2, owner=FREERTOS
2025-08-18 16:25:06,172 [WARN] ModelIntegratedComponent:185 - Missing modes for component STMicroelectronics:FreeRTOS:0.0.1:STMicroelectronics:RTOS:FreeRTOS:Core:::10.2.0:
2025-08-18 16:25:06,178 [WARN] ModelIntegratedComponent:64 - No mode defined for component null
2025-08-18 16:25:06,179 [WARN] ModelIntegratedComponent:64 - No mode defined for component null
2025-08-18 16:25:06,179 [WARN] ModelIntegratedComponent:64 - No mode defined for component null
2025-08-18 16:25:06,179 [WARN] ModelIntegratedComponent:64 - No mode defined for component null
2025-08-18 16:25:06,179 [WARN] ModelIntegratedComponent:64 - No mode defined for component null
2025-08-18 16:25:06,179 [WARN] ModelIntegratedComponent:64 - No mode defined for component null
2025-08-18 16:25:06,179 [WARN] ModelIntegratedComponent:64 - No mode defined for component null
2025-08-18 16:25:06,179 [WARN] ModelIntegratedComponent:64 - No mode defined for component null
2025-08-18 16:25:06,179 [WARN] ModelIntegratedComponent:64 - No mode defined for component null
2025-08-18 16:25:06,179 [WARN] ModelIntegratedComponent:64 - No mode defined for component null
2025-08-18 16:25:06,179 [WARN] ModelIntegratedComponent:64 - No mode defined for component null
2025-08-18 16:25:06,179 [WARN] ModelIntegratedComponent:64 - No mode defined for component null
2025-08-18 16:25:06,179 [WARN] ModelIntegratedComponent:64 - No mode defined for component null
2025-08-18 16:25:06,180 [WARN] ModelIntegratedComponent:64 - No mode defined for component null
2025-08-18 16:25:06,180 [WARN] ModelIntegratedComponent:64 - No mode defined for component null
2025-08-18 16:25:06,180 [WARN] ModelIntegratedComponent:64 - No mode defined for component null
2025-08-18 16:25:06,180 [WARN] ModelIntegratedComponent:64 - No mode defined for component null
2025-08-18 16:25:06,180 [WARN] ModelIntegratedComponent:64 - No mode defined for component null
2025-08-18 16:25:06,180 [WARN] ModelIntegratedComponent:64 - No mode defined for component null
2025-08-18 16:25:06,180 [WARN] ModelIntegratedComponent:64 - No mode defined for component null
2025-08-18 16:25:06,180 [WARN] ModelIntegratedComponent:64 - No mode defined for component null
2025-08-18 16:25:06,180 [WARN] ModelIntegratedComponent:64 - No mode defined for component null
2025-08-18 16:25:06,180 [WARN] ModelIntegratedComponent:64 - No mode defined for component null
2025-08-18 16:25:06,180 [WARN] ModelIntegratedComponent:64 - No mode defined for component null
2025-08-18 16:25:06,180 [WARN] ModelIntegratedComponent:64 - No mode defined for component null
2025-08-18 16:25:06,181 [WARN] ModelIntegratedComponent:64 - No mode defined for component null
2025-08-18 16:25:06,181 [WARN] ModelIntegratedComponent:64 - No mode defined for component null
2025-08-18 16:25:06,181 [WARN] ModelIntegratedComponent:64 - No mode defined for component null
2025-08-18 16:25:06,181 [WARN] ModelIntegratedComponent:64 - No mode defined for component null
2025-08-18 16:25:06,181 [WARN] ModelIntegratedComponent:64 - No mode defined for component null
2025-08-18 16:25:06,181 [WARN] ModelIntegratedComponent:64 - No mode defined for component null
2025-08-18 16:25:06,181 [WARN] ModelIntegratedComponent:64 - No mode defined for component null
2025-08-18 16:25:06,181 [WARN] ModelIntegratedComponent:64 - No mode defined for component null
2025-08-18 16:25:06,551 [INFO] ThirdPartyModel:294 - Start build external matchings
2025-08-18 16:25:08,224 [INFO] ThirdPartyModel:310 - End build external matchings
2025-08-18 16:25:08,262 [INFO] ImportTextPane:193 - (OptionalMessage_ERROR) IP (RCC) : Invalid parameter (48MHZClocksFreq_Value)
2025-08-18 16:25:08,262 [INFO] ImportTextPane:193 - (OptionalMessage_ERROR) IP (RCC) : Invalid parameter (EthernetFreq_Value)
2025-08-18 16:25:08,265 [INFO] ImportTextPane:193 - (OptionalMessage_ERROR) IP (RCC) : Parameter (FLatency) has Id (AdvancedSettings) currently not set
2025-08-18 16:25:08,265 [INFO] ImportTextPane:193 - (OptionalMessage_ERROR) IP (RCC) : Invalid parameter (FamilyName)
2025-08-18 16:25:08,265 [INFO] ImportTextPane:193 - (OptionalMessage_ERROR) IP (RCC) : Invalid parameter (I2SClocksFreq_Value)
2025-08-18 16:25:08,266 [INFO] ImportTextPane:193 - (OptionalMessage_ERROR) IP (RCC) : Parameter (SDIOFreq_Value) has invalid value (168000000)
2025-08-18 16:25:08,266 [INFO] ImportTextPane:193 - (OptionalMessage_ERROR) IP (RCC) : Parameter (USBFreq_Value) has invalid value (168000000)
2025-08-18 16:25:08,267 [INFO] ImportTextPane:193 - (OptionalMessage_ERROR) IP (RCC) : Invalid parameter (VCOInputMFreq_Value)
2025-08-18 16:25:08,267 [INFO] ImportTextPane:193 - (OptionalMessage_ERROR) IP (RCC) : Invalid parameter (VcooutputI2S)
2025-08-18 16:25:08,499 [INFO] UtilMem:74 - End LoadConfig() Used Memory: 744227416 Bytes (858783744)
2025-08-18 16:25:08,586 [INFO] ApiDb:580 - Connected to CubeFinder SQLite database (/home/boobathi/.stmcufinder/plugins/mcufinder/mcu/cube-finder-db.db)
2025-08-18 16:25:08,696 [INFO] ApiDb:667 - CubeFinder database Data Model version=2.1
2025-08-18 16:25:08,696 [INFO] ApiDb:668 - CubeFinder database Configuration version=3.0.39
2025-08-18 16:25:08,697 [INFO] ApiDb:669 - CubeFinder database generation date=2025-07-24 (1753349077)
2025-08-18 16:25:08,697 [INFO] ApiDb:670 - CubeFinder database FW Pack versions=[FP-ATR-ASTRA1_V2.0.0, FP-SNS-FLIGHT1_V5.1.0, FP-SNS-MOTENV1_V5.0.0, FP-SNS-MOTENVWB1_V1.4.0, FP-SNS-SMARTAG2_V1.2.0, FP-SNS-STBOX1_V2.0.0, STM32Cube_FW_C0_V1.4.0, STM32Cube_FW_F4_V1.28.2, STM32Cube_FW_F7_V1.17.3, STM32Cube_FW_G0_V1.6.2, STM32Cube_FW_G4_V1.6.1, STM32Cube_FW_H5_V1.5.0, STM32Cube_FW_H7RS_V1.2.0, STM32Cube_FW_H7_V1.12.1, STM32Cube_FW_L0_V1.12.2, STM32Cube_FW_L4_V1.18.1, STM32Cube_FW_L5_V1.5.1, STM32Cube_FW_N6_V1.2.0, STM32Cube_FW_U0_V1.3.0, STM32Cube_FW_U3_V1.2.0, STM32Cube_FW_U5_V1.8.0, STM32Cube_FW_WB0_V1.3.0, STM32Cube_FW_WBA_V1.7.0, STM32Cube_FW_WB_V1.23.0, STM32Cube_FW_WL3_V1.2.0, STM32Cube_FW_WL_V1.3.1, X-CUBE-ALGOBUILD_V1.4.0, X-CUBE-ALS_V1.0.2, X-CUBE-AZRTOS-F4_V1.1.0, X-CUBE-AZRTOS-F7_V1.1.0, X-CUBE-AZRTOS-G0_V1.1.0, X-CUBE-AZRTOS-G4_V2.0.0, X-CUBE-AZRTOS-H7RS_V1.1.0, X-CUBE-AZRTOS-H7_V3.4.0, X-CUBE-AZRTOS-L4_V2.0.0, X-CUBE-AZRTOS-L5_V2.0.0, X-CUBE-AZRTOS-WB_V2.0.0, X-CUBE-AZRTOS-WL_V2.0.0, X-CUBE-BLE1_V7.1.0, X-CUBE-BLE2_V3.3.0, X-CUBE-BLEMGR_V4.1.0, X-CUBE-EEPRMA1_V5.2.0, X-CUBE-FREERTOS_V1.3.1, X-CUBE-GNSS1_V6.0.0, X-CUBE-MEMS1_V11.3.0, X-CUBE-NFC4_V3.0.0, X-CUBE-NFC7_V2.0.0, X-CUBE-SFXS2LP1_V4.0.0, X-CUBE-ST67W61_V1.0.0, X-CUBE-SUBG2_V5.0.0, X-CUBE-TOF1_V3.4.3]
2025-08-18 16:25:11,127 [INFO] ApiDb:239 - Found 143 in-development CPN: [B-WB1M-WPAN1, B-WL5M-SUBG1, NUCLEO-C031C6, STEVAL-PROTEUS1, STEVAL-STWINBX1, STM320518-EVAL, STM32C0116-DK, STM32C011D6Y3TR, STM32C011D6Y6TR, STM32C011F4P3, STM32C011F4P6, STM32C011F4U3, STM32C011F4U6TR, STM32C011F6P3, STM32C011F6P6, STM32C011F6U3, STM32C011F6U6TR, STM32C011J4M3, STM32C011J4M6, STM32C011J6M3, STM32C011J6M6, STM32C0316-DK, STM32C031C4T3, STM32C031C4T6, STM32C031C4U3, STM32C031C4U6, STM32C031C6T3, STM32C031C6T6, STM32C031C6U3, STM32C031C6U6, STM32C031F4P3, STM32C031F4P6, STM32C031F6P3, STM32C031F6P6, STM32C031G4U3, STM32C031G4U6, STM32C031G6U3, STM32C031G6U6, STM32C031K4T3, STM32C031K4T6, STM32C031K4U3, STM32C031K4U6, STM32C031K6T3, STM32C031K6T6, STM32C031K6U3, STM32C031K6U6, STM32G071K8TXN, STM32G071K8UXN, STM32G081GBU6N, STM32G081KBT6N, STM32G081KBUXN, STM32G0B1CCT6N, STM32G0B1KCT6, STM32G0B1NEY6TR, STM32G0B1RCT6N, STM32G0C1CCT6, STM32G0C1CCT6N, STM32G0C1CCU6N, STM32G0C1CET6N, STM32G0C1CEU6N, STM32G0C1KCT6, STM32G0C1NEY6TR, STM32G0C1RCI6N, STM32G0C1RCT6N, STM32G0C1REI6N, STM32G0C1RET6N, STM32G0C1VCI6, STM32G0C1VEI6, STM32G471CCT6, STM32G471CCU6, STM32G471CET3, STM32G471CET6, STM32G471CEU3, STM32G471CEU6, STM32G471MCT6, STM32G471MET3, STM32G471MET6, STM32G471MEY6TR, STM32G471QCT6, STM32G471QET3, STM32G471RCT6, STM32G471RET3, STM32G471RET6, STM32G471VCH6, STM32G471VCI6, STM32G471VCT6, STM32G471VEH3, STM32G471VEH6, STM32G471VEI3, STM32G471VEI6, STM32G471VET3, STM32G471VET6, STM32G474CCT6, STM32L476VGY6PTR, STM32L4R5QGI6STR, STM32MP131AAE3, STM32MP131AAF3, STM32MP131AAG3, STM32MP131CAE3, STM32MP131CAF3, STM32MP131CAG3, STM32MP131DAE7, STM32MP131DAF7, STM32MP131DAG7, STM32MP131FAE7, STM32MP131FAF7, STM32MP131FAG7, STM32MP133AAE3, STM32MP133AAF3, STM32MP133AAG3, STM32MP133CAE3, STM32MP133CAF3, STM32MP133CAG3, STM32MP133DAE7, STM32MP133DAF7, STM32MP133DAG7, STM32MP133FAE7, STM32MP133FAF7, STM32MP133FAG7, STM32MP135AAE3, STM32MP135AAF3, STM32MP135AAG3, STM32MP135CAE3, STM32MP135CAF3, STM32MP135CAG3, STM32MP135DAE7, STM32MP135DAF7, STM32MP135DAG7, STM32MP135F-DK, STM32MP135FAE7, STM32MP135FAF7, STM32MP135FAF7T, STM32MP135FAF7U, STM32MP135FAG7, STM32U595ZJT6Q, STM32U599BJY6QTR, STM32U599NIH6Q, STM32U599NJH6Q, STM32U5A5ZJT6Q, STM32U5A9BJY6QTR, STM32U5A9NJH6Q, STM32WB1MMCH6, STM32WL5MOCH6TR]
2025-08-18 16:25:11,131 [INFO] DbMcus:215 - Found 4709 MCUs, 4709 are supported
2025-08-18 16:25:11,133 [INFO] ApiDb:422 - Load user favorites file /home/boobathi/.stm32cubeide/favorites.mcus.txt: 0 item(s)
2025-08-18 16:25:11,133 [INFO] ApiDb:426 - User favorites MCUs=[]
2025-08-18 16:25:11,133 [INFO] DbMcus:221 - Set 0 / 0 favorites MCUs
2025-08-18 16:25:11,675 [WARN] ThirdParty:807 - waiting for thirdparty lock release [change project]
2025-08-18 16:25:11,675 [INFO] ThirdParty:809 - entering critical section [change project]
2025-08-18 16:25:11,676 [INFO] ThirdParty:999 - CMSIS Pack Vendor :STMicroelectronics X-CUBE-PM33A1 1.0.0
2025-08-18 16:25:11,676 [INFO] ThirdParty:999 - CMSIS Pack Vendor :STMicroelectronics X-CUBE-GNSS1 6.0.0
2025-08-18 16:25:11,676 [INFO] ThirdParty:999 - CMSIS Pack Vendor :STMicroelectronics USB_HOST 2.0.0
2025-08-18 16:25:11,676 [INFO] ThirdParty:999 - CMSIS Pack Vendor :STMicroelectronics FP-SNS-MOTENVWB1 1.4.0
2025-08-18 16:25:11,676 [INFO] ThirdParty:999 - CMSIS Pack Vendor :STMicroelectronics X-CUBE-AZRTOS-F4 1.1.0
2025-08-18 16:25:11,676 [INFO] ThirdParty:999 - CMSIS Pack Vendor :STMicroelectronics LIBJPEG 8.0.0
2025-08-18 16:25:11,676 [INFO] ThirdParty:999 - CMSIS Pack Vendor :STMicroelectronics FP-ATR-ASTRA1 2.0.2
2025-08-18 16:25:11,676 [INFO] ThirdParty:999 - CMSIS Pack Vendor :STMicroelectronics X-CUBE-SMBUS 2.1.0
2025-08-18 16:25:11,676 [INFO] ThirdParty:999 - CMSIS Pack Vendor :STMicroelectronics X-CUBE-ISPU 2.1.0
2025-08-18 16:25:11,676 [INFO] ThirdParty:999 - CMSIS Pack Vendor :STMicroelectronics X-CUBE-FREERTOS 1.2.0
2025-08-18 16:25:11,676 [INFO] ThirdParty:999 - CMSIS Pack Vendor :wolfSSL I-CUBE-wolfSSL 5.6.6
2025-08-18 16:25:11,676 [INFO] ThirdParty:999 - CMSIS Pack Vendor :STMicroelectronics X-CUBE-TOUCHGFX 4.23.0
2025-08-18 16:25:11,676 [INFO] ThirdParty:999 - CMSIS Pack Vendor :STMicroelectronics X-CUBE-NFC12 1.0.0
2025-08-18 16:25:11,676 [INFO] ThirdParty:999 - CMSIS Pack Vendor :STMicroelectronics X-CUBE-TOUCHGFX 4.23.2
2025-08-18 16:25:11,676 [INFO] ThirdParty:999 - CMSIS Pack Vendor :STMicroelectronics X-CUBE-AZRTOS-F7 1.1.0
2025-08-18 16:25:11,676 [INFO] ThirdParty:999 - CMSIS Pack Vendor :STMicroelectronics X-CUBE-AZRTOS-L5 2.0.0
2025-08-18 16:25:11,676 [INFO] ThirdParty:999 - CMSIS Pack Vendor :STMicroelectronics USB_DEVICE 2.0.0
2025-08-18 16:25:11,676 [INFO] ThirdParty:999 - CMSIS Pack Vendor :STMicroelectronics X-CUBE-NFC6 3.1.0
2025-08-18 16:25:11,676 [INFO] ThirdParty:999 - CMSIS Pack Vendor :ITTIA_DB I-CUBE-ITTIADB 8.8.0
2025-08-18 16:25:11,676 [INFO] ThirdParty:999 - CMSIS Pack Vendor :STMicroelectronics FP-SNS-MOTENV1 4.3.2
2025-08-18 16:25:11,676 [INFO] ThirdParty:999 - CMSIS Pack Vendor :STMicroelectronics X-CUBE-MEMS1 11.0.0
2025-08-18 16:25:11,676 [INFO] ThirdParty:999 - CMSIS Pack Vendor :STMicroelectronics FreeRTOS 0.0.1
2025-08-18 16:25:11,676 [INFO] ThirdParty:999 - CMSIS Pack Vendor :STMicroelectronics X-CUBE-BLEMGR 2.0.0
2025-08-18 16:25:11,676 [INFO] ThirdParty:999 - CMSIS Pack Vendor :STMicroelectronics FP-SNS-FLIGHT1 5.0.2
2025-08-18 16:25:11,676 [INFO] ThirdParty:999 - CMSIS Pack Vendor :STMicroelectronics X-CUBE-AI 9.0.0
2025-08-18 16:25:11,676 [INFO] ThirdParty:999 - CMSIS Pack Vendor :STMicroelectronics PDM2PCM 3.3.0
2025-08-18 16:25:11,677 [INFO] ThirdParty:999 - CMSIS Pack Vendor :STMicroelectronics X-CUBE-AZRTOS-H7 3.4.0
2025-08-18 16:25:11,677 [INFO] ThirdParty:999 - CMSIS Pack Vendor :STMicroelectronics X-CUBE-BLE1 7.0.0
2025-08-18 16:25:11,677 [INFO] ThirdParty:999 - CMSIS Pack Vendor :STMicroelectronics X-CUBE-NFC10 1.0.0
2025-08-18 16:25:11,677 [INFO] ThirdParty:999 - CMSIS Pack Vendor :STMicroelectronics X-CUBE-FREERTOS 1.3.1
2025-08-18 16:25:11,677 [INFO] ThirdParty:999 - CMSIS Pack Vendor :STMicroelectronics HAL Drivers 0.0.0
2025-08-18 16:25:11,677 [INFO] ThirdParty:999 - CMSIS Pack Vendor :emotas I-CUBE-CANOPEN 1.3.0
2025-08-18 16:25:11,677 [INFO] ThirdParty:999 - CMSIS Pack Vendor :STMicroelectronics X-CUBE-NFC7 1.0.1
2025-08-18 16:25:11,677 [INFO] ThirdParty:999 - CMSIS Pack Vendor :STMicroelectronics MBEDTLS 2.14.1
2025-08-18 16:25:11,677 [INFO] ThirdParty:999 - CMSIS Pack Vendor :wolfSSL I-CUBE-wolfTPM 3.2.0
2025-08-18 16:25:11,677 [INFO] ThirdParty:999 - CMSIS Pack Vendor :STMicroelectronics X-CUBE-NFC6 3.0.0
2025-08-18 16:25:11,677 [INFO] ThirdParty:999 - CMSIS Pack Vendor :STMicroelectronics X-CUBE-EEPRMA1 4.1.0
2025-08-18 16:25:11,677 [INFO] ThirdParty:999 - CMSIS Pack Vendor :STMicroelectronics X-CUBE-BLEMGR 3.1.0
2025-08-18 16:25:11,677 [INFO] ThirdParty:999 - CMSIS Pack Vendor :STMicroelectronics X-CUBE-AZRTOS-WL 2.0.0
2025-08-18 16:25:11,677 [INFO] ThirdParty:999 - CMSIS Pack Vendor :STMicroelectronics FP-SNS-MOTENV1 5.0.0
2025-08-18 16:25:11,677 [INFO] ThirdParty:999 - CMSIS Pack Vendor :STMicroelectronics USB_DEVICE 1.0.0
2025-08-18 16:25:11,677 [INFO] ThirdParty:999 - CMSIS Pack Vendor :STMicroelectronics X-CUBE-AI 8.1.0
2025-08-18 16:25:11,677 [INFO] ThirdParty:999 - CMSIS Pack Vendor :wolfSSL I-CUBE-wolfMQTT 1.19.0
2025-08-18 16:25:11,677 [INFO] ThirdParty:999 - CMSIS Pack Vendor :STMicroelectronics X-CUBE-AZRTOS-L4 2.0.0
2025-08-18 16:25:11,677 [INFO] ThirdParty:999 - CMSIS Pack Vendor :STMicroelectronics ThreadX 0.0.2
2025-08-18 16:25:11,677 [INFO] ThirdParty:999 - CMSIS Pack Vendor :WES I-CUBE-Cesium 1.3.0
2025-08-18 16:25:11,677 [INFO] ThirdParty:999 - CMSIS Pack Vendor :STMicroelectronics lwIP 2.1.2
2025-08-18 16:25:11,677 [INFO] ThirdParty:999 - CMSIS Pack Vendor :STMicroelectronics X-CUBE-SFXS2LP1 4.0.0
2025-08-18 16:25:11,677 [INFO] ThirdParty:999 - CMSIS Pack Vendor :STMicroelectronics X-CUBE-BLE2 3.3.0
2025-08-18 16:25:11,677 [INFO] ThirdParty:999 - CMSIS Pack Vendor :STMicroelectronics PDM2PCM 3.2.0
2025-08-18 16:25:11,677 [INFO] ThirdParty:999 - CMSIS Pack Vendor :STMicroelectronics X-CUBE-AZRTOS-H7 3.3.0
2025-08-18 16:25:11,677 [INFO] ThirdParty:999 - CMSIS Pack Vendor :STMicroelectronics X-CUBE-NFC9 1.0.0
2025-08-18 16:25:11,677 [INFO] ThirdParty:999 - CMSIS Pack Vendor :STMicroelectronics X-CUBE-BLE1 7.1.0
2025-08-18 16:25:11,677 [INFO] ThirdParty:999 - CMSIS Pack Vendor :STMicroelectronics USB_DEVICE 3.0.0
2025-08-18 16:25:11,677 [INFO] ThirdParty:999 - CMSIS Pack Vendor :STMicroelectronics X-CUBE-TCPP 4.1.0
2025-08-18 16:25:11,677 [INFO] ThirdParty:999 - CMSIS Pack Vendor :STMicroelectronics X-CUBE-EEPRMA1 5.2.0
2025-08-18 16:25:11,677 [INFO] ThirdParty:999 - CMSIS Pack Vendor :STMicroelectronics X-CUBE-AZRTOS-WB 2.0.0
2025-08-18 16:25:11,677 [INFO] ThirdParty:999 - CMSIS Pack Vendor :STMicroelectronics X-CUBE-GNSS1 7.0.1
2025-08-18 16:25:11,678 [INFO] ThirdParty:999 - CMSIS Pack Vendor :STMicroelectronics X-CUBE-TOUCHGFX 4.25.0
2025-08-18 16:25:11,678 [INFO] ThirdParty:999 - CMSIS Pack Vendor :STMicroelectronics X-CUBE-AI 10.1.0
2025-08-18 16:25:11,678 [INFO] ThirdParty:999 - CMSIS Pack Vendor :STMicroelectronics X-CUBE-ALGOBUILD 1.3.0
2025-08-18 16:25:11,678 [INFO] ThirdParty:999 - CMSIS Pack Vendor :STMicroelectronics X-CUBE-MEMS1 11.2.0
2025-08-18 16:25:11,678 [INFO] ThirdParty:999 - CMSIS Pack Vendor :STMicroelectronics X-CUBE-AZRTOS-G0 1.1.0
2025-08-18 16:25:11,678 [INFO] ThirdParty:999 - CMSIS Pack Vendor :STMicroelectronics X-CUBE-SAFEA1 1.2.2
2025-08-18 16:25:11,678 [INFO] ThirdParty:999 - CMSIS Pack Vendor :STMicroelectronics X-CUBE-NFC4 3.0.0
2025-08-18 16:25:11,678 [INFO] ThirdParty:999 - CMSIS Pack Vendor :STMicroelectronics X-CUBE-SUBG2 5.0.0
2025-08-18 16:25:11,678 [INFO] ThirdParty:999 - CMSIS Pack Vendor :STMicroelectronics X-CUBE-AZRTOS-H7RS 1.1.0
2025-08-18 16:25:11,678 [INFO] ThirdParty:999 - CMSIS Pack Vendor :STMicroelectronics STM32_WPAN 1.0.0
2025-08-18 16:25:11,678 [INFO] ThirdParty:999 - CMSIS Pack Vendor :STMicroelectronics lwIP 2.0.3
2025-08-18 16:25:11,678 [INFO] ThirdParty:999 - CMSIS Pack Vendor :STMicroelectronics USB_HOST 1.0.0
2025-08-18 16:25:11,678 [INFO] ThirdParty:999 - CMSIS Pack Vendor :STMicroelectronics X-CUBE-AZRTOS-G4 2.0.0
2025-08-18 16:25:11,678 [INFO] ThirdParty:999 - CMSIS Pack Vendor :STMicroelectronics X-CUBE-WB05N 2.0.0
2025-08-18 16:25:11,678 [INFO] ThirdParty:999 - CMSIS Pack Vendor :STMicroelectronics PDM2PCM 3.1.0
2025-08-18 16:25:11,678 [INFO] ThirdParty:999 - CMSIS Pack Vendor :Infineon AIROC-Wi-Fi-Bluetooth-STM32 1.5.1
2025-08-18 16:25:11,678 [INFO] ThirdParty:999 - CMSIS Pack Vendor :STMicroelectronics X-CUBE-BLEMGR 3.0.0
2025-08-18 16:25:11,678 [INFO] ThirdParty:999 - CMSIS Pack Vendor :STMicroelectronics X-CUBE-NFC7 2.0.0
2025-08-18 16:25:11,678 [INFO] ThirdParty:999 - CMSIS Pack Vendor :STMicroelectronics FP-SNS-MOTENVWB1 1.3.1
2025-08-18 16:25:11,678 [INFO] ThirdParty:999 - CMSIS Pack Vendor :STMicroelectronics FP-ATR-SIGFOX1 3.2.0
2025-08-18 16:25:11,678 [INFO] ThirdParty:999 - CMSIS Pack Vendor :STMicroelectronics X-CUBE-ISPU 2.0.0
2025-08-18 16:25:11,678 [INFO] ThirdParty:999 - CMSIS Pack Vendor :STMicroelectronics X-CUBE-EEPRMA1 5.1.0
2025-08-18 16:25:11,678 [INFO] ThirdParty:999 - CMSIS Pack Vendor :STMicroelectronics MBEDTLS 2.16.2
2025-08-18 16:25:11,678 [INFO] ThirdParty:999 - CMSIS Pack Vendor :STMicroelectronics X-CUBE-ALS 1.0.2
2025-08-18 16:25:11,678 [INFO] ThirdParty:999 - CMSIS Pack Vendor :STMicroelectronics X-CUBE-MEMS1 10.0.0
2025-08-18 16:25:11,678 [INFO] ThirdParty:999 - CMSIS Pack Vendor :STMicroelectronics X-CUBE-FREERTOS 1.1.0
2025-08-18 16:25:11,679 [INFO] ThirdParty:999 - CMSIS Pack Vendor :STMicroelectronics X-CUBE-TOUCHGFX 4.24.0
2025-08-18 16:25:11,679 [INFO] ThirdParty:999 - CMSIS Pack Vendor :portGmbH I-Cube-SoM-uGOAL 1.1.0
2025-08-18 16:25:11,679 [INFO] ThirdParty:999 - CMSIS Pack Vendor :STMicroelectronics X-CUBE-ALS 1.0.1
2025-08-18 16:25:11,679 [INFO] ThirdParty:999 - CMSIS Pack Vendor :STMicroelectronics X-CUBE-AI 10.2.0
2025-08-18 16:25:11,679 [INFO] ThirdParty:999 - CMSIS Pack Vendor :STMicroelectronics ThreadX 1.0.0
2025-08-18 16:25:11,679 [INFO] ThirdParty:999 - CMSIS Pack Vendor :SEGGER I-CUBE-embOS 1.3.1
2025-08-18 16:25:11,679 [INFO] ThirdParty:999 - CMSIS Pack Vendor :STMicroelectronics X-CUBE-ALGOBUILD 1.4.0
2025-08-18 16:25:11,679 [INFO] ThirdParty:999 - CMSIS Pack Vendor :STMicroelectronics X-CUBE-MEMS1 11.3.0
2025-08-18 16:25:11,679 [INFO] ThirdParty:999 - CMSIS Pack Vendor :STMicroelectronics X-CUBE-AZRTOS-H7RS 1.0.0
2025-08-18 16:25:11,679 [INFO] ThirdParty:999 - CMSIS Pack Vendor :STMicroelectronics FP-ATR-ASTRA1 2.0.0
2025-08-18 16:25:11,679 [INFO] ThirdParty:999 - CMSIS Pack Vendor :STMicroelectronics X-CUBE-TOF1 3.4.0
2025-08-18 16:25:11,679 [INFO] ThirdParty:999 - CMSIS Pack Vendor :STMicroelectronics X-CUBE-TOF1 3.4.1
2025-08-18 16:25:11,679 [INFO] ThirdParty:999 - CMSIS Pack Vendor :STMicroelectronics X-CUBE-AZRTOS-H7 3.2.0
2025-08-18 16:25:11,679 [INFO] ThirdParty:999 - CMSIS Pack Vendor :wolfSSL I-CUBE-wolfSSH 1.4.17
2025-08-18 16:25:11,679 [INFO] ThirdParty:815 - exiting critical section [change project]
2025-08-18 16:25:12,144 [INFO] PinOutPanel:1477 - setPackage(No Configuration,No Configuration)
2025-08-18 16:25:12,145 [INFO] PinOutPanel:1477 - setPackage(STM32F446RETx,LQFP64)
2025-08-18 16:25:12,892 [INFO] UtilMem:74 - Before build in PCC Used Memory: 760345024 Bytes (858783744)
2025-08-18 16:25:13,787 [INFO] UtilMem:74 - After build in PCC Used Memory: 700811792 Bytes (858783744)
2025-08-18 16:25:13,815 [INFO] IPUIPlugin:79 - create IPUIPlugin
2025-08-18 16:25:13,815 [INFO] IPUIPlugin:79 - create IPUIPlugin
2025-08-18 16:25:13,815 [INFO] IPUIPlugin:79 - create IPUIPlugin
2025-08-18 16:25:13,815 [INFO] IPUIPlugin:79 - create IPUIPlugin
2025-08-18 16:25:13,815 [INFO] IPUIPlugin:79 - create IPUIPlugin
2025-08-18 16:25:13,815 [INFO] IPUIPlugin:79 - create IPUIPlugin
2025-08-18 16:25:13,816 [INFO] IPUIPlugin:79 - create IPUIPlugin
2025-08-18 16:25:13,816 [INFO] IPUIPlugin:79 - create IPUIPlugin
2025-08-18 16:25:13,816 [INFO] IPUIPlugin:79 - create IPUIPlugin
2025-08-18 16:25:13,816 [INFO] IPUIPlugin:79 - create IPUIPlugin
2025-08-18 16:25:13,816 [INFO] IPUIPlugin:79 - create IPUIPlugin
2025-08-18 16:25:13,816 [INFO] IPUIPlugin:79 - create IPUIPlugin
2025-08-18 16:25:13,816 [INFO] IPUIPlugin:79 - create IPUIPlugin
2025-08-18 16:25:13,816 [INFO] IPUIPlugin:79 - create IPUIPlugin
2025-08-18 16:25:13,817 [INFO] IPUIPlugin:79 - create IPUIPlugin
2025-08-18 16:25:13,817 [INFO] IPUIPlugin:79 - create IPUIPlugin
2025-08-18 16:25:13,817 [INFO] IPUIPlugin:79 - create IPUIPlugin
2025-08-18 16:25:13,817 [INFO] IPUIPlugin:79 - create IPUIPlugin
2025-08-18 16:25:13,817 [INFO] IPUIPlugin:79 - create IPUIPlugin
2025-08-18 16:25:13,817 [INFO] IPUIPlugin:79 - create IPUIPlugin
2025-08-18 16:25:13,817 [INFO] IPUIPlugin:79 - create IPUIPlugin
2025-08-18 16:25:13,818 [INFO] IPUIPlugin:79 - create IPUIPlugin
2025-08-18 16:25:13,818 [INFO] IPUIPlugin:79 - create IPUIPlugin
2025-08-18 16:25:13,818 [INFO] IPUIPlugin:79 - create IPUIPlugin
2025-08-18 16:25:13,818 [INFO] IPUIPlugin:79 - create IPUIPlugin
2025-08-18 16:25:13,818 [INFO] IPUIPlugin:79 - create IPUIPlugin
2025-08-18 16:25:13,819 [INFO] IPUIPlugin:79 - create IPUIPlugin
2025-08-18 16:25:13,819 [INFO] IPUIPlugin:79 - create IPUIPlugin
2025-08-18 16:25:13,819 [INFO] IPUIPlugin:79 - create IPUIPlugin
2025-08-18 16:25:13,819 [INFO] IPUIPlugin:79 - create IPUIPlugin
2025-08-18 16:25:13,819 [INFO] IPUIPlugin:79 - create IPUIPlugin
2025-08-18 16:25:13,820 [INFO] IPUIPlugin:79 - create IPUIPlugin
2025-08-18 16:25:13,820 [INFO] IPUIPlugin:79 - create IPUIPlugin
2025-08-18 16:25:13,820 [INFO] IPUIPlugin:79 - create IPUIPlugin
2025-08-18 16:25:13,820 [INFO] IPUIPlugin:79 - create IPUIPlugin
2025-08-18 16:25:13,820 [INFO] IPUIPlugin:79 - create IPUIPlugin
2025-08-18 16:25:13,820 [INFO] IPUIPlugin:79 - create IPUIPlugin
2025-08-18 16:25:13,821 [INFO] IPUIPlugin:79 - create IPUIPlugin
2025-08-18 16:25:13,821 [INFO] IPUIPlugin:79 - create IPUIPlugin
2025-08-18 16:25:13,821 [INFO] IPUIPlugin:79 - create IPUIPlugin
2025-08-18 16:25:13,821 [INFO] IPUIPlugin:79 - create IPUIPlugin
2025-08-18 16:25:13,821 [INFO] IPUIPlugin:79 - create IPUIPlugin
2025-08-18 16:25:13,821 [INFO] IPUIPlugin:79 - create IPUIPlugin
2025-08-18 16:25:13,821 [INFO] IPUIPlugin:79 - create IPUIPlugin
2025-08-18 16:25:13,821 [INFO] IPUIPlugin:79 - create IPUIPlugin
2025-08-18 16:25:13,821 [INFO] IPUIPlugin:79 - create IPUIPlugin
2025-08-18 16:25:13,821 [INFO] IPUIPlugin:79 - create IPUIPlugin
2025-08-18 16:25:13,822 [INFO] IPUIPlugin:79 - create IPUIPlugin
2025-08-18 16:25:13,822 [INFO] IPUIPlugin:79 - create IPUIPlugin
2025-08-18 16:25:13,822 [INFO] IPUIPlugin:79 - create IPUIPlugin
2025-08-18 16:25:13,822 [INFO] IPUIPlugin:79 - create IPUIPlugin
2025-08-18 16:25:13,822 [INFO] IPUIPlugin:79 - create IPUIPlugin
2025-08-18 16:25:13,822 [INFO] IPUIPlugin:79 - create IPUIPlugin
2025-08-18 16:25:13,823 [INFO] IPUIPlugin:79 - create IPUIPlugin
2025-08-18 16:25:13,823 [INFO] IPUIPlugin:79 - create IPUIPlugin
2025-08-18 16:25:13,823 [INFO] IPUIPlugin:79 - create IPUIPlugin
2025-08-18 16:25:13,823 [INFO] IPUIPlugin:79 - create IPUIPlugin
2025-08-18 16:25:13,824 [INFO] IPUIPlugin:79 - create IPUIPlugin
2025-08-18 16:25:13,825 [INFO] IPUIPlugin:79 - create IPUIPlugin
2025-08-18 16:25:13,825 [INFO] IPUIPlugin:79 - create IPUIPlugin
2025-08-18 16:25:13,873 [INFO] ApiDbMcu:505 - Load IP Config File for PDM2PCM
2025-08-18 16:25:14,157 [INFO] CADModel:164 - CPN selected for project levelSTM32F446RET6
2025-08-18 16:25:14,158 [INFO] CADModel:113 - Register for checkConnection events
2025-08-18 16:25:14,219 [INFO] OpenFileManager:327 - Restore cursor
2025-08-18 16:26:18,810 [INFO] UtilMem:74 - End SaveConfig() Used Memory: 739544720 Bytes (858783744)
2025-08-18 16:26:18,912 [INFO] UtilMem:74 - End SaveConfig() Used Memory: 720834672 Bytes (858783744)
2025-08-18 16:26:19,295 [INFO] UtilMem:74 - End SaveConfig() Used Memory: 722666480 Bytes (858783744)
2025-08-18 16:26:20,043 [INFO] BlockDiagram:2759 - set Specific Code input for plugin: SYS
2025-08-18 16:26:20,043 [INFO] BlockDiagram:2759 - set Specific Code input for plugin: RCC
2025-08-18 16:26:20,043 [INFO] BlockDiagram:2759 - set Specific Code input for plugin: NVIC
2025-08-18 16:26:20,043 [INFO] BlockDiagram:2759 - set Specific Code input for plugin: USART
2025-08-18 16:26:20,044 [INFO] BlockDiagram:2759 - set Specific Code input for plugin: GPIO
2025-08-18 16:26:20,045 [INFO] CodeGenerator:692 - code generatio: config db path: /opt/st/stm32cubeide_1.11.0/plugins/com.st.stm32cube.common.mx_6.7.0.202211181646//db/
2025-08-18 16:26:20,583 [INFO] CodeEngine:247 - oldGeneratedFile, /home/boobathi/new_stm32_workspace/3-PIn-NTC/MXTmpFiles/license.tmp_save
2025-08-18 16:26:21,033 [INFO] CodeEngine:271 - Generated code: /home/boobathi/new_stm32_workspace/3-PIn-NTC/MXTmpFiles/license.tmp
2025-08-18 16:26:21,149 [INFO] CodeEngine:247 - oldGeneratedFile, /home/boobathi/new_stm32_workspace/3-PIn-NTC/MXTmpFiles/gpio.tmp_save
2025-08-18 16:26:21,294 [INFO] CodeEngine:271 - Generated code: /home/boobathi/new_stm32_workspace/3-PIn-NTC/MXTmpFiles/gpio.tmp
2025-08-18 16:26:21,365 [INFO] CodeEngine:247 - oldGeneratedFile, /home/boobathi/new_stm32_workspace/3-PIn-NTC/Core/Src/stm32f4xx_it.c_save
2025-08-18 16:26:21,510 [INFO] CodeEngine:271 - Generated code: /home/boobathi/new_stm32_workspace/3-PIn-NTC/Core/Src/stm32f4xx_it.c
2025-08-18 16:26:21,512 [INFO] CodeEngine:247 - oldGeneratedFile, /home/boobathi/new_stm32_workspace/3-PIn-NTC/Core/Inc/stm32f4xx_it.h_save
2025-08-18 16:26:21,580 [INFO] CodeEngine:271 - Generated code: /home/boobathi/new_stm32_workspace/3-PIn-NTC/Core/Inc/stm32f4xx_it.h
2025-08-18 16:26:21,584 [INFO] CodeEngine:247 - oldGeneratedFile, /home/boobathi/new_stm32_workspace/3-PIn-NTC/Core/Src/stm32f4xx_hal_msp.c_save
2025-08-18 16:26:21,740 [INFO] CodeEngine:271 - Generated code: /home/boobathi/new_stm32_workspace/3-PIn-NTC/Core/Src/stm32f4xx_hal_msp.c
2025-08-18 16:26:21,741 [INFO] CodeEngine:247 - oldGeneratedFile, /home/boobathi/new_stm32_workspace/3-PIn-NTC/MXTmpFiles/system.tmp_save
2025-08-18 16:26:21,814 [INFO] CodeEngine:271 - Generated code: /home/boobathi/new_stm32_workspace/3-PIn-NTC/MXTmpFiles/system.tmp
2025-08-18 16:26:21,817 [INFO] CodeEngine:303 - oldGeneratedFile, /home/boobathi/new_stm32_workspace/3-PIn-NTC/Core/Inc/stm32f4xx_hal_conf.h_save
2025-08-18 16:26:21,897 [INFO] CodeEngine:327 - Generated code: /home/boobathi/new_stm32_workspace/3-PIn-NTC/Core/Inc/stm32f4xx_hal_conf.h
2025-08-18 16:26:21,931 [WARN] IPConfigManager:2928 - Warning: the RefConfig PLL2P_FOR_MCO is not available in your config.xml file
2025-08-18 16:26:21,943 [INFO] CodeEngine:247 - oldGeneratedFile, /home/boobathi/new_stm32_workspace/3-PIn-NTC/Core/Inc/main.h_save
2025-08-18 16:26:22,081 [INFO] CodeEngine:271 - Generated code: /home/boobathi/new_stm32_workspace/3-PIn-NTC/Core/Inc/main.h
2025-08-18 16:26:22,082 [INFO] CodeEngine:247 - oldGeneratedFile, /home/boobathi/new_stm32_workspace/3-PIn-NTC/Core/Src/main.c_save
2025-08-18 16:26:22,294 [INFO] CodeEngine:271 - Generated code: /home/boobathi/new_stm32_workspace/3-PIn-NTC/Core/Src/main.c
2025-08-18 16:26:23,139 [INFO] ProjectBuilder:2919 - Time for Copy HAL[1] : 54mS.
2025-08-18 16:26:23,154 [INFO] ProjectBuilder:4183 - Project Generator version: 3.18.0-B7
2025-08-18 16:26:23,552 [INFO] ConfigFileManager:1396 - The Die is : DIE421
2025-08-18 16:26:23,558 [INFO] ApiDbMcu:505 - Load IP Config File for FATFS
2025-08-18 16:26:23,562 [INFO] ApiDbMcu:505 - Load IP Config File for FREERTOS
2025-08-18 16:26:23,564 [INFO] ApiDbMcu:505 - Load IP Config File for LIBJPEG
2025-08-18 16:26:23,570 [INFO] ApiDbMcu:505 - Load IP Config File for MBEDTLS
2025-08-18 16:26:23,606 [INFO] ApiDbMcu:505 - Load IP Config File for USB_DEVICE
2025-08-18 16:26:23,611 [INFO] ApiDbMcu:505 - Load IP Config File for USB_HOST
2025-08-18 16:26:25,638 [INFO] ProjectBuilder:4351 - Time for Generating toolchain IDE Files: 2483mS.
2025-08-18 16:26:25,641 [INFO] ProjectBuilder:2790 - Time for Copy CMSIS : 2mS.
2025-08-18 16:26:25,642 [INFO] ProjectBuilder:2790 - Time for Copy CMSIS : 0mS.
2025-08-18 16:29:23,136 [INFO] UtilMem:74 - End SaveConfig() Used Memory: 880745000 Bytes (1073741824)
2025-08-18 16:29:23,223 [INFO] UtilMem:74 - End SaveConfig() Used Memory: 901190184 Bytes (1073741824)
2025-08-18 16:29:23,563 [INFO] UtilMem:74 - End SaveConfig() Used Memory: 692797880 Bytes (1073741824)
2025-08-18 16:29:23,787 [INFO] BlockDiagram:2759 - set Specific Code input for plugin: SYS
2025-08-18 16:29:23,787 [INFO] BlockDiagram:2759 - set Specific Code input for plugin: RCC
2025-08-18 16:29:23,787 [INFO] BlockDiagram:2759 - set Specific Code input for plugin: NVIC
2025-08-18 16:29:23,787 [INFO] BlockDiagram:2759 - set Specific Code input for plugin: USART
2025-08-18 16:29:23,788 [INFO] BlockDiagram:2759 - set Specific Code input for plugin: GPIO
2025-08-18 16:29:23,788 [INFO] CodeGenerator:692 - code generatio: config db path: /opt/st/stm32cubeide_1.11.0/plugins/com.st.stm32cube.common.mx_6.7.0.202211181646//db/
2025-08-18 16:29:24,036 [INFO] CodeEngine:247 - oldGeneratedFile, /home/boobathi/new_stm32_workspace/3-PIn-NTC/MXTmpFiles/license.tmp_save
2025-08-18 16:29:24,175 [INFO] CodeEngine:271 - Generated code: /home/boobathi/new_stm32_workspace/3-PIn-NTC/MXTmpFiles/license.tmp
2025-08-18 16:29:24,222 [INFO] CodeEngine:247 - oldGeneratedFile, /home/boobathi/new_stm32_workspace/3-PIn-NTC/MXTmpFiles/gpio.tmp_save
2025-08-18 16:29:24,294 [INFO] CodeEngine:271 - Generated code: /home/boobathi/new_stm32_workspace/3-PIn-NTC/MXTmpFiles/gpio.tmp
2025-08-18 16:29:24,344 [INFO] CodeEngine:247 - oldGeneratedFile, /home/boobathi/new_stm32_workspace/3-PIn-NTC/Core/Src/stm32f4xx_it.c_save
2025-08-18 16:29:24,711 [INFO] CodeEngine:271 - Generated code: /home/boobathi/new_stm32_workspace/3-PIn-NTC/Core/Src/stm32f4xx_it.c
2025-08-18 16:29:24,715 [INFO] CodeEngine:247 - oldGeneratedFile, /home/boobathi/new_stm32_workspace/3-PIn-NTC/Core/Inc/stm32f4xx_it.h_save
2025-08-18 16:29:24,806 [INFO] CodeEngine:271 - Generated code: /home/boobathi/new_stm32_workspace/3-PIn-NTC/Core/Inc/stm32f4xx_it.h
2025-08-18 16:29:24,809 [INFO] CodeEngine:247 - oldGeneratedFile, /home/boobathi/new_stm32_workspace/3-PIn-NTC/Core/Src/stm32f4xx_hal_msp.c_save
2025-08-18 16:29:24,930 [INFO] CodeEngine:271 - Generated code: /home/boobathi/new_stm32_workspace/3-PIn-NTC/Core/Src/stm32f4xx_hal_msp.c
2025-08-18 16:29:24,932 [INFO] CodeEngine:247 - oldGeneratedFile, /home/boobathi/new_stm32_workspace/3-PIn-NTC/MXTmpFiles/system.tmp_save
2025-08-18 16:29:24,993 [INFO] CodeEngine:271 - Generated code: /home/boobathi/new_stm32_workspace/3-PIn-NTC/MXTmpFiles/system.tmp
2025-08-18 16:29:24,995 [INFO] CodeEngine:303 - oldGeneratedFile, /home/boobathi/new_stm32_workspace/3-PIn-NTC/Core/Inc/stm32f4xx_hal_conf.h_save
2025-08-18 16:29:25,145 [INFO] CodeEngine:327 - Generated code: /home/boobathi/new_stm32_workspace/3-PIn-NTC/Core/Inc/stm32f4xx_hal_conf.h
2025-08-18 16:29:25,167 [WARN] IPConfigManager:2928 - Warning: the RefConfig PLL2P_FOR_MCO is not available in your config.xml file
2025-08-18 16:29:25,173 [INFO] CodeEngine:247 - oldGeneratedFile, /home/boobathi/new_stm32_workspace/3-PIn-NTC/Core/Inc/main.h_save
2025-08-18 16:29:25,266 [INFO] CodeEngine:271 - Generated code: /home/boobathi/new_stm32_workspace/3-PIn-NTC/Core/Inc/main.h
2025-08-18 16:29:25,268 [INFO] CodeEngine:247 - oldGeneratedFile, /home/boobathi/new_stm32_workspace/3-PIn-NTC/Core/Src/main.c_save
2025-08-18 16:29:25,386 [INFO] CodeEngine:271 - Generated code: /home/boobathi/new_stm32_workspace/3-PIn-NTC/Core/Src/main.c
2025-08-18 16:29:25,965 [INFO] ProjectBuilder:2919 - Time for Copy HAL[1] : 27mS.
2025-08-18 16:29:25,966 [INFO] ProjectBuilder:4183 - Project Generator version: 3.18.0-B7
2025-08-18 16:29:26,368 [INFO] ConfigFileManager:1396 - The Die is : DIE421
2025-08-18 16:29:27,985 [INFO] ProjectBuilder:4351 - Time for Generating toolchain IDE Files: 2019mS.
2025-08-18 16:29:27,986 [INFO] ProjectBuilder:2790 - Time for Copy CMSIS : 0mS.
2025-08-18 16:29:27,986 [INFO] ProjectBuilder:2790 - Time for Copy CMSIS : 0mS.
2025-08-18 16:37:44,264 [INFO] ADCParametersView:113 -                Rank 1 : false
2025-08-18 16:37:44,361 [INFO] ADCParametersView:113 -                Rank 1 : false
2025-08-18 16:37:44,361 [INFO] ADCParametersView:113 -                Rank 1 : false
2025-08-18 16:37:44,361 [INFO] ADCParametersView:113 -                Rank 1 : false
2025-08-18 16:37:44,362 [INFO] ADCParametersView:113 -                Rank 1 : false
2025-08-18 16:37:44,362 [INFO] ADCParametersView:113 -                Rank 1 : false
2025-08-18 16:37:44,362 [INFO] ADCParametersView:113 -                Rank 1 : false
2025-08-18 16:37:44,362 [INFO] ADCParametersView:113 -                Rank 1 : false
2025-08-18 16:37:44,363 [INFO] ADCParametersView:113 -                Rank 1 : false
2025-08-18 16:37:44,363 [INFO] ADCParametersView:113 -                Rank 1 : false
2025-08-18 16:37:44,363 [INFO] ADCParametersView:113 -                Rank 1 : false
2025-08-18 16:37:44,363 [INFO] ADCParametersView:113 -                Rank 1 : false
2025-08-18 16:37:44,364 [INFO] ADCParametersView:113 -                Rank 1 : false
2025-08-18 16:37:44,364 [INFO] ADCParametersView:113 -                Rank 1 : false
2025-08-18 16:37:44,364 [INFO] ADCParametersView:113 -                Rank 1 : false
2025-08-18 16:37:44,380 [INFO] ADCParametersView:113 -                Rank 1 : false
2025-08-18 16:37:44,575 [INFO] NvicIntPanel:100 - NVIC parent = com.st.microxplorer.plugins.ip.nvic.MultiNvicIntPanel[,0,0,0x0,invalid,layout=javax.swing.BoxLayout,alignmentX=0.0,alignmentY=0.0,border=,flags=9,maximumSize=,minimumSize=,preferredSize=]
2025-08-18 16:37:44,744 [INFO] NvicIntPanel:100 - NVIC parent = com.st.microxplorer.plugins.ip.nvic.MultiNvicIntPanel[,0,0,0x0,invalid,layout=javax.swing.BoxLayout,alignmentX=0.0,alignmentY=0.0,border=,flags=9,maximumSize=,minimumSize=,preferredSize=]
2025-08-18 16:37:44,887 [INFO] NvicIntPanel:100 - NVIC parent = com.st.microxplorer.plugins.ip.nvic.MultiNvicIntPanel[,0,0,0x0,invalid,layout=javax.swing.BoxLayout,alignmentX=0.0,alignmentY=0.0,border=,flags=9,maximumSize=,minimumSize=,preferredSize=]
2025-08-18 16:37:45,077 [INFO] ADCParametersView:113 -                Rank 1 : false
2025-08-18 16:37:45,077 [INFO] ADCParametersView:113 -                Rank 1 : false
2025-08-18 16:37:45,077 [INFO] ADCParametersView:113 -                Rank 1 : false
2025-08-18 16:37:45,077 [INFO] ADCParametersView:113 -                Rank 1 : false
2025-08-18 16:37:45,077 [INFO] ADCParametersView:113 -                Rank 1 : false
2025-08-18 16:37:45,078 [INFO] ADCParametersView:113 -                Rank 1 : false
2025-08-18 16:37:45,078 [INFO] ADCParametersView:113 -                Rank 1 : false
2025-08-18 16:37:45,078 [INFO] ADCParametersView:113 -                Rank 1 : false
2025-08-18 16:37:45,078 [INFO] ADCParametersView:113 -                Rank 1 : false
2025-08-18 16:37:45,078 [INFO] ADCParametersView:113 -                Rank 1 : false
2025-08-18 16:37:45,078 [INFO] ADCParametersView:113 -                Rank 1 : false
2025-08-18 16:37:45,078 [INFO] ADCParametersView:113 -                Rank 1 : false
2025-08-18 16:37:45,078 [INFO] ADCParametersView:113 -                Rank 1 : false
2025-08-18 16:37:45,078 [INFO] ADCParametersView:113 -                Rank 1 : false
2025-08-18 16:37:45,123 [INFO] ADCParametersView:113 -                Rank 1 : false
2025-08-18 16:37:45,179 [INFO] ADCParametersView:113 -                Rank 1 : false
2025-08-18 16:37:45,179 [INFO] ADCParametersView:113 -                Rank 1 : false
2025-08-18 16:37:45,179 [INFO] ADCParametersView:113 -                Rank 1 : false
2025-08-18 16:37:45,179 [INFO] ADCParametersView:113 -                Rank 1 : false
2025-08-18 16:37:45,179 [INFO] ADCParametersView:113 -                Rank 1 : false
2025-08-18 16:37:45,179 [INFO] ADCParametersView:113 -                Rank 1 : false
2025-08-18 16:37:45,180 [INFO] ADCParametersView:113 -                Rank 1 : false
2025-08-18 16:37:45,180 [INFO] ADCParametersView:113 -                Rank 1 : false
2025-08-18 16:37:45,180 [INFO] ADCParametersView:113 -                Rank 1 : false
2025-08-18 16:37:45,180 [INFO] ADCParametersView:113 -                Rank 1 : false
2025-08-18 16:37:45,180 [INFO] ADCParametersView:113 -                Rank 1 : false
2025-08-18 16:37:45,180 [INFO] ADCParametersView:113 -                Rank 1 : false
2025-08-18 16:37:45,180 [INFO] ADCParametersView:113 -                Rank 1 : false
2025-08-18 16:37:45,180 [INFO] ADCParametersView:113 -                Rank 1 : false
2025-08-18 16:37:45,227 [INFO] ADCParametersView:113 -                Rank 1 : false
2025-08-18 16:38:06,451 [INFO] UtilMem:74 - End SaveConfig() Used Memory: 748136840 Bytes (1073741824)
2025-08-18 16:38:06,542 [INFO] UtilMem:74 - End SaveConfig() Used Memory: 770156936 Bytes (1073741824)
2025-08-18 16:38:06,883 [INFO] UtilMem:74 - End SaveConfig() Used Memory: 808954584 Bytes (1073741824)
2025-08-18 16:38:07,143 [INFO] BlockDiagram:2759 - set Specific Code input for plugin: SYS
2025-08-18 16:38:07,143 [INFO] BlockDiagram:2759 - set Specific Code input for plugin: ADC
2025-08-18 16:38:07,143 [INFO] BlockDiagram:2759 - set Specific Code input for plugin: RCC
2025-08-18 16:38:07,143 [INFO] BlockDiagram:2759 - set Specific Code input for plugin: NVIC
2025-08-18 16:38:07,143 [INFO] BlockDiagram:2759 - set Specific Code input for plugin: USART
2025-08-18 16:38:07,143 [INFO] BlockDiagram:2759 - set Specific Code input for plugin: GPIO
2025-08-18 16:38:07,144 [INFO] CodeGenerator:692 - code generatio: config db path: /opt/st/stm32cubeide_1.11.0/plugins/com.st.stm32cube.common.mx_6.7.0.202211181646//db/
2025-08-18 16:38:07,364 [INFO] CodeEngine:247 - oldGeneratedFile, /home/boobathi/new_stm32_workspace/3-PIn-NTC/MXTmpFiles/license.tmp_save
2025-08-18 16:38:07,458 [INFO] CodeEngine:271 - Generated code: /home/boobathi/new_stm32_workspace/3-PIn-NTC/MXTmpFiles/license.tmp
2025-08-18 16:38:07,472 [INFO] CodeEngine:247 - oldGeneratedFile, /home/boobathi/new_stm32_workspace/3-PIn-NTC/MXTmpFiles/gpio.tmp_save
2025-08-18 16:38:07,553 [INFO] CodeEngine:271 - Generated code: /home/boobathi/new_stm32_workspace/3-PIn-NTC/MXTmpFiles/gpio.tmp
2025-08-18 16:38:07,700 [INFO] CodeEngine:247 - oldGeneratedFile, /home/boobathi/new_stm32_workspace/3-PIn-NTC/Core/Src/stm32f4xx_it.c_save
2025-08-18 16:38:07,873 [INFO] CodeEngine:271 - Generated code: /home/boobathi/new_stm32_workspace/3-PIn-NTC/Core/Src/stm32f4xx_it.c
2025-08-18 16:38:07,875 [INFO] CodeEngine:247 - oldGeneratedFile, /home/boobathi/new_stm32_workspace/3-PIn-NTC/Core/Inc/stm32f4xx_it.h_save
2025-08-18 16:38:07,955 [INFO] CodeEngine:271 - Generated code: /home/boobathi/new_stm32_workspace/3-PIn-NTC/Core/Inc/stm32f4xx_it.h
2025-08-18 16:38:07,958 [INFO] CodeEngine:247 - oldGeneratedFile, /home/boobathi/new_stm32_workspace/3-PIn-NTC/Core/Src/stm32f4xx_hal_msp.c_save
2025-08-18 16:38:08,120 [INFO] CodeEngine:271 - Generated code: /home/boobathi/new_stm32_workspace/3-PIn-NTC/Core/Src/stm32f4xx_hal_msp.c
2025-08-18 16:38:08,122 [INFO] CodeEngine:247 - oldGeneratedFile, /home/boobathi/new_stm32_workspace/3-PIn-NTC/MXTmpFiles/system.tmp_save
2025-08-18 16:38:08,203 [INFO] CodeEngine:271 - Generated code: /home/boobathi/new_stm32_workspace/3-PIn-NTC/MXTmpFiles/system.tmp
2025-08-18 16:38:08,205 [INFO] CodeEngine:303 - oldGeneratedFile, /home/boobathi/new_stm32_workspace/3-PIn-NTC/Core/Inc/stm32f4xx_hal_conf.h_save
2025-08-18 16:38:08,288 [INFO] CodeEngine:327 - Generated code: /home/boobathi/new_stm32_workspace/3-PIn-NTC/Core/Inc/stm32f4xx_hal_conf.h
2025-08-18 16:38:08,305 [WARN] IPConfigManager:2928 - Warning: the RefConfig PLL2P_FOR_MCO is not available in your config.xml file
2025-08-18 16:38:08,313 [INFO] CodeEngine:247 - oldGeneratedFile, /home/boobathi/new_stm32_workspace/3-PIn-NTC/Core/Inc/main.h_save
2025-08-18 16:38:08,407 [INFO] CodeEngine:271 - Generated code: /home/boobathi/new_stm32_workspace/3-PIn-NTC/Core/Inc/main.h
2025-08-18 16:38:08,409 [INFO] CodeEngine:247 - oldGeneratedFile, /home/boobathi/new_stm32_workspace/3-PIn-NTC/Core/Src/main.c_save
2025-08-18 16:38:08,538 [INFO] CodeEngine:271 - Generated code: /home/boobathi/new_stm32_workspace/3-PIn-NTC/Core/Src/main.c
2025-08-18 16:38:09,106 [INFO] ProjectBuilder:2919 - Time for Copy HAL[1] : 31mS.
2025-08-18 16:38:09,108 [INFO] ProjectBuilder:4183 - Project Generator version: 3.18.0-B7
2025-08-18 16:38:09,500 [INFO] ConfigFileManager:1396 - The Die is : DIE421
2025-08-18 16:38:11,050 [INFO] ProjectBuilder:4351 - Time for Generating toolchain IDE Files: 1942mS.
2025-08-18 16:38:11,050 [INFO] ProjectBuilder:2790 - Time for Copy CMSIS : 0mS.
2025-08-18 16:38:11,051 [INFO] ProjectBuilder:2790 - Time for Copy CMSIS : 0mS.
